0, 0 %, 0 MiB, 21.11 W;1, 0 %, 0 MiB, 23.61 W;2, 0 %, 0 MiB, 11.86 W;3, 0 %, 0 MiB, 7.30 W; @1786712548
0, 0 %, 0 MiB, 21.60 W;1, 0 %, 0 MiB, 23.39 W;2, 0 %, 0 MiB, 12.05 W;3, 0 %, 0 MiB, 9.00 W; @1786712551
0, 0 %, 0 MiB, 21.31 W;1, 0 %, 0 MiB, 23.66 W;2, 0 %, 0 MiB, 11.93 W;3, 0 %, 0 MiB, 8.56 W; @1786712554
0, 0 %, 0 MiB, 21.41 W;1, 0 %, 0 MiB, 23.47 W;2, 0 %, 0 MiB, 12.25 W;3, 0 %, 0 MiB, 8.02 W; @1786712557
0, 0 %, 0 MiB, 21.49 W;1, 0 %, 0 MiB, 23.69 W;2, 0 %, 0 MiB, 11.97 W;3, 0 %, 0 MiB, 7.45 W; @1786712560
0, 0 %, 0 MiB, 21.65 W;1, 0 %, 0 MiB, 23.10 W;2, 0 %, 0 MiB, 12.02 W;3, 0 %, 0 MiB, 7.32 W; @1786712563
0, 0 %, 0 MiB, 21.98 W;1, 0 %, 0 MiB, 23.22 W;2, 0 %, 0 MiB, 12.13 W;3, 0 %, 0 MiB, 8.58 W; @1786712566
0, 0 %, 3 MiB, 21.68 W;1, 0 %, 3 MiB, 23.78 W;2, 0 %, 3 MiB, 12.33 W;3, 0 %, 3 MiB, 8.81 W; @1786712570
0, 0 %, 3 MiB, 22.01 W;1, 0 %, 3 MiB, 24.59 W;2, 0 %, 3 MiB, 12.56 W;3, 0 %, 3 MiB, 7.76 W; @1786712573
0, 0 %, 3 MiB, 21.59 W;1, 0 %, 3 MiB, 23.80 W;2, 0 %, 3 MiB, 12.06 W;3, 0 %, 3 MiB, 7.04 W; @1786712576
0, 0 %, 3 MiB, 21.81 W;1, 0 %, 3 MiB, 23.62 W;2, 0 %, 3 MiB, 12.33 W;3, 0 %, 3 MiB, 7.94 W; @1786712579
0, 0 %, 3 MiB, 22.09 W;1, 0 %, 3 MiB, 23.16 W;2, 0 %, 3 MiB, 11.98 W;3, 0 %, 3 MiB, 8.35 W; @1786712582
0, 0 %, 3 MiB, 21.64 W;1, 0 %, 3 MiB, 23.75 W;2, 0 %, 3 MiB, 11.84 W;3, 0 %, 3 MiB, 8.47 W; @1786712585
0, 0 %, 3 MiB, 21.57 W;1, 0 %, 3 MiB, 23.50 W;2, 0 %, 3 MiB, 11.93 W;3, 0 %, 3 MiB, 7.18 W; @1786712589
0, 0 %, 3 MiB, 21.48 W;1, 0 %, 3 MiB, 23.61 W;2, 0 %, 3 MiB, 12.10 W;3, 0 %, 3 MiB, 7.54 W; @1786712592
0, 0 %, 3 MiB, 21.91 W;1, 0 %, 3 MiB, 23.64 W;2, 0 %, 3 MiB, 12.04 W;3, 0 %, 3 MiB, 8.61 W; @1786712595
0, 0 %, 3 MiB, 21.66 W;1, 0 %, 3 MiB, 23.44 W;2, 0 %, 3 MiB, 12.07 W;3, 0 %, 3 MiB, 8.55 W; @1786712598
0, 0 %, 3 MiB, 21.59 W;1, 0 %, 3 MiB, 23.47 W;2, 0 %, 3 MiB, 12.32 W;3, 0 %, 3 MiB, 6.98 W; @1786712601
0, 0 %, 3 MiB, 21.11 W;1, 0 %, 3 MiB, 23.54 W;2, 0 %, 3 MiB, 12.06 W;3, 0 %, 3 MiB, 7.07 W; @1786712605
0, 0 %, 3 MiB, 21.59 W;1, 0 %, 3 MiB, 23.13 W;2, 0 %, 3 MiB, 11.92 W;3, 0 %, 3 MiB, 7.35 W; @1786712608
0, 0 %, 3 MiB, 21.72 W;1, 0 %, 3 MiB, 23.35 W;2, 0 %, 3 MiB, 12.13 W;3, 0 %, 3 MiB, 8.75 W; @1786712611
0, 0 %, 3 MiB, 21.75 W;1, 0 %, 3 MiB, 23.44 W;2, 0 %, 3 MiB, 11.89 W;3, 0 %, 3 MiB, 8.79 W; @1786712614
0, 0 %, 3 MiB, 22.20 W;1, 0 %, 3 MiB, 23.29 W;2, 0 %, 3 MiB, 12.61 W;3, 0 %, 3 MiB, 8.06 W; @1786712617
0, 0 %, 3 MiB, 21.69 W;1, 0 %, 3 MiB, 22.91 W;2, 0 %, 3 MiB, 11.87 W;3, 0 %, 3 MiB, 7.63 W; @1786712620
0, 0 %, 3 MiB, 21.96 W;1, 0 %, 3 MiB, 23.85 W;2, 0 %, 3 MiB, 12.04 W;3, 0 %, 3 MiB, 7.91 W; @1786712624
0, 0 %, 3 MiB, 21.72 W;1, 0 %, 3 MiB, 23.70 W;2, 0 %, 3 MiB, 12.19 W;3, 0 %, 3 MiB, 8.50 W; @1786712627
0, 0 %, 3 MiB, 21.95 W;1, 0 %, 3 MiB, 23.13 W;2, 0 %, 3 MiB, 12.06 W;3, 0 %, 3 MiB, 8.53 W; @1786712630
0, 0 %, 3 MiB, 22.24 W;1, 0 %, 3 MiB, 23.47 W;2, 0 %, 3 MiB, 12.30 W;3, 0 %, 3 MiB, 7.22 W; @1786712633
0, 0 %, 3 MiB, 22.11 W;1, 0 %, 3 MiB, 22.45 W;2, 0 %, 3 MiB, 12.16 W;3, 0 %, 3 MiB, 7.37 W; @1786712636
0, 0 %, 3 MiB, 22.08 W;1, 0 %, 3 MiB, 23.14 W;2, 0 %, 3 MiB, 12.50 W;3, 0 %, 3 MiB, 8.27 W; @1786712640
0, 0 %, 3 MiB, 21.62 W;1, 0 %, 3 MiB, 23.02 W;2, 0 %, 3 MiB, 12.27 W;3, 0 %, 3 MiB, 8.46 W; @1786712643
0, 0 %, 3 MiB, 21.59 W;1, 0 %, 3 MiB, 23.40 W;2, 0 %, 3 MiB, 12.41 W;3, 0 %, 3 MiB, 7.89 W; @1786712646
0, 0 %, 3 MiB, 21.30 W;1, 0 %, 3 MiB, 23.07 W;2, 0 %, 3 MiB, 12.38 W;3, 0 %, 3 MiB, 7.32 W; @1786712649
0, 0 %, 3 MiB, 22.05 W;1, 0 %, 3 MiB, 22.75 W;2, 0 %, 3 MiB, 12.76 W;3, 0 %, 3 MiB, 6.73 W; @1786712653
0, 0 %, 3 MiB, 22.57 W;1, 0 %, 3 MiB, 23.03 W;2, 0 %, 3 MiB, 13.09 W;3, 0 %, 3 MiB, 8.81 W; @1786712656
0, 0 %, 3 MiB, 22.99 W;1, 0 %, 3 MiB, 22.89 W;2, 0 %, 3 MiB, 12.96 W;3, 0 %, 3 MiB, 8.65 W; @1786712659
0, 0 %, 3 MiB, 23.26 W;1, 0 %, 3 MiB, 22.74 W;2, 0 %, 3 MiB, 13.39 W;3, 0 %, 3 MiB, 8.53 W; @1786712662
0, 0 %, 3 MiB, 22.39 W;1, 0 %, 3 MiB, 22.67 W;2, 0 %, 3 MiB, 12.89 W;3, 0 %, 3 MiB, 7.57 W; @1786712665
0, 0 %, 3 MiB, 22.67 W;1, 0 %, 3 MiB, 22.74 W;2, 0 %, 3 MiB, 13.01 W;3, 0 %, 3 MiB, 8.74 W; @1786712669
0, 0 %, 3 MiB, 22.63 W;1, 0 %, 3 MiB, 23.20 W;2, 0 %, 3 MiB, 13.18 W;3, 0 %, 3 MiB, 8.79 W; @1786712672
0, 0 %, 3 MiB, 22.20 W;1, 0 %, 3 MiB, 23.27 W;2, 0 %, 3 MiB, 12.86 W;3, 0 %, 3 MiB, 7.27 W; @1786712675
0, 0 %, 3 MiB, 21.45 W;1, 0 %, 3 MiB, 23.48 W;2, 0 %, 3 MiB, 12.81 W;3, 0 %, 3 MiB, 6.20 W; @1786712678
0, 0 %, 3 MiB, 21.30 W;1, 0 %, 3 MiB, 23.32 W;2, 0 %, 3 MiB, 12.58 W;3, 0 %, 3 MiB, 6.39 W; @1786712681
0, 0 %, 3 MiB, 21.92 W;1, 0 %, 3 MiB, 23.45 W;2, 0 %, 3 MiB, 12.75 W;3, 0 %, 3 MiB, 8.07 W; @1786712685
0, 0 %, 3 MiB, 22.17 W;1, 0 %, 3 MiB, 23.46 W;2, 0 %, 3 MiB, 12.57 W;3, 0 %, 3 MiB, 9.07 W; @1786712688
0, 0 %, 3 MiB, 22.12 W;1, 0 %, 3 MiB, 23.24 W;2, 0 %, 3 MiB, 12.59 W;3, 0 %, 3 MiB, 7.45 W; @1786712691
0, 0 %, 3 MiB, 22.07 W;1, 0 %, 3 MiB, 22.74 W;2, 0 %, 3 MiB, 12.36 W;3, 0 %, 3 MiB, 7.09 W; @1786712694
0, 0 %, 3 MiB, 21.81 W;1, 0 %, 3 MiB, 22.42 W;2, 0 %, 3 MiB, 12.43 W;3, 0 %, 3 MiB, 8.37 W; @1786712697
0, 0 %, 3 MiB, 22.10 W;1, 0 %, 3 MiB, 23.32 W;2, 0 %, 3 MiB, 12.60 W;3, 0 %, 3 MiB, 8.49 W; @1786712701
0, 0 %, 3 MiB, 21.71 W;1, 0 %, 3 MiB, 23.27 W;2, 0 %, 3 MiB, 12.91 W;3, 0 %, 3 MiB, 8.26 W; @1786712704
0, 0 %, 3 MiB, 21.64 W;1, 0 %, 3 MiB, 22.90 W;2, 0 %, 3 MiB, 12.28 W;3, 0 %, 3 MiB, 7.62 W; @1786712707
0, 0 %, 3 MiB, 21.27 W;1, 0 %, 3 MiB, 22.69 W;2, 0 %, 3 MiB, 12.59 W;3, 0 %, 3 MiB, 8.28 W; @1786712710
0, 0 %, 3 MiB, 21.94 W;1, 0 %, 3 MiB, 23.10 W;2, 0 %, 3 MiB, 12.48 W;3, 0 %, 3 MiB, 8.76 W; @1786712713
0, 0 %, 3 MiB, 21.81 W;1, 0 %, 3 MiB, 22.80 W;2, 0 %, 3 MiB, 12.42 W;3, 0 %, 3 MiB, 8.68 W; @1786712716
0, 0 %, 3 MiB, 21.46 W;1, 0 %, 3 MiB, 23.22 W;2, 0 %, 3 MiB, 12.46 W;3, 0 %, 3 MiB, 7.32 W; @1786712720
0, 0 %, 3 MiB, 21.81 W;1, 0 %, 3 MiB, 22.02 W;2, 0 %, 3 MiB, 12.26 W;3, 0 %, 3 MiB, 7.07 W; @1786712723
0, 0 %, 3 MiB, 21.73 W;1, 0 %, 3 MiB, 22.81 W;2, 0 %, 3 MiB, 12.48 W;3, 0 %, 3 MiB, 8.43 W; @1786712726
0, 0 %, 3 MiB, 22.23 W;1, 0 %, 3 MiB, 23.05 W;2, 0 %, 3 MiB, 12.71 W;3, 0 %, 3 MiB, 8.47 W; @1786712729
0, 0 %, 3 MiB, 21.74 W;1, 0 %, 3 MiB, 22.87 W;2, 0 %, 3 MiB, 12.66 W;3, 0 %, 3 MiB, 7.55 W; @1786712732
0, 0 %, 3 MiB, 21.39 W;1, 0 %, 3 MiB, 23.05 W;2, 0 %, 3 MiB, 12.34 W;3, 0 %, 3 MiB, 6.99 W; @1786712735
0, 0 %, 3 MiB, 22.12 W;1, 0 %, 3 MiB, 23.32 W;2, 0 %, 3 MiB, 12.61 W;3, 0 %, 3 MiB, 7.57 W; @1786712739
0, 0 %, 3 MiB, 21.98 W;1, 0 %, 3 MiB, 22.66 W;2, 0 %, 3 MiB, 12.47 W;3, 0 %, 3 MiB, 8.11 W; @1786712742
0, 0 %, 3 MiB, 21.68 W;1, 0 %, 3 MiB, 22.24 W;2, 0 %, 3 MiB, 12.62 W;3, 0 %, 3 MiB, 8.02 W; @1786712745
0, 0 %, 3 MiB, 21.54 W;1, 0 %, 3 MiB, 22.46 W;2, 0 %, 3 MiB, 12.37 W;3, 0 %, 3 MiB, 7.05 W; @1786712748
0, 0 %, 3 MiB, 21.88 W;1, 0 %, 3 MiB, 23.18 W;2, 0 %, 3 MiB, 12.37 W;3, 0 %, 3 MiB, 7.37 W; @1786712751
0, 0 %, 3 MiB, 21.35 W;1, 0 %, 3 MiB, 23.08 W;2, 0 %, 3 MiB, 12.55 W;3, 0 %, 3 MiB, 7.47 W; @1786712755
0, 0 %, 3 MiB, 21.79 W;1, 0 %, 3 MiB, 22.83 W;2, 0 %, 3 MiB, 12.63 W;3, 0 %, 3 MiB, 8.61 W; @1786712758
0, 0 %, 3 MiB, 21.86 W;1, 0 %, 3 MiB, 23.91 W;2, 0 %, 3 MiB, 12.77 W;3, 0 %, 3 MiB, 8.70 W; @1786712761
0, 0 %, 3 MiB, 21.68 W;1, 0 %, 3 MiB, 23.44 W;2, 0 %, 3 MiB, 12.75 W;3, 0 %, 3 MiB, 7.47 W; @1786712764
0, 0 %, 3 MiB, 22.06 W;1, 0 %, 3 MiB, 23.45 W;2, 0 %, 3 MiB, 12.45 W;3, 0 %, 3 MiB, 7.93 W; @1786712767
0, 0 %, 3 MiB, 22.08 W;1, 0 %, 3 MiB, 23.19 W;2, 0 %, 3 MiB, 12.77 W;3, 0 %, 3 MiB, 8.84 W; @1786712771
0, 0 %, 3 MiB, 21.93 W;1, 0 %, 3 MiB, 23.37 W;2, 0 %, 3 MiB, 12.64 W;3, 0 %, 3 MiB, 8.48 W; @1786712774
0, 0 %, 3 MiB, 22.42 W;1, 0 %, 3 MiB, 23.83 W;2, 0 %, 3 MiB, 12.72 W;3, 0 %, 3 MiB, 7.90 W; @1786712777
0, 0 %, 3 MiB, 21.54 W;1, 0 %, 3 MiB, 23.73 W;2, 0 %, 3 MiB, 12.40 W;3, 0 %, 3 MiB, 7.16 W; @1786712780
0, 0 %, 3 MiB, 21.50 W;1, 0 %, 3 MiB, 24.25 W;2, 0 %, 3 MiB, 12.39 W;3, 0 %, 3 MiB, 8.36 W; @1786712783
0, 0 %, 3 MiB, 21.80 W;1, 0 %, 3 MiB, 23.89 W;2, 0 %, 3 MiB, 12.77 W;3, 0 %, 3 MiB, 8.63 W; @1786712786
0, 0 %, 3 MiB, 21.96 W;1, 0 %, 3 MiB, 22.87 W;2, 0 %, 3 MiB, 12.56 W;3, 0 %, 3 MiB, 8.61 W; @1786712790
0, 0 %, 3 MiB, 22.07 W;1, 0 %, 3 MiB, 23.11 W;2, 0 %, 3 MiB, 12.23 W;3, 0 %, 3 MiB, 7.71 W; @1786712793
0, 0 %, 3 MiB, 21.70 W;1, 0 %, 3 MiB, 22.86 W;2, 0 %, 3 MiB, 12.34 W;3, 0 %, 3 MiB, 7.63 W; @1786712796
0, 0 %, 3 MiB, 22.49 W;1, 0 %, 3 MiB, 23.57 W;2, 0 %, 3 MiB, 12.84 W;3, 0 %, 3 MiB, 8.54 W; @1786712799
0, 0 %, 3 MiB, 22.27 W;1, 0 %, 3 MiB, 23.54 W;2, 0 %, 3 MiB, 12.61 W;3, 0 %, 3 MiB, 9.01 W; @1786712802
0, 0 %, 3 MiB, 21.97 W;1, 0 %, 3 MiB, 23.65 W;2, 0 %, 3 MiB, 12.47 W;3, 0 %, 3 MiB, 8.12 W; @1786712805
0, 0 %, 3 MiB, 21.94 W;1, 0 %, 3 MiB, 22.65 W;2, 0 %, 3 MiB, 11.94 W;3, 0 %, 3 MiB, 7.64 W; @1786712809
0, 0 %, 3 MiB, 21.76 W;1, 0 %, 3 MiB, 22.96 W;2, 0 %, 3 MiB, 12.40 W;3, 0 %, 3 MiB, 7.40 W; @1786712812
0, 0 %, 3 MiB, 22.09 W;1, 0 %, 3 MiB, 22.99 W;2, 0 %, 3 MiB, 12.45 W;3, 0 %, 3 MiB, 8.46 W; @1786712815
0, 0 %, 3 MiB, 22.13 W;1, 0 %, 3 MiB, 23.57 W;2, 0 %, 3 MiB, 12.30 W;3, 0 %, 3 MiB, 8.60 W; @1786712818
0, 0 %, 3 MiB, 22.14 W;1, 0 %, 3 MiB, 22.96 W;2, 0 %, 3 MiB, 12.21 W;3, 0 %, 3 MiB, 8.01 W; @1786712821
0, 0 %, 3 MiB, 21.97 W;1, 0 %, 3 MiB, 23.10 W;2, 0 %, 3 MiB, 12.21 W;3, 0 %, 3 MiB, 7.58 W; @1786712824
0, 0 %, 3 MiB, 21.89 W;1, 0 %, 3 MiB, 23.59 W;2, 0 %, 3 MiB, 12.55 W;3, 0 %, 3 MiB, 8.09 W; @1786712828
0, 0 %, 3 MiB, 21.87 W;1, 0 %, 3 MiB, 23.58 W;2, 0 %, 3 MiB, 12.39 W;3, 0 %, 3 MiB, 8.68 W; @1786712831
0, 0 %, 3 MiB, 21.88 W;1, 0 %, 3 MiB, 23.57 W;2, 0 %, 3 MiB, 12.69 W;3, 0 %, 3 MiB, 8.75 W; @1786712834
0, 0 %, 3 MiB, 21.41 W;1, 0 %, 3 MiB, 23.32 W;2, 0 %, 3 MiB, 12.19 W;3, 0 %, 3 MiB, 8.06 W; @1786712837
0, 0 %, 3 MiB, 21.56 W;1, 0 %, 3 MiB, 24.24 W;2, 0 %, 3 MiB, 12.33 W;3, 0 %, 3 MiB, 7.26 W; @1786712840
0, 0 %, 3 MiB, 21.60 W;1, 0 %, 3 MiB, 23.94 W;2, 0 %, 3 MiB, 12.21 W;3, 0 %, 3 MiB, 7.40 W; @1786712844
0, 0 %, 3 MiB, 21.57 W;1, 0 %, 3 MiB, 23.43 W;2, 0 %, 3 MiB, 12.03 W;3, 0 %, 3 MiB, 7.76 W; @1786712847
0, 0 %, 3 MiB, 21.92 W;1, 0 %, 3 MiB, 23.54 W;2, 0 %, 3 MiB, 12.09 W;3, 0 %, 3 MiB, 7.29 W; @1786712850
0, 0 %, 3 MiB, 22.09 W;1, 0 %, 3 MiB, 23.55 W;2, 0 %, 3 MiB, 12.24 W;3, 0 %, 3 MiB, 7.40 W; @1786712853
0, 0 %, 3 MiB, 21.76 W;1, 0 %, 3 MiB, 22.81 W;2, 0 %, 3 MiB, 12.06 W;3, 0 %, 3 MiB, 7.31 W; @1786712856
0, 0 %, 3 MiB, 21.72 W;1, 0 %, 3 MiB, 22.86 W;2, 0 %, 3 MiB, 12.15 W;3, 0 %, 3 MiB, 7.48 W; @1786712860
0, 0 %, 3 MiB, 21.92 W;1, 0 %, 3 MiB, 24.42 W;2, 0 %, 3 MiB, 12.30 W;3, 0 %, 3 MiB, 7.46 W; @1786712863
0, 0 %, 3 MiB, 22.06 W;1, 0 %, 3 MiB, 23.40 W;2, 0 %, 3 MiB, 12.31 W;3, 0 %, 3 MiB, 7.42 W; @1786712866
0, 0 %, 3 MiB, 22.11 W;1, 0 %, 3 MiB, 23.08 W;2, 0 %, 3 MiB, 12.24 W;3, 0 %, 3 MiB, 7.43 W; @1786712869
0, 0 %, 3 MiB, 21.70 W;1, 0 %, 3 MiB, 23.50 W;2, 0 %, 3 MiB, 12.33 W;3, 0 %, 3 MiB, 7.55 W; @1786712873
0, 0 %, 3 MiB, 21.60 W;1, 0 %, 3 MiB, 23.04 W;2, 0 %, 3 MiB, 11.99 W;3, 0 %, 3 MiB, 7.41 W; @1786712876
0, 0 %, 3 MiB, 21.51 W;1, 0 %, 3 MiB, 23.00 W;2, 0 %, 3 MiB, 12.20 W;3, 0 %, 3 MiB, 7.80 W; @1786712879
0, 0 %, 3 MiB, 21.76 W;1, 0 %, 3 MiB, 23.31 W;2, 0 %, 3 MiB, 11.85 W;3, 0 %, 3 MiB, 7.51 W; @1786712882
0, 0 %, 3 MiB, 21.42 W;1, 0 %, 3 MiB, 23.97 W;2, 0 %, 3 MiB, 12.12 W;3, 0 %, 3 MiB, 7.38 W; @1786712885
0, 0 %, 3 MiB, 21.62 W;1, 0 %, 3 MiB, 24.12 W;2, 0 %, 3 MiB, 12.22 W;3, 0 %, 3 MiB, 7.81 W; @1786712889
0, 0 %, 3 MiB, 21.60 W;1, 0 %, 3 MiB, 24.12 W;2, 0 %, 3 MiB, 12.13 W;3, 0 %, 3 MiB, 7.87 W; @1786712892
0, 0 %, 3 MiB, 21.49 W;1, 0 %, 3 MiB, 23.15 W;2, 0 %, 3 MiB, 11.97 W;3, 0 %, 3 MiB, 7.75 W; @1786712895
0, 0 %, 3 MiB, 21.28 W;1, 0 %, 3 MiB, 23.96 W;2, 0 %, 3 MiB, 12.00 W;3, 0 %, 3 MiB, 7.72 W; @1786712898
0, 0 %, 3 MiB, 21.46 W;1, 0 %, 3 MiB, 23.84 W;2, 0 %, 3 MiB, 12.11 W;3, 0 %, 3 MiB, 7.93 W; @1786712901
0, 0 %, 3 MiB, 21.49 W;1, 0 %, 3 MiB, 23.30 W;2, 0 %, 3 MiB, 11.99 W;3, 0 %, 3 MiB, 7.65 W; @1786712904
0, 0 %, 3 MiB, 21.52 W;1, 0 %, 3 MiB, 23.61 W;2, 0 %, 3 MiB, 12.22 W;3, 0 %, 3 MiB, 7.97 W; @1786712908
0, 0 %, 3 MiB, 21.13 W;1, 0 %, 3 MiB, 23.13 W;2, 0 %, 3 MiB, 12.10 W;3, 0 %, 3 MiB, 7.76 W; @1786712911
0, 0 %, 504 MiB, 63.90 W;1, 0 %, 504 MiB, 62.99 W;2, 0 %, 504 MiB, 53.64 W;3, 0 %, 3 MiB, 8.19 W; @1786712914
0, 0 %, 504 MiB, 63.82 W;1, 0 %, 504 MiB, 62.51 W;2, 0 %, 504 MiB, 54.38 W;3, 0 %, 3 MiB, 7.47 W; @1786712917
0, 0 %, 504 MiB, 63.63 W;1, 0 %, 504 MiB, 62.68 W;2, 0 %, 504 MiB, 54.32 W;3, 0 %, 3 MiB, 7.60 W; @1786712920
0, 0 %, 504 MiB, 63.74 W;1, 0 %, 504 MiB, 62.77 W;2, 0 %, 504 MiB, 53.95 W;3, 0 %, 3 MiB, 7.70 W; @1786712923
0, 0 %, 504 MiB, 63.55 W;1, 0 %, 504 MiB, 61.92 W;2, 0 %, 504 MiB, 54.38 W;3, 0 %, 3 MiB, 7.13 W; @1786712926
0, 0 %, 504 MiB, 55.95 W;1, 0 %, 504 MiB, 62.39 W;2, 0 %, 504 MiB, 54.26 W;3, 0 %, 3 MiB, 7.32 W; @1786712929
0, 0 %, 504 MiB, 22.55 W;1, 0 %, 504 MiB, 24.64 W;2, 0 %, 504 MiB, 13.28 W;3, 0 %, 3 MiB, 7.50 W; @1786712933
0, 0 %, 504 MiB, 21.91 W;1, 0 %, 504 MiB, 23.62 W;2, 0 %, 504 MiB, 12.32 W;3, 0 %, 3 MiB, 7.04 W; @1786712936
0, 0 %, 504 MiB, 21.93 W;1, 0 %, 504 MiB, 25.06 W;2, 0 %, 504 MiB, 12.22 W;3, 0 %, 3 MiB, 6.83 W; @1786712939
0, 0 %, 504 MiB, 22.03 W;1, 0 %, 504 MiB, 24.15 W;2, 0 %, 504 MiB, 12.25 W;3, 0 %, 3 MiB, 7.42 W; @1786712942
0, 0 %, 504 MiB, 21.77 W;1, 0 %, 504 MiB, 24.19 W;2, 0 %, 504 MiB, 12.35 W;3, 0 %, 3 MiB, 7.51 W; @1786712945
0, 0 %, 504 MiB, 21.62 W;1, 0 %, 504 MiB, 24.48 W;2, 0 %, 504 MiB, 12.46 W;3, 0 %, 3 MiB, 7.51 W; @1786712948
0, 0 %, 504 MiB, 21.94 W;1, 0 %, 504 MiB, 24.16 W;2, 0 %, 504 MiB, 12.23 W;3, 0 %, 3 MiB, 7.68 W; @1786712951
0, 0 %, 504 MiB, 21.78 W;1, 0 %, 504 MiB, 23.77 W;2, 0 %, 504 MiB, 12.20 W;3, 0 %, 3 MiB, 7.38 W; @1786712955
0, 0 %, 504 MiB, 21.53 W;1, 0 %, 504 MiB, 24.16 W;2, 0 %, 504 MiB, 12.36 W;3, 0 %, 3 MiB, 7.31 W; @1786712958
0, 0 %, 504 MiB, 21.41 W;1, 0 %, 504 MiB, 23.67 W;2, 0 %, 504 MiB, 12.53 W;3, 0 %, 3 MiB, 7.17 W; @1786712961
0, 0 %, 504 MiB, 21.61 W;1, 0 %, 504 MiB, 23.30 W;2, 0 %, 504 MiB, 12.37 W;3, 0 %, 3 MiB, 7.32 W; @1786712964
0, 0 %, 504 MiB, 21.60 W;1, 0 %, 504 MiB, 24.80 W;2, 0 %, 504 MiB, 12.35 W;3, 0 %, 3 MiB, 7.30 W; @1786712967
0, 0 %, 504 MiB, 21.62 W;1, 0 %, 504 MiB, 24.61 W;2, 0 %, 504 MiB, 12.28 W;3, 0 %, 3 MiB, 7.68 W; @1786712970
0, 0 %, 504 MiB, 21.89 W;1, 0 %, 504 MiB, 24.28 W;2, 0 %, 504 MiB, 12.18 W;3, 0 %, 3 MiB, 7.46 W; @1786712974
0, 0 %, 504 MiB, 21.83 W;1, 0 %, 504 MiB, 24.01 W;2, 0 %, 504 MiB, 12.22 W;3, 0 %, 3 MiB, 7.30 W; @1786712977
0, 0 %, 504 MiB, 21.73 W;1, 0 %, 504 MiB, 24.41 W;2, 0 %, 504 MiB, 11.92 W;3, 0 %, 3 MiB, 7.58 W; @1786712980
0, 0 %, 504 MiB, 21.39 W;1, 0 %, 504 MiB, 23.91 W;2, 0 %, 504 MiB, 12.02 W;3, 0 %, 3 MiB, 7.57 W; @1786712983
0, 0 %, 504 MiB, 21.43 W;1, 0 %, 504 MiB, 23.48 W;2, 0 %, 504 MiB, 12.18 W;3, 0 %, 3 MiB, 7.39 W; @1786712986
0, 0 %, 504 MiB, 21.41 W;1, 0 %, 504 MiB, 24.28 W;2, 0 %, 504 MiB, 11.95 W;3, 0 %, 3 MiB, 7.36 W; @1786712989
0, 0 %, 504 MiB, 21.60 W;1, 0 %, 504 MiB, 23.77 W;2, 0 %, 504 MiB, 12.18 W;3, 0 %, 3 MiB, 6.81 W; @1786712992
0, 0 %, 504 MiB, 21.66 W;1, 0 %, 504 MiB, 24.09 W;2, 0 %, 504 MiB, 12.03 W;3, 0 %, 3 MiB, 7.35 W; @1786712996
0, 0 %, 1386 MiB, 43.58 W;1, 0 %, 1386 MiB, 49.59 W;2, 0 %, 1386 MiB, 30.99 W;3, 0 %, 3 MiB, 7.29 W; @1786712999
0, 1 %, 2074 MiB, 64.34 W;1, 1 %, 2074 MiB, 63.52 W;2, 4 %, 2074 MiB, 55.33 W;3, 0 %, 3 MiB, 7.51 W; @1786713002
0, 1 %, 2518 MiB, 64.40 W;1, 1 %, 2518 MiB, 63.50 W;2, 1 %, 2518 MiB, 55.14 W;3, 0 %, 3 MiB, 7.41 W; @1786713005
0, 1 %, 3110 MiB, 64.39 W;1, 1 %, 3110 MiB, 63.28 W;2, 3 %, 3110 MiB, 55.29 W;3, 0 %, 3 MiB, 7.47 W; @1786713008
0, 2 %, 3506 MiB, 64.53 W;1, 1 %, 3506 MiB, 63.47 W;2, 1 %, 3506 MiB, 55.35 W;3, 0 %, 3 MiB, 7.96 W; @1786713011
0, 1 %, 4098 MiB, 64.00 W;1, 1 %, 4098 MiB, 63.31 W;2, 2 %, 4098 MiB, 55.21 W;3, 0 %, 3 MiB, 7.55 W; @1786713014
0, 1 %, 4692 MiB, 64.40 W;1, 1 %, 4692 MiB, 63.81 W;2, 1 %, 4692 MiB, 55.13 W;3, 0 %, 3 MiB, 7.30 W; @1786713017
0, 1 %, 5088 MiB, 63.97 W;1, 1 %, 5088 MiB, 63.95 W;2, 2 %, 5088 MiB, 54.80 W;3, 0 %, 3 MiB, 7.51 W; @1786713021
0, 1 %, 5680 MiB, 63.89 W;1, 1 %, 5680 MiB, 64.06 W;2, 1 %, 5680 MiB, 55.44 W;3, 0 %, 3 MiB, 7.25 W; @1786713024
0, 1 %, 6322 MiB, 64.18 W;1, 1 %, 6322 MiB, 64.38 W;2, 2 %, 6322 MiB, 55.53 W;3, 0 %, 3 MiB, 7.50 W; @1786713027
0, 1 %, 6716 MiB, 64.39 W;1, 1 %, 6716 MiB, 63.35 W;2, 1 %, 6716 MiB, 55.45 W;3, 0 %, 3 MiB, 7.72 W; @1786713030
0, 1 %, 7310 MiB, 64.59 W;1, 1 %, 7310 MiB, 62.98 W;2, 1 %, 7310 MiB, 55.10 W;3, 0 %, 3 MiB, 8.03 W; @1786713033
0, 1 %, 7902 MiB, 64.72 W;1, 1 %, 7902 MiB, 63.26 W;2, 2 %, 7902 MiB, 55.41 W;3, 0 %, 3 MiB, 8.07 W; @1786713036
0, 1 %, 8298 MiB, 64.56 W;1, 1 %, 8298 MiB, 63.45 W;2, 1 %, 8298 MiB, 55.10 W;3, 0 %, 3 MiB, 7.94 W; @1786713039
0, 0 %, 9432 MiB, 64.14 W;1, 1 %, 9432 MiB, 62.70 W;2, 1 %, 9432 MiB, 54.94 W;3, 0 %, 3 MiB, 8.12 W; @1786713042
0, 0 %, 10174 MiB, 64.20 W;1, 1 %, 10174 MiB, 62.59 W;2, 3 %, 10174 MiB, 54.73 W;3, 0 %, 3 MiB, 8.17 W; @1786713045
0, 0 %, 9240 MiB, 63.94 W;1, 0 %, 9240 MiB, 62.41 W;2, 0 %, 9240 MiB, 54.59 W;3, 0 %, 3 MiB, 8.16 W; @1786713049
0, 0 %, 9240 MiB, 64.42 W;1, 0 %, 9240 MiB, 63.31 W;2, 0 %, 9240 MiB, 55.70 W;3, 0 %, 3 MiB, 8.21 W; @1786713052
0, 0 %, 9240 MiB, 63.92 W;1, 0 %, 9240 MiB, 63.06 W;2, 0 %, 9240 MiB, 55.45 W;3, 0 %, 3 MiB, 6.90 W; @1786713055
0, 0 %, 9240 MiB, 63.88 W;1, 0 %, 9240 MiB, 62.75 W;2, 0 %, 9240 MiB, 55.21 W;3, 0 %, 3 MiB, 6.94 W; @1786713058
0, 0 %, 9240 MiB, 63.66 W;1, 0 %, 9240 MiB, 64.00 W;2, 0 %, 9240 MiB, 55.25 W;3, 0 %, 3 MiB, 6.51 W; @1786713061
0, 0 %, 9240 MiB, 23.00 W;1, 0 %, 9240 MiB, 32.37 W;2, 0 %, 9240 MiB, 13.61 W;3, 0 %, 3 MiB, 7.18 W; @1786713064
0, 0 %, 9240 MiB, 22.25 W;1, 0 %, 9240 MiB, 24.76 W;2, 0 %, 9240 MiB, 12.81 W;3, 0 %, 3 MiB, 7.92 W; @1786713067
0, 0 %, 9240 MiB, 22.02 W;1, 0 %, 9240 MiB, 24.55 W;2, 0 %, 9240 MiB, 12.82 W;3, 0 %, 3 MiB, 7.88 W; @1786713070
0, 0 %, 9240 MiB, 21.70 W;1, 0 %, 9240 MiB, 25.16 W;2, 0 %, 9240 MiB, 12.49 W;3, 0 %, 3 MiB, 7.60 W; @1786713074
0, 0 %, 9240 MiB, 21.59 W;1, 0 %, 9240 MiB, 24.68 W;2, 0 %, 9240 MiB, 12.72 W;3, 0 %, 3 MiB, 7.41 W; @1786713077
0, 0 %, 9240 MiB, 21.45 W;1, 0 %, 9240 MiB, 24.49 W;2, 0 %, 9240 MiB, 12.52 W;3, 0 %, 3 MiB, 7.29 W; @1786713080
0, 0 %, 9240 MiB, 21.32 W;1, 0 %, 9240 MiB, 25.25 W;2, 0 %, 9240 MiB, 12.65 W;3, 0 %, 3 MiB, 7.47 W; @1786713083
0, 0 %, 9240 MiB, 21.36 W;1, 0 %, 9240 MiB, 24.86 W;2, 0 %, 9240 MiB, 12.50 W;3, 0 %, 3 MiB, 7.58 W; @1786713086
0, 0 %, 9240 MiB, 21.67 W;1, 0 %, 9240 MiB, 24.06 W;2, 0 %, 9240 MiB, 12.66 W;3, 0 %, 3 MiB, 7.51 W; @1786713089
0, 0 %, 9240 MiB, 21.74 W;1, 0 %, 9240 MiB, 24.88 W;2, 0 %, 9240 MiB, 12.38 W;3, 0 %, 3 MiB, 7.72 W; @1786713093
0, 0 %, 9240 MiB, 21.58 W;1, 0 %, 9240 MiB, 25.02 W;2, 0 %, 9240 MiB, 12.61 W;3, 0 %, 3 MiB, 7.26 W; @1786713096
0, 0 %, 9240 MiB, 21.82 W;1, 0 %, 9240 MiB, 24.44 W;2, 0 %, 9240 MiB, 12.39 W;3, 0 %, 3 MiB, 7.36 W; @1786713099
0, 0 %, 9240 MiB, 21.58 W;1, 0 %, 9240 MiB, 24.96 W;2, 0 %, 9240 MiB, 12.50 W;3, 0 %, 3 MiB, 7.41 W; @1786713102
0, 0 %, 9240 MiB, 21.63 W;1, 0 %, 9240 MiB, 23.82 W;2, 0 %, 9240 MiB, 12.71 W;3, 0 %, 3 MiB, 7.39 W; @1786713105
0, 0 %, 9240 MiB, 21.08 W;1, 0 %, 9240 MiB, 24.15 W;2, 0 %, 9240 MiB, 12.52 W;3, 0 %, 3 MiB, 7.32 W; @1786713108
0, 0 %, 9240 MiB, 21.69 W;1, 0 %, 9240 MiB, 24.59 W;2, 0 %, 9240 MiB, 12.52 W;3, 0 %, 3 MiB, 7.44 W; @1786713111
0, 0 %, 9240 MiB, 21.34 W;1, 0 %, 9240 MiB, 24.32 W;2, 0 %, 9240 MiB, 12.24 W;3, 0 %, 3 MiB, 7.79 W; @1786713114
0, 0 %, 9240 MiB, 21.36 W;1, 0 %, 9240 MiB, 24.26 W;2, 0 %, 9240 MiB, 12.22 W;3, 0 %, 3 MiB, 7.56 W; @1786713118
0, 0 %, 9240 MiB, 21.59 W;1, 0 %, 9240 MiB, 24.50 W;2, 0 %, 9240 MiB, 12.40 W;3, 0 %, 3 MiB, 7.50 W; @1786713121
0, 0 %, 9240 MiB, 21.77 W;1, 0 %, 9240 MiB, 24.39 W;2, 0 %, 9240 MiB, 12.50 W;3, 0 %, 3 MiB, 7.47 W; @1786713124
0, 0 %, 9240 MiB, 21.52 W;1, 0 %, 9240 MiB, 23.70 W;2, 0 %, 9240 MiB, 12.14 W;3, 0 %, 3 MiB, 7.22 W; @1786713127
0, 0 %, 9240 MiB, 21.93 W;1, 0 %, 9240 MiB, 24.26 W;2, 0 %, 9240 MiB, 12.30 W;3, 0 %, 3 MiB, 7.67 W; @1786713130
0, 0 %, 9240 MiB, 21.49 W;1, 0 %, 9240 MiB, 24.06 W;2, 0 %, 9240 MiB, 12.37 W;3, 0 %, 3 MiB, 7.00 W; @1786713133
0, 0 %, 9240 MiB, 21.33 W;1, 0 %, 9240 MiB, 24.22 W;2, 0 %, 9240 MiB, 12.24 W;3, 0 %, 3 MiB, 6.72 W; @1786713137
0, 0 %, 9240 MiB, 21.30 W;1, 0 %, 9240 MiB, 24.27 W;2, 0 %, 9240 MiB, 12.38 W;3, 0 %, 3 MiB, 6.69 W; @1786713140
0, 0 %, 9240 MiB, 21.25 W;1, 0 %, 9240 MiB, 24.14 W;2, 0 %, 9240 MiB, 12.40 W;3, 0 %, 3 MiB, 7.07 W; @1786713143
0, 0 %, 9240 MiB, 21.37 W;1, 0 %, 9240 MiB, 24.17 W;2, 0 %, 9240 MiB, 12.51 W;3, 0 %, 3 MiB, 7.16 W; @1786713146
0, 0 %, 9240 MiB, 21.38 W;1, 0 %, 9240 MiB, 23.70 W;2, 0 %, 9240 MiB, 12.43 W;3, 0 %, 3 MiB, 6.55 W; @1786713149
0, 0 %, 9240 MiB, 21.50 W;1, 0 %, 9240 MiB, 24.33 W;2, 0 %, 9240 MiB, 12.29 W;3, 0 %, 3 MiB, 6.74 W; @1786713152
0, 0 %, 9240 MiB, 21.55 W;1, 0 %, 9240 MiB, 24.47 W;2, 0 %, 9240 MiB, 12.36 W;3, 0 %, 3 MiB, 6.98 W; @1786713155
0, 0 %, 9240 MiB, 21.32 W;1, 0 %, 9240 MiB, 24.02 W;2, 0 %, 9240 MiB, 12.42 W;3, 0 %, 3 MiB, 7.01 W; @1786713159
0, 0 %, 9240 MiB, 21.51 W;1, 0 %, 9240 MiB, 23.31 W;2, 0 %, 9240 MiB, 12.29 W;3, 0 %, 3 MiB, 6.70 W; @1786713162
0, 0 %, 9240 MiB, 21.16 W;1, 0 %, 9240 MiB, 23.75 W;2, 0 %, 9240 MiB, 12.43 W;3, 0 %, 3 MiB, 7.04 W; @1786713165
0, 0 %, 9240 MiB, 20.96 W;1, 0 %, 9240 MiB, 24.63 W;2, 0 %, 9240 MiB, 12.15 W;3, 0 %, 3 MiB, 6.95 W; @1786713168
0, 0 %, 9240 MiB, 21.12 W;1, 0 %, 9240 MiB, 23.88 W;2, 0 %, 9240 MiB, 12.32 W;3, 0 %, 3 MiB, 7.20 W; @1786713171
0, 0 %, 9240 MiB, 21.43 W;1, 0 %, 9240 MiB, 24.36 W;2, 0 %, 9240 MiB, 12.22 W;3, 0 %, 3 MiB, 7.36 W; @1786713174
0, 0 %, 9240 MiB, 21.44 W;1, 0 %, 9240 MiB, 24.90 W;2, 0 %, 9240 MiB, 12.41 W;3, 0 %, 3 MiB, 7.55 W; @1786713177
0, 0 %, 9240 MiB, 21.51 W;1, 0 %, 9240 MiB, 24.47 W;2, 0 %, 9240 MiB, 12.24 W;3, 0 %, 3 MiB, 7.37 W; @1786713181
0, 0 %, 9240 MiB, 21.27 W;1, 0 %, 9240 MiB, 24.07 W;2, 0 %, 9240 MiB, 12.48 W;3, 0 %, 3 MiB, 7.61 W; @1786713184
0, 0 %, 9240 MiB, 21.34 W;1, 0 %, 9240 MiB, 23.74 W;2, 0 %, 9240 MiB, 12.42 W;3, 0 %, 3 MiB, 7.44 W; @1786713187
0, 0 %, 9240 MiB, 21.38 W;1, 0 %, 9240 MiB, 23.97 W;2, 0 %, 9240 MiB, 12.48 W;3, 0 %, 3 MiB, 7.25 W; @1786713190
0, 0 %, 9240 MiB, 21.37 W;1, 0 %, 9240 MiB, 23.47 W;2, 0 %, 9240 MiB, 12.35 W;3, 0 %, 3 MiB, 6.96 W; @1786713193
0, 0 %, 9240 MiB, 21.36 W;1, 0 %, 9240 MiB, 23.88 W;2, 0 %, 9240 MiB, 12.44 W;3, 0 %, 3 MiB, 7.06 W; @1786713196
0, 0 %, 9240 MiB, 21.58 W;1, 0 %, 9240 MiB, 23.33 W;2, 0 %, 9240 MiB, 12.65 W;3, 0 %, 3 MiB, 6.98 W; @1786713199
0, 0 %, 9240 MiB, 21.47 W;1, 0 %, 9240 MiB, 23.57 W;2, 0 %, 9240 MiB, 12.68 W;3, 0 %, 3 MiB, 7.08 W; @1786713202
0, 0 %, 9240 MiB, 21.25 W;1, 0 %, 9240 MiB, 23.86 W;2, 0 %, 9240 MiB, 12.42 W;3, 0 %, 3 MiB, 6.92 W; @1786713206
0, 0 %, 9240 MiB, 21.47 W;1, 0 %, 9240 MiB, 24.58 W;2, 0 %, 9240 MiB, 12.32 W;3, 0 %, 3 MiB, 7.48 W; @1786713209
0, 0 %, 9240 MiB, 21.17 W;1, 0 %, 9240 MiB, 23.76 W;2, 0 %, 9240 MiB, 12.35 W;3, 0 %, 3 MiB, 7.46 W; @1786713212
0, 0 %, 9240 MiB, 21.41 W;1, 0 %, 9240 MiB, 23.81 W;2, 0 %, 9240 MiB, 12.21 W;3, 0 %, 3 MiB, 7.21 W; @1786713215
0, 0 %, 9240 MiB, 21.75 W;1, 0 %, 9240 MiB, 24.22 W;2, 0 %, 9240 MiB, 12.28 W;3, 0 %, 3 MiB, 7.70 W; @1786713218
0, 0 %, 9240 MiB, 21.26 W;1, 0 %, 9240 MiB, 24.02 W;2, 0 %, 9240 MiB, 12.38 W;3, 0 %, 3 MiB, 7.50 W; @1786713221
0, 0 %, 9240 MiB, 21.55 W;1, 0 %, 9240 MiB, 23.91 W;2, 0 %, 9240 MiB, 12.44 W;3, 0 %, 3 MiB, 7.37 W; @1786713224
0, 0 %, 9240 MiB, 21.67 W;1, 0 %, 9240 MiB, 23.75 W;2, 0 %, 9240 MiB, 12.29 W;3, 0 %, 3 MiB, 7.55 W; @1786713228
0, 0 %, 9240 MiB, 21.92 W;1, 0 %, 9240 MiB, 23.61 W;2, 0 %, 9240 MiB, 12.27 W;3, 0 %, 3 MiB, 7.43 W; @1786713231
0, 0 %, 9240 MiB, 21.70 W;1, 0 %, 9240 MiB, 23.14 W;2, 0 %, 9240 MiB, 12.32 W;3, 0 %, 3 MiB, 7.39 W; @1786713234
0, 0 %, 9240 MiB, 21.42 W;1, 0 %, 9240 MiB, 23.53 W;2, 0 %, 9240 MiB, 12.41 W;3, 0 %, 3 MiB, 7.32 W; @1786713237
0, 0 %, 9240 MiB, 21.40 W;1, 0 %, 9240 MiB, 24.06 W;2, 0 %, 9240 MiB, 12.33 W;3, 0 %, 3 MiB, 7.20 W; @1786713240
0, 0 %, 9240 MiB, 21.18 W;1, 0 %, 9240 MiB, 24.49 W;2, 0 %, 9240 MiB, 12.48 W;3, 0 %, 3 MiB, 7.35 W; @1786713243
0, 0 %, 9240 MiB, 21.56 W;1, 0 %, 9240 MiB, 24.02 W;2, 0 %, 9240 MiB, 12.55 W;3, 0 %, 3 MiB, 7.20 W; @1786713246
0, 0 %, 9240 MiB, 21.63 W;1, 0 %, 9240 MiB, 24.08 W;2, 0 %, 9240 MiB, 12.46 W;3, 0 %, 3 MiB, 7.42 W; @1786713249
0, 0 %, 9240 MiB, 21.55 W;1, 0 %, 9240 MiB, 23.80 W;2, 0 %, 9240 MiB, 12.57 W;3, 0 %, 3 MiB, 6.71 W; @1786713253
0, 0 %, 9240 MiB, 21.72 W;1, 0 %, 9240 MiB, 24.05 W;2, 0 %, 9240 MiB, 12.52 W;3, 0 %, 3 MiB, 7.15 W; @1786713256
0, 0 %, 9240 MiB, 22.07 W;1, 0 %, 9240 MiB, 23.93 W;2, 0 %, 9240 MiB, 12.56 W;3, 0 %, 3 MiB, 7.35 W; @1786713259
0, 0 %, 9240 MiB, 21.50 W;1, 0 %, 9240 MiB, 24.30 W;2, 0 %, 9240 MiB, 12.18 W;3, 0 %, 3 MiB, 7.22 W; @1786713262
0, 0 %, 9240 MiB, 21.85 W;1, 0 %, 9240 MiB, 23.90 W;2, 0 %, 9240 MiB, 12.46 W;3, 0 %, 3 MiB, 7.53 W; @1786713265
0, 0 %, 9240 MiB, 21.41 W;1, 0 %, 9240 MiB, 23.67 W;2, 0 %, 9240 MiB, 12.41 W;3, 0 %, 3 MiB, 7.51 W; @1786713268
0, 0 %, 9240 MiB, 21.30 W;1, 0 %, 9240 MiB, 24.16 W;2, 0 %, 9240 MiB, 12.53 W;3, 0 %, 3 MiB, 7.01 W; @1786713271
0, 0 %, 9240 MiB, 21.29 W;1, 0 %, 9240 MiB, 24.74 W;2, 0 %, 9240 MiB, 12.54 W;3, 0 %, 3 MiB, 7.14 W; @1786713275
0, 0 %, 9240 MiB, 21.89 W;1, 0 %, 9240 MiB, 24.90 W;2, 0 %, 9240 MiB, 12.38 W;3, 0 %, 3 MiB, 7.71 W; @1786713278
0, 0 %, 9240 MiB, 21.25 W;1, 0 %, 9240 MiB, 24.01 W;2, 0 %, 9240 MiB, 12.34 W;3, 0 %, 3 MiB, 7.62 W; @1786713281
0, 0 %, 9240 MiB, 21.19 W;1, 0 %, 9240 MiB, 23.78 W;2, 0 %, 9240 MiB, 12.11 W;3, 0 %, 3 MiB, 7.13 W; @1786713284
0, 0 %, 9240 MiB, 21.14 W;1, 0 %, 9240 MiB, 23.98 W;2, 0 %, 9240 MiB, 12.25 W;3, 0 %, 3 MiB, 7.00 W; @1786713287
0, 0 %, 9240 MiB, 21.45 W;1, 0 %, 9240 MiB, 24.59 W;2, 0 %, 9240 MiB, 12.50 W;3, 0 %, 3 MiB, 7.32 W; @1786713290
0, 0 %, 9240 MiB, 21.36 W;1, 0 %, 9240 MiB, 24.66 W;2, 0 %, 9240 MiB, 12.49 W;3, 0 %, 3 MiB, 7.35 W; @1786713293
0, 0 %, 9240 MiB, 21.56 W;1, 0 %, 9240 MiB, 24.49 W;2, 0 %, 9240 MiB, 12.33 W;3, 0 %, 3 MiB, 7.07 W; @1786713296
0, 0 %, 9240 MiB, 21.43 W;1, 0 %, 9240 MiB, 23.64 W;2, 0 %, 9240 MiB, 12.42 W;3, 0 %, 3 MiB, 7.16 W; @1786713300
0, 0 %, 9240 MiB, 21.80 W;1, 0 %, 9240 MiB, 24.41 W;2, 0 %, 9240 MiB, 12.50 W;3, 0 %, 3 MiB, 7.17 W; @1786713303
0, 0 %, 9240 MiB, 63.94 W;1, 0 %, 9240 MiB, 63.07 W;2, 1 %, 9240 MiB, 55.19 W;3, 0 %, 3 MiB, 50.11 W; @1786713306
0, 0 %, 9240 MiB, 22.44 W;1, 0 %, 9240 MiB, 25.09 W;2, 0 %, 9240 MiB, 12.88 W;3, 0 %, 3 MiB, 29.76 W; @1786713309
0, 0 %, 9240 MiB, 21.86 W;1, 0 %, 9240 MiB, 24.00 W;2, 0 %, 9240 MiB, 12.40 W;3, 0 %, 3 MiB, 7.13 W; @1786713312
0, 0 %, 9240 MiB, 21.20 W;1, 0 %, 9240 MiB, 24.11 W;2, 0 %, 9240 MiB, 12.45 W;3, 0 %, 3 MiB, 7.31 W; @1786713315
0, 0 %, 9240 MiB, 21.30 W;1, 0 %, 9240 MiB, 24.39 W;2, 0 %, 9240 MiB, 12.23 W;3, 0 %, 3 MiB, 7.22 W; @1786713318
0, 0 %, 9240 MiB, 21.33 W;1, 0 %, 9240 MiB, 24.23 W;2, 0 %, 9240 MiB, 12.43 W;3, 0 %, 3 MiB, 7.36 W; @1786713322
0, 0 %, 9240 MiB, 21.28 W;1, 0 %, 9240 MiB, 23.79 W;2, 0 %, 9240 MiB, 12.47 W;3, 0 %, 3 MiB, 7.64 W; @1786713325
0, 0 %, 9240 MiB, 21.13 W;1, 0 %, 9240 MiB, 23.40 W;2, 0 %, 9240 MiB, 12.65 W;3, 0 %, 3 MiB, 7.79 W; @1786713328
0, 0 %, 9240 MiB, 21.19 W;1, 0 %, 9240 MiB, 24.33 W;2, 0 %, 9240 MiB, 12.66 W;3, 0 %, 3 MiB, 7.44 W; @1786713331
0, 0 %, 9240 MiB, 21.65 W;1, 0 %, 9240 MiB, 23.86 W;2, 0 %, 9240 MiB, 12.46 W;3, 0 %, 3 MiB, 7.30 W; @1786713334
0, 0 %, 9240 MiB, 21.29 W;1, 0 %, 9240 MiB, 24.10 W;2, 0 %, 9240 MiB, 12.57 W;3, 0 %, 3 MiB, 7.45 W; @1786713337
0, 0 %, 9240 MiB, 21.48 W;1, 0 %, 9240 MiB, 24.72 W;2, 0 %, 9240 MiB, 12.27 W;3, 0 %, 3 MiB, 7.63 W; @1786713340
0, 0 %, 9240 MiB, 21.56 W;1, 0 %, 9240 MiB, 24.50 W;2, 0 %, 9240 MiB, 12.55 W;3, 0 %, 3 MiB, 7.37 W; @1786713343
0, 0 %, 9240 MiB, 21.57 W;1, 0 %, 9240 MiB, 23.92 W;2, 0 %, 9240 MiB, 12.81 W;3, 0 %, 3 MiB, 7.10 W; @1786713346
0, 0 %, 9240 MiB, 21.50 W;1, 0 %, 9240 MiB, 24.48 W;2, 0 %, 9240 MiB, 12.61 W;3, 0 %, 3 MiB, 7.36 W; @1786713350
0, 0 %, 9240 MiB, 21.52 W;1, 0 %, 9240 MiB, 25.26 W;2, 0 %, 9240 MiB, 12.49 W;3, 0 %, 3 MiB, 7.58 W; @1786713353
0, 0 %, 9240 MiB, 21.33 W;1, 0 %, 9240 MiB, 24.02 W;2, 0 %, 9240 MiB, 12.34 W;3, 0 %, 3 MiB, 7.65 W; @1786713356
0, 0 %, 9240 MiB, 21.58 W;1, 0 %, 9240 MiB, 24.32 W;2, 0 %, 9240 MiB, 12.23 W;3, 0 %, 3 MiB, 7.41 W; @1786713359
0, 0 %, 9240 MiB, 21.48 W;1, 0 %, 9240 MiB, 24.68 W;2, 0 %, 9240 MiB, 12.20 W;3, 0 %, 3 MiB, 7.51 W; @1786713362
0, 0 %, 9240 MiB, 21.75 W;1, 0 %, 9240 MiB, 23.78 W;2, 0 %, 9240 MiB, 12.12 W;3, 0 %, 3 MiB, 7.50 W; @1786713365
0, 0 %, 9240 MiB, 21.53 W;1, 0 %, 9240 MiB, 23.79 W;2, 0 %, 9240 MiB, 12.26 W;3, 0 %, 3 MiB, 7.19 W; @1786713368
0, 0 %, 9240 MiB, 21.52 W;1, 0 %, 9240 MiB, 23.32 W;2, 0 %, 9240 MiB, 12.39 W;3, 0 %, 3 MiB, 7.32 W; @1786713371
0, 0 %, 9240 MiB, 21.35 W;1, 0 %, 9240 MiB, 24.70 W;2, 0 %, 9240 MiB, 12.45 W;3, 14 %, 8472 MiB, 54.50 W; @1786713374
0, 0 %, 9240 MiB, 21.20 W;1, 0 %, 9240 MiB, 24.21 W;2, 0 %, 9240 MiB, 12.48 W;3, 100 %, 8610 MiB, 165.04 W; @1786713378
0, 0 %, 9240 MiB, 21.18 W;1, 0 %, 9240 MiB, 24.25 W;2, 0 %, 9240 MiB, 12.39 W;3, 0 %, 24162 MiB, 50.23 W; @1786713381
0, 0 %, 9240 MiB, 21.64 W;1, 0 %, 9240 MiB, 24.39 W;2, 0 %, 9240 MiB, 12.67 W;3, 0 %, 24980 MiB, 203.16 W; @1786713384
0, 0 %, 9240 MiB, 21.28 W;1, 0 %, 9240 MiB, 24.05 W;2, 0 %, 9240 MiB, 12.48 W;3, 0 %, 24980 MiB, 50.37 W; @1786713387
0, 0 %, 9240 MiB, 21.22 W;1, 0 %, 9240 MiB, 23.94 W;2, 0 %, 9240 MiB, 12.47 W;3, 0 %, 24980 MiB, 50.25 W; @1786713390
0, 0 %, 9240 MiB, 21.00 W;1, 0 %, 9240 MiB, 24.54 W;2, 0 %, 9240 MiB, 12.34 W;3, 0 %, 24980 MiB, 50.42 W; @1786713393
0, 0 %, 9240 MiB, 21.07 W;1, 0 %, 9240 MiB, 23.66 W;2, 0 %, 9240 MiB, 12.32 W;3, 0 %, 24980 MiB, 50.64 W; @1786713396
0, 0 %, 13336 MiB, 34.12 W;1, 2 %, 13336 MiB, 43.20 W;2, 0 %, 13336 MiB, 34.27 W;3, 2 %, 29676 MiB, 52.03 W; @1786713399
0, 0 %, 13336 MiB, 63.15 W;1, 0 %, 13336 MiB, 62.46 W;2, 0 %, 13336 MiB, 54.20 W;3, 0 %, 29676 MiB, 50.87 W; @1786713403
0, 0 %, 13336 MiB, 63.24 W;1, 0 %, 13336 MiB, 63.24 W;2, 0 %, 13336 MiB, 54.40 W;3, 0 %, 29676 MiB, 50.83 W; @1786713406
0, 0 %, 13336 MiB, 62.96 W;1, 0 %, 13336 MiB, 63.01 W;2, 0 %, 13336 MiB, 54.71 W;3, 0 %, 29676 MiB, 50.85 W; @1786713409
0, 0 %, 13336 MiB, 63.36 W;1, 0 %, 13336 MiB, 62.97 W;2, 0 %, 13336 MiB, 54.40 W;3, 0 %, 29676 MiB, 50.69 W; @1786713412
0, 0 %, 13336 MiB, 63.48 W;1, 0 %, 13336 MiB, 62.20 W;2, 0 %, 13336 MiB, 54.72 W;3, 0 %, 29676 MiB, 50.25 W; @1786713415
0, 0 %, 13336 MiB, 22.71 W;1, 0 %, 13336 MiB, 23.61 W;2, 0 %, 13336 MiB, 19.64 W;3, 0 %, 29676 MiB, 8.49 W; @1786713418
0, 0 %, 13336 MiB, 22.04 W;1, 0 %, 13336 MiB, 22.78 W;2, 0 %, 13336 MiB, 13.26 W;3, 0 %, 29676 MiB, 7.96 W; @1786713421
0, 0 %, 13336 MiB, 22.48 W;1, 0 %, 13336 MiB, 23.27 W;2, 0 %, 13336 MiB, 13.09 W;3, 0 %, 29676 MiB, 8.20 W; @1786713424
0, 0 %, 13336 MiB, 22.23 W;1, 0 %, 13336 MiB, 22.75 W;2, 0 %, 13336 MiB, 12.80 W;3, 0 %, 29676 MiB, 8.23 W; @1786713427
0, 0 %, 13336 MiB, 22.17 W;1, 0 %, 13336 MiB, 23.17 W;2, 0 %, 13336 MiB, 12.86 W;3, 0 %, 29676 MiB, 8.31 W; @1786713431
0, 0 %, 13336 MiB, 22.02 W;1, 0 %, 13336 MiB, 23.69 W;2, 0 %, 13336 MiB, 12.98 W;3, 0 %, 29676 MiB, 8.35 W; @1786713434
0, 0 %, 13336 MiB, 21.23 W;1, 0 %, 13336 MiB, 23.91 W;2, 0 %, 13336 MiB, 12.62 W;3, 0 %, 29676 MiB, 7.07 W; @1786713437
0, 0 %, 13336 MiB, 21.47 W;1, 0 %, 13336 MiB, 23.61 W;2, 0 %, 13336 MiB, 12.81 W;3, 0 %, 29676 MiB, 6.89 W; @1786713440
0, 0 %, 13336 MiB, 21.10 W;1, 0 %, 13336 MiB, 23.32 W;2, 0 %, 13336 MiB, 12.65 W;3, 0 %, 29676 MiB, 7.08 W; @1786713443
0, 0 %, 13336 MiB, 20.99 W;1, 0 %, 13336 MiB, 23.02 W;2, 0 %, 13336 MiB, 12.48 W;3, 0 %, 29676 MiB, 7.07 W; @1786713446
0, 0 %, 13336 MiB, 21.31 W;1, 0 %, 13336 MiB, 23.66 W;2, 0 %, 13336 MiB, 12.90 W;3, 0 %, 29676 MiB, 7.04 W; @1786713449
0, 0 %, 13336 MiB, 21.40 W;1, 0 %, 13336 MiB, 24.32 W;2, 0 %, 13336 MiB, 12.70 W;3, 0 %, 29676 MiB, 7.28 W; @1786713452
0, 0 %, 13336 MiB, 21.58 W;1, 0 %, 13336 MiB, 23.80 W;2, 0 %, 13336 MiB, 12.80 W;3, 0 %, 29678 MiB, 7.31 W; @1786713456
0, 6 %, 13386 MiB, 64.10 W;1, 6 %, 13336 MiB, 63.05 W;2, 57 %, 13336 MiB, 67.06 W;3, 0 %, 31858 MiB, 50.00 W; @1786713459
0, 0 %, 13386 MiB, 64.09 W;1, 4 %, 13336 MiB, 62.97 W;2, 5 %, 13336 MiB, 58.33 W;3, 0 %, 31858 MiB, 49.69 W; @1786713462
0, 0 %, 13386 MiB, 63.68 W;1, 0 %, 13336 MiB, 62.86 W;2, 0 %, 13336 MiB, 54.99 W;3, 0 %, 31858 MiB, 49.60 W; @1786713465
0, 0 %, 13386 MiB, 63.69 W;1, 0 %, 13336 MiB, 62.05 W;2, 0 %, 13336 MiB, 54.78 W;3, 0 %, 31858 MiB, 49.82 W; @1786713468
0, 0 %, 13386 MiB, 63.91 W;1, 0 %, 13336 MiB, 62.54 W;2, 0 %, 13336 MiB, 55.10 W;3, 0 %, 31858 MiB, 50.46 W; @1786713471
0, 0 %, 13386 MiB, 63.59 W;1, 0 %, 13336 MiB, 62.42 W;2, 0 %, 13336 MiB, 54.87 W;3, 0 %, 31858 MiB, 15.87 W; @1786713474
0, 0 %, 13386 MiB, 63.24 W;1, 0 %, 13336 MiB, 62.08 W;2, 0 %, 13336 MiB, 54.97 W;3, 0 %, 31858 MiB, 7.08 W; @1786713478
0, 0 %, 13386 MiB, 28.07 W;1, 0 %, 13336 MiB, 24.82 W;2, 0 %, 13336 MiB, 19.02 W;3, 0 %, 31858 MiB, 7.79 W; @1786713481
0, 0 %, 13386 MiB, 21.62 W;1, 0 %, 13336 MiB, 23.94 W;2, 0 %, 13336 MiB, 12.76 W;3, 0 %, 31858 MiB, 7.45 W; @1786713484
0, 0 %, 13386 MiB, 21.17 W;1, 0 %, 13336 MiB, 23.13 W;2, 0 %, 13336 MiB, 12.83 W;3, 0 %, 31858 MiB, 7.26 W; @1786713487
0, 0 %, 13386 MiB, 21.17 W;1, 0 %, 13336 MiB, 23.45 W;2, 0 %, 13336 MiB, 12.58 W;3, 0 %, 31858 MiB, 7.53 W; @1786713490
0, 0 %, 13386 MiB, 21.20 W;1, 0 %, 13336 MiB, 23.90 W;2, 0 %, 13336 MiB, 12.60 W;3, 0 %, 31858 MiB, 7.12 W; @1786713493
0, 0 %, 13386 MiB, 21.13 W;1, 0 %, 13336 MiB, 23.92 W;2, 0 %, 13336 MiB, 12.54 W;3, 0 %, 31858 MiB, 7.01 W; @1786713496
0, 0 %, 13386 MiB, 20.57 W;1, 0 %, 13336 MiB, 23.37 W;2, 0 %, 13336 MiB, 12.77 W;3, 0 %, 31858 MiB, 7.04 W; @1786713500
0, 0 %, 13386 MiB, 20.72 W;1, 0 %, 13336 MiB, 23.45 W;2, 0 %, 13336 MiB, 12.80 W;3, 0 %, 31858 MiB, 6.70 W; @1786713503
0, 0 %, 13386 MiB, 21.12 W;1, 0 %, 13336 MiB, 23.60 W;2, 0 %, 13336 MiB, 12.52 W;3, 0 %, 31858 MiB, 6.93 W; @1786713506
0, 0 %, 13386 MiB, 21.10 W;1, 0 %, 13336 MiB, 23.32 W;2, 0 %, 13336 MiB, 12.74 W;3, 0 %, 31858 MiB, 7.21 W; @1786713509
0, 0 %, 13386 MiB, 21.08 W;1, 0 %, 14700 MiB, 31.43 W;2, 0 %, 13336 MiB, 12.62 W;3, 0 %, 31858 MiB, 6.97 W; @1786713512
0, 24 %, 14132 MiB, 78.00 W;1, 0 %, 13338 MiB, 63.01 W;2, 19 %, 13338 MiB, 57.56 W;3, 0 %, 31858 MiB, 22.84 W; @1786713515
0, 100 %, 14134 MiB, 103.94 W;1, 0 %, 13338 MiB, 62.90 W;2, 0 %, 13338 MiB, 54.66 W;3, 100 %, 31858 MiB, 86.23 W; @1786713518
0, 0 %, 14134 MiB, 63.44 W;1, 0 %, 9242 MiB, 62.74 W;2, 0 %, 9242 MiB, 55.21 W;3, 0 %, 24896 MiB, 49.65 W; @1786713521
0, 0 %, 14134 MiB, 63.24 W;1, 0 %, 9242 MiB, 62.36 W;2, 0 %, 9242 MiB, 54.79 W;3, 0 %, 24896 MiB, 49.40 W; @1786713525
0, 0 %, 14134 MiB, 63.24 W;1, 0 %, 9242 MiB, 62.43 W;2, 0 %, 9242 MiB, 54.65 W;3, 0 %, 24896 MiB, 49.79 W; @1786713528
0, 0 %, 14134 MiB, 63.29 W;1, 0 %, 9242 MiB, 60.33 W;2, 0 %, 9242 MiB, 54.58 W;3, 0 %, 24896 MiB, 49.86 W; @1786713531
0, 0 %, 14134 MiB, 62.85 W;1, 0 %, 9242 MiB, 23.38 W;2, 0 %, 9242 MiB, 12.85 W;3, 0 %, 24896 MiB, 49.67 W; @1786713534
0, 0 %, 14134 MiB, 21.84 W;1, 0 %, 9242 MiB, 23.88 W;2, 0 %, 9242 MiB, 12.66 W;3, 0 %, 25030 MiB, 24.86 W; @1786713537
0, 0 %, 14134 MiB, 21.14 W;1, 0 %, 9242 MiB, 24.17 W;2, 0 %, 9242 MiB, 12.73 W;3, 0 %, 25248 MiB, 62.69 W; @1786713540
0, 0 %, 14134 MiB, 21.40 W;1, 0 %, 9242 MiB, 23.66 W;2, 0 %, 9242 MiB, 12.67 W;3, 0 %, 25248 MiB, 49.89 W; @1786713543
0, 0 %, 14134 MiB, 21.42 W;1, 0 %, 9242 MiB, 23.37 W;2, 0 %, 9242 MiB, 12.56 W;3, 0 %, 25248 MiB, 50.02 W; @1786713546
0, 0 %, 14134 MiB, 21.06 W;1, 0 %, 9242 MiB, 23.27 W;2, 0 %, 9242 MiB, 12.42 W;3, 0 %, 25248 MiB, 49.76 W; @1786713549
0, 0 %, 14134 MiB, 21.34 W;1, 0 %, 9242 MiB, 23.98 W;2, 0 %, 9242 MiB, 12.57 W;3, 0 %, 25248 MiB, 49.87 W; @1786713553
0, 0 %, 14134 MiB, 21.80 W;1, 0 %, 9242 MiB, 23.47 W;2, 0 %, 9242 MiB, 12.95 W;3, 42 %, 25824 MiB, 367.74 W; @1786713556
0, 0 %, 14134 MiB, 22.04 W;1, 0 %, 9242 MiB, 23.36 W;2, 0 %, 9242 MiB, 14.58 W;3, 42 %, 25824 MiB, 222.16 W; @1786713559
0, 0 %, 14134 MiB, 21.89 W;1, 0 %, 9242 MiB, 23.57 W;2, 0 %, 9242 MiB, 15.48 W;3, 77 %, 25824 MiB, 303.19 W; @1786713562
0, 0 %, 14134 MiB, 22.58 W;1, 0 %, 9242 MiB, 23.06 W;2, 0 %, 9242 MiB, 15.65 W;3, 46 %, 25824 MiB, 292.71 W; @1786713565
0, 0 %, 14134 MiB, 63.30 W;1, 0 %, 9242 MiB, 61.81 W;2, 0 %, 9242 MiB, 54.39 W;3, 7 %, 25824 MiB, 205.74 W; @1786713569
0, 0 %, 14138 MiB, 62.80 W;1, 0 %, 9274 MiB, 62.74 W;2, 0 %, 9274 MiB, 54.35 W;3, 13 %, 25824 MiB, 142.85 W; @1786713572
0, 0 %, 17844 MiB, 207.74 W;1, 100 %, 12980 MiB, 148.93 W;2, 0 %, 12980 MiB, 225.50 W;3, 40 %, 25824 MiB, 221.45 W; @1786713575
0, 53 %, 17844 MiB, 415.71 W;1, 43 %, 12980 MiB, 426.69 W;2, 53 %, 12980 MiB, 391.95 W;3, 11 %, 25824 MiB, 245.49 W; @1786713578
0, 0 %, 17844 MiB, 64.38 W;1, 0 %, 12980 MiB, 64.15 W;2, 0 %, 12980 MiB, 55.76 W;3, 27 %, 25824 MiB, 143.84 W; @1786713582
0, 0 %, 17844 MiB, 63.47 W;1, 0 %, 12980 MiB, 66.01 W;2, 0 %, 12980 MiB, 57.83 W;3, 21 %, 25824 MiB, 120.51 W; @1786713585
0, 21 %, 17844 MiB, 63.43 W;1, 0 %, 12980 MiB, 174.13 W;2, 0 %, 12980 MiB, 88.29 W;3, 31 %, 25824 MiB, 112.82 W; @1786713588
0, 85 %, 17844 MiB, 476.32 W;1, 99 %, 12980 MiB, 451.42 W;2, 97 %, 12980 MiB, 439.79 W;3, 36 %, 25824 MiB, 178.82 W; @1786713591
0, 0 %, 17844 MiB, 72.19 W;1, 0 %, 12980 MiB, 75.02 W;2, 0 %, 12980 MiB, 61.86 W;3, 10 %, 25824 MiB, 90.17 W; @1786713595
0, 0 %, 17844 MiB, 63.62 W;1, 0 %, 12980 MiB, 64.76 W;2, 0 %, 12980 MiB, 56.15 W;3, 9 %, 25824 MiB, 86.64 W; @1786713598
0, 0 %, 17844 MiB, 63.28 W;1, 0 %, 12980 MiB, 64.49 W;2, 0 %, 12980 MiB, 55.83 W;3, 15 %, 25824 MiB, 113.08 W; @1786713601
0, 0 %, 17844 MiB, 63.63 W;1, 0 %, 12980 MiB, 63.78 W;2, 0 %, 12980 MiB, 55.68 W;3, 0 %, 25824 MiB, 51.17 W; @1786713604
0, 52 %, 21052 MiB, 488.90 W;1, 99 %, 16184 MiB, 465.17 W;2, 98 %, 16186 MiB, 468.20 W;3, 0 %, 25824 MiB, 51.24 W; @1786713607
0, 98 %, 21288 MiB, 523.85 W;1, 98 %, 16422 MiB, 491.48 W;2, 98 %, 16422 MiB, 503.12 W;3, 0 %, 25824 MiB, 50.80 W; @1786713610
0, 98 %, 21832 MiB, 520.94 W;1, 83 %, 16966 MiB, 475.43 W;2, 98 %, 16966 MiB, 499.34 W;3, 0 %, 25824 MiB, 51.09 W; @1786713613
0, 99 %, 22104 MiB, 516.53 W;1, 99 %, 16966 MiB, 474.96 W;2, 98 %, 16966 MiB, 497.30 W;3, 0 %, 25824 MiB, 51.41 W; @1786713617
0, 99 %, 22472 MiB, 510.83 W;1, 99 %, 17334 MiB, 389.95 W;2, 25 %, 17334 MiB, 486.13 W;3, 0 %, 25824 MiB, 51.27 W; @1786713620
0, 0 %, 22472 MiB, 65.26 W;1, 0 %, 17334 MiB, 67.80 W;2, 0 %, 17334 MiB, 58.40 W;3, 0 %, 25824 MiB, 9.04 W; @1786713623
0, 98 %, 22472 MiB, 349.27 W;1, 98 %, 17334 MiB, 267.45 W;2, 98 %, 17334 MiB, 355.80 W;3, 0 %, 25824 MiB, 8.62 W; @1786713626
0, 98 %, 22472 MiB, 529.33 W;1, 75 %, 17334 MiB, 485.95 W;2, 99 %, 17334 MiB, 508.95 W;3, 0 %, 25824 MiB, 10.51 W; @1786713629
0, 0 %, 22472 MiB, 78.17 W;1, 0 %, 17334 MiB, 79.57 W;2, 0 %, 17334 MiB, 69.17 W;3, 0 %, 25824 MiB, 8.42 W; @1786713633
0, 0 %, 22472 MiB, 98.56 W;1, 0 %, 17334 MiB, 67.93 W;2, 98 %, 17334 MiB, 116.57 W;3, 0 %, 25824 MiB, 8.00 W; @1786713636
0, 99 %, 22472 MiB, 551.82 W;1, 99 %, 17334 MiB, 510.18 W;2, 98 %, 17334 MiB, 527.28 W;3, 0 %, 25824 MiB, 10.17 W; @1786713639
0, 0 %, 22472 MiB, 75.45 W;1, 0 %, 17334 MiB, 77.00 W;2, 0 %, 17334 MiB, 65.09 W;3, 0 %, 25824 MiB, 8.23 W; @1786713642
0, 0 %, 22472 MiB, 65.25 W;1, 0 %, 17334 MiB, 68.04 W;2, 0 %, 17334 MiB, 58.44 W;3, 0 %, 25824 MiB, 8.03 W; @1786713645
0, 0 %, 22472 MiB, 65.05 W;1, 0 %, 17334 MiB, 67.29 W;2, 0 %, 17334 MiB, 58.20 W;3, 0 %, 25824 MiB, 7.99 W; @1786713648
0, 99 %, 23214 MiB, 529.55 W;1, 100 %, 17934 MiB, 486.76 W;2, 99 %, 17930 MiB, 506.51 W;3, 0 %, 25824 MiB, 9.40 W; @1786713652
0, 0 %, 23214 MiB, 315.41 W;1, 99 %, 17934 MiB, 352.15 W;2, 98 %, 17930 MiB, 310.14 W;3, 0 %, 25824 MiB, 9.78 W; @1786713655
0, 99 %, 23214 MiB, 550.59 W;1, 98 %, 18234 MiB, 507.96 W;2, 99 %, 18534 MiB, 534.64 W;3, 0 %, 25824 MiB, 9.98 W; @1786713658
0, 99 %, 23214 MiB, 559.22 W;1, 99 %, 18534 MiB, 517.37 W;2, 99 %, 18534 MiB, 536.56 W;3, 0 %, 25824 MiB, 9.91 W; @1786713661
0, 99 %, 23214 MiB, 556.14 W;1, 99 %, 18534 MiB, 513.74 W;2, 99 %, 18534 MiB, 536.58 W;3, 0 %, 25824 MiB, 10.28 W; @1786713664
0, 0 %, 23214 MiB, 93.11 W;1, 0 %, 18534 MiB, 90.39 W;2, 17 %, 18534 MiB, 91.38 W;3, 0 %, 25824 MiB, 8.05 W; @1786713667
0, 0 %, 23214 MiB, 67.34 W;1, 0 %, 18534 MiB, 69.56 W;2, 0 %, 18534 MiB, 60.99 W;3, 0 %, 25824 MiB, 7.58 W; @1786713671
0, 99 %, 23214 MiB, 536.91 W;1, 98 %, 18534 MiB, 492.40 W;2, 98 %, 18534 MiB, 512.49 W;3, 0 %, 25824 MiB, 10.10 W; @1786713674
0, 0 %, 23214 MiB, 190.93 W;1, 0 %, 18534 MiB, 281.82 W;2, 0 %, 18534 MiB, 203.13 W;3, 0 %, 25824 MiB, 10.37 W; @1786713677
0, 0 %, 23214 MiB, 67.75 W;1, 0 %, 18534 MiB, 69.82 W;2, 0 %, 18534 MiB, 61.26 W;3, 0 %, 25824 MiB, 7.50 W; @1786713680
0, 98 %, 23214 MiB, 553.71 W;1, 100 %, 18534 MiB, 509.37 W;2, 98 %, 18534 MiB, 528.73 W;3, 0 %, 25824 MiB, 8.91 W; @1786713683
0, 98 %, 23214 MiB, 500.21 W;1, 98 %, 18534 MiB, 339.97 W;2, 0 %, 18534 MiB, 434.36 W;3, 0 %, 25824 MiB, 10.45 W; @1786713687
0, 0 %, 23214 MiB, 67.25 W;1, 0 %, 18534 MiB, 69.88 W;2, 0 %, 18534 MiB, 61.17 W;3, 0 %, 25824 MiB, 8.05 W; @1786713690
0, 0 %, 23214 MiB, 66.62 W;1, 0 %, 18534 MiB, 69.33 W;2, 0 %, 18534 MiB, 60.58 W;3, 0 %, 25824 MiB, 7.64 W; @1786713693
0, 0 %, 23214 MiB, 66.13 W;1, 0 %, 18534 MiB, 69.17 W;2, 0 %, 18534 MiB, 59.66 W;3, 0 %, 25824 MiB, 8.84 W; @1786713696
0, 98 %, 23214 MiB, 551.02 W;1, 99 %, 18534 MiB, 508.05 W;2, 99 %, 18534 MiB, 531.14 W;3, 0 %, 25824 MiB, 9.94 W; @1786713700
0, 99 %, 23214 MiB, 555.47 W;1, 99 %, 18534 MiB, 514.31 W;2, 99 %, 18534 MiB, 531.76 W;3, 0 %, 25824 MiB, 11.06 W; @1786713703
0, 99 %, 23214 MiB, 557.16 W;1, 99 %, 18838 MiB, 513.06 W;2, 99 %, 18534 MiB, 528.26 W;3, 0 %, 25824 MiB, 10.90 W; @1786713706
0, 99 %, 23214 MiB, 540.33 W;1, 99 %, 18838 MiB, 501.02 W;2, 99 %, 18534 MiB, 524.51 W;3, 0 %, 25824 MiB, 10.60 W; @1786713709
0, 99 %, 23214 MiB, 540.83 W;1, 99 %, 18838 MiB, 501.80 W;2, 99 %, 18534 MiB, 521.86 W;3, 0 %, 25824 MiB, 10.71 W; @1786713712
0, 0 %, 23214 MiB, 88.77 W;1, 0 %, 18838 MiB, 88.01 W;2, 0 %, 18534 MiB, 84.67 W;3, 0 %, 25824 MiB, 8.49 W; @1786713716
0, 0 %, 23214 MiB, 69.16 W;1, 0 %, 18838 MiB, 70.78 W;2, 0 %, 18534 MiB, 62.05 W;3, 0 %, 25824 MiB, 7.77 W; @1786713719
0, 97 %, 23214 MiB, 544.00 W;1, 98 %, 18838 MiB, 499.07 W;2, 99 %, 18534 MiB, 516.50 W;3, 0 %, 25824 MiB, 10.54 W; @1786713722
0, 0 %, 23214 MiB, 291.57 W;1, 0 %, 18838 MiB, 125.73 W;2, 2 %, 18534 MiB, 267.09 W;3, 0 %, 25824 MiB, 9.48 W; @1786713725
0, 0 %, 23214 MiB, 67.78 W;1, 0 %, 18838 MiB, 70.89 W;2, 0 %, 18534 MiB, 62.14 W;3, 0 %, 25824 MiB, 8.40 W; @1786713729
0, 98 %, 23214 MiB, 558.80 W;1, 88 %, 18838 MiB, 514.15 W;2, 98 %, 18534 MiB, 529.87 W;3, 0 %, 25824 MiB, 10.72 W; @1786713732
0, 0 %, 23214 MiB, 267.80 W;1, 0 %, 18838 MiB, 287.05 W;2, 0 %, 18534 MiB, 259.23 W;3, 0 %, 25824 MiB, 9.22 W; @1786713735
0, 0 %, 23214 MiB, 67.55 W;1, 0 %, 18838 MiB, 70.56 W;2, 0 %, 18534 MiB, 61.53 W;3, 0 %, 25824 MiB, 7.69 W; @1786713738
0, 0 %, 23214 MiB, 67.09 W;1, 0 %, 18838 MiB, 70.07 W;2, 0 %, 18534 MiB, 60.94 W;3, 0 %, 25824 MiB, 7.86 W; @1786713742
0, 0 %, 23214 MiB, 66.69 W;1, 0 %, 18838 MiB, 69.41 W;2, 0 %, 18534 MiB, 60.21 W;3, 0 %, 25824 MiB, 7.37 W; @1786713745
0, 99 %, 23214 MiB, 549.22 W;1, 99 %, 18838 MiB, 515.63 W;2, 99 %, 18534 MiB, 529.75 W;3, 0 %, 25824 MiB, 10.02 W; @1786713748
0, 99 %, 23214 MiB, 554.53 W;1, 99 %, 18838 MiB, 515.47 W;2, 99 %, 18534 MiB, 533.04 W;3, 0 %, 25824 MiB, 10.20 W; @1786713751
0, 99 %, 23214 MiB, 541.20 W;1, 99 %, 18838 MiB, 520.94 W;2, 99 %, 18534 MiB, 522.39 W;3, 0 %, 25824 MiB, 9.73 W; @1786713754
0, 98 %, 23214 MiB, 542.16 W;1, 99 %, 18838 MiB, 501.94 W;2, 92 %, 18534 MiB, 518.34 W;3, 0 %, 25824 MiB, 10.70 W; @1786713757
0, 99 %, 23214 MiB, 544.68 W;1, 99 %, 18838 MiB, 508.03 W;2, 99 %, 18534 MiB, 523.08 W;3, 0 %, 25824 MiB, 10.73 W; @1786713761
0, 7 %, 23214 MiB, 102.31 W;1, 7 %, 22934 MiB, 92.95 W;2, 11 %, 22630 MiB, 93.58 W;3, 0 %, 31968 MiB, 50.90 W; @1786713764
0, 5 %, 23214 MiB, 69.28 W;1, 5 %, 22934 MiB, 71.21 W;2, 5 %, 22630 MiB, 63.28 W;3, 0 %, 31968 MiB, 50.38 W; @1786713767
0, 0 %, 23214 MiB, 68.03 W;1, 0 %, 22934 MiB, 70.61 W;2, 0 %, 22630 MiB, 61.52 W;3, 0 %, 31968 MiB, 50.31 W; @1786713770
0, 0 %, 23214 MiB, 67.86 W;1, 0 %, 22934 MiB, 70.35 W;2, 0 %, 22630 MiB, 60.34 W;3, 0 %, 31968 MiB, 50.84 W; @1786713773
0, 0 %, 23214 MiB, 67.14 W;1, 0 %, 22934 MiB, 69.92 W;2, 0 %, 22630 MiB, 60.56 W;3, 0 %, 31968 MiB, 51.11 W; @1786713776
0, 0 %, 23214 MiB, 67.13 W;1, 0 %, 22934 MiB, 69.40 W;2, 0 %, 22630 MiB, 59.85 W;3, 0 %, 31968 MiB, 48.38 W; @1786713779
0, 0 %, 23214 MiB, 66.71 W;1, 0 %, 22934 MiB, 69.20 W;2, 0 %, 22630 MiB, 60.19 W;3, 0 %, 31968 MiB, 8.02 W; @1786713782
0, 0 %, 23214 MiB, 31.98 W;1, 0 %, 22934 MiB, 44.65 W;2, 0 %, 22630 MiB, 43.79 W;3, 0 %, 31968 MiB, 8.14 W; @1786713786
0, 0 %, 23214 MiB, 23.04 W;1, 0 %, 22934 MiB, 28.03 W;2, 0 %, 22630 MiB, 15.30 W;3, 0 %, 31968 MiB, 7.96 W; @1786713789
0, 0 %, 23214 MiB, 23.24 W;1, 0 %, 22934 MiB, 27.78 W;2, 0 %, 22630 MiB, 14.44 W;3, 0 %, 31968 MiB, 7.81 W; @1786713792
0, 0 %, 23214 MiB, 22.86 W;1, 0 %, 22934 MiB, 27.28 W;2, 0 %, 22630 MiB, 14.15 W;3, 0 %, 31968 MiB, 7.94 W; @1786713795
0, 0 %, 23214 MiB, 22.56 W;1, 0 %, 22934 MiB, 27.00 W;2, 0 %, 22630 MiB, 14.09 W;3, 0 %, 31968 MiB, 8.01 W; @1786713798
0, 0 %, 23214 MiB, 22.46 W;1, 0 %, 22934 MiB, 26.59 W;2, 0 %, 22630 MiB, 13.90 W;3, 0 %, 31968 MiB, 8.03 W; @1786713801
0, 0 %, 23214 MiB, 22.49 W;1, 0 %, 22934 MiB, 26.13 W;2, 0 %, 22630 MiB, 13.51 W;3, 0 %, 31968 MiB, 7.59 W; @1786713805
0, 0 %, 23214 MiB, 22.00 W;1, 0 %, 22934 MiB, 26.26 W;2, 0 %, 22630 MiB, 13.53 W;3, 0 %, 31968 MiB, 8.05 W; @1786713808
0, 0 %, 23214 MiB, 22.14 W;1, 0 %, 22934 MiB, 25.98 W;2, 0 %, 22630 MiB, 13.54 W;3, 0 %, 31968 MiB, 8.11 W; @1786713811
0, 0 %, 23214 MiB, 22.04 W;1, 0 %, 22934 MiB, 25.47 W;2, 0 %, 22630 MiB, 13.31 W;3, 0 %, 31968 MiB, 8.05 W; @1786713814
0, 0 %, 23214 MiB, 21.99 W;1, 0 %, 22934 MiB, 26.19 W;2, 0 %, 22630 MiB, 13.47 W;3, 0 %, 31968 MiB, 7.76 W; @1786713817
0, 7 %, 23214 MiB, 66.84 W;1, 11 %, 22934 MiB, 67.89 W;2, 22 %, 22630 MiB, 63.02 W;3, 0 %, 31968 MiB, 8.15 W; @1786713820
0, 4 %, 15016 MiB, 66.76 W;1, 0 %, 14514 MiB, 66.09 W;2, 0 %, 14514 MiB, 56.79 W;3, 0 %, 31968 MiB, 7.71 W; @1786713823
0, 100 %, 15016 MiB, 110.18 W;1, 0 %, 14514 MiB, 66.07 W;2, 0 %, 14514 MiB, 56.89 W;3, 36 %, 31968 MiB, 93.05 W; @1786713826
0, 0 %, 15016 MiB, 64.36 W;1, 0 %, 10418 MiB, 64.36 W;2, 0 %, 10418 MiB, 56.67 W;3, 32 %, 25384 MiB, 218.51 W; @1786713830
0, 0 %, 15016 MiB, 64.04 W;1, 0 %, 10418 MiB, 64.13 W;2, 0 %, 10418 MiB, 55.96 W;3, 27 %, 25528 MiB, 181.15 W; @1786713833
0, 0 %, 15016 MiB, 64.32 W;1, 0 %, 10418 MiB, 64.05 W;2, 0 %, 10418 MiB, 56.10 W;3, 43 %, 25822 MiB, 266.93 W; @1786713836
0, 0 %, 15016 MiB, 64.29 W;1, 0 %, 10418 MiB, 58.64 W;2, 0 %, 10418 MiB, 25.49 W;3, 16 %, 25822 MiB, 254.57 W; @1786713839
0, 0 %, 15016 MiB, 64.05 W;1, 0 %, 10418 MiB, 25.11 W;2, 0 %, 10418 MiB, 16.84 W;3, 56 %, 25822 MiB, 195.55 W; @1786713842
0, 0 %, 15016 MiB, 64.50 W;1, 0 %, 10418 MiB, 64.16 W;2, 0 %, 10418 MiB, 56.11 W;3, 41 %, 25822 MiB, 229.76 W; @1786713845
0, 0 %, 15016 MiB, 64.13 W;1, 0 %, 10418 MiB, 63.79 W;2, 0 %, 10418 MiB, 56.18 W;3, 23 %, 25822 MiB, 194.70 W; @1786713849
0, 76 %, 18870 MiB, 418.37 W;1, 96 %, 13992 MiB, 416.50 W;2, 50 %, 13992 MiB, 384.55 W;3, 14 %, 25822 MiB, 150.77 W; @1786713852
0, 99 %, 18870 MiB, 390.50 W;1, 0 %, 13992 MiB, 364.96 W;2, 66 %, 13992 MiB, 275.83 W;3, 36 %, 25822 MiB, 252.46 W; @1786713855
0, 0 %, 18870 MiB, 65.24 W;1, 0 %, 13992 MiB, 65.41 W;2, 0 %, 13992 MiB, 58.12 W;3, 18 %, 25822 MiB, 228.97 W; @1786713858
0, 0 %, 18870 MiB, 142.22 W;1, 0 %, 13992 MiB, 100.40 W;2, 0 %, 13992 MiB, 128.00 W;3, 21 %, 25822 MiB, 219.35 W; @1786713861
0, 44 %, 18870 MiB, 365.20 W;1, 63 %, 13992 MiB, 321.55 W;2, 88 %, 13992 MiB, 309.58 W;3, 19 %, 25822 MiB, 147.00 W; @1786713865
0, 0 %, 18870 MiB, 95.89 W;1, 0 %, 13992 MiB, 86.85 W;2, 0 %, 13992 MiB, 85.25 W;3, 13 %, 25822 MiB, 172.79 W; @1786713868
0, 0 %, 18870 MiB, 65.32 W;1, 0 %, 13992 MiB, 65.87 W;2, 0 %, 13992 MiB, 57.67 W;3, 13 %, 25822 MiB, 136.54 W; @1786713871
0, 0 %, 18870 MiB, 65.52 W;1, 0 %, 13992 MiB, 64.71 W;2, 0 %, 13992 MiB, 57.08 W;3, 27 %, 25822 MiB, 148.18 W; @1786713874
0, 0 %, 18870 MiB, 65.04 W;1, 0 %, 13992 MiB, 63.92 W;2, 0 %, 13992 MiB, 57.19 W;3, 14 %, 25822 MiB, 114.71 W; @1786713878
0, 63 %, 22170 MiB, 506.40 W;1, 64 %, 17320 MiB, 454.49 W;2, 92 %, 17290 MiB, 462.57 W;3, 23 %, 25822 MiB, 135.97 W; @1786713881
0, 98 %, 22406 MiB, 547.85 W;1, 99 %, 17522 MiB, 504.62 W;2, 99 %, 17522 MiB, 519.00 W;3, 17 %, 25822 MiB, 134.28 W; @1786713884
0, 99 %, 23002 MiB, 558.39 W;1, 84 %, 18114 MiB, 505.75 W;2, 99 %, 18114 MiB, 531.25 W;3, 0 %, 25822 MiB, 51.89 W; @1786713887
0, 99 %, 23744 MiB, 558.58 W;1, 98 %, 18114 MiB, 508.81 W;2, 99 %, 18114 MiB, 533.36 W;3, 0 %, 25822 MiB, 51.59 W; @1786713890
0, 99 %, 23744 MiB, 535.47 W;1, 99 %, 18114 MiB, 514.34 W;2, 99 %, 18114 MiB, 534.28 W;3, 0 %, 25822 MiB, 51.35 W; @1786713893
0, 0 %, 23860 MiB, 99.75 W;1, 0 %, 18230 MiB, 89.83 W;2, 0 %, 18230 MiB, 90.04 W;3, 0 %, 25822 MiB, 51.66 W; @1786713897
0, 60 %, 23860 MiB, 137.98 W;1, 0 %, 18230 MiB, 67.54 W;2, 0 %, 18230 MiB, 59.80 W;3, 0 %, 25822 MiB, 51.11 W; @1786713900
0, 98 %, 23860 MiB, 542.64 W;1, 87 %, 18230 MiB, 504.13 W;2, 99 %, 18230 MiB, 514.44 W;3, 0 %, 25822 MiB, 12.55 W; @1786713903
0, 0 %, 23860 MiB, 99.14 W;1, 0 %, 18230 MiB, 91.30 W;2, 0 %, 18230 MiB, 247.18 W;3, 0 %, 25822 MiB, 8.78 W; @1786713907
0, 0 %, 23860 MiB, 67.06 W;1, 0 %, 18230 MiB, 69.64 W;2, 0 %, 18230 MiB, 60.68 W;3, 0 %, 25822 MiB, 8.70 W; @1786713910
0, 99 %, 23860 MiB, 553.55 W;1, 99 %, 18230 MiB, 509.36 W;2, 99 %, 18230 MiB, 526.52 W;3, 0 %, 25822 MiB, 10.27 W; @1786713913
0, 0 %, 23860 MiB, 107.65 W;1, 0 %, 18230 MiB, 103.11 W;2, 0 %, 18230 MiB, 91.52 W;3, 0 %, 25822 MiB, 8.23 W; @1786713916
0, 0 %, 23860 MiB, 66.90 W;1, 0 %, 18230 MiB, 69.18 W;2, 0 %, 18230 MiB, 60.45 W;3, 0 %, 25822 MiB, 8.48 W; @1786713919
0, 0 %, 23860 MiB, 66.21 W;1, 0 %, 18230 MiB, 69.07 W;2, 0 %, 18230 MiB, 59.73 W;3, 0 %, 25822 MiB, 8.44 W; @1786713923
0, 0 %, 23860 MiB, 69.33 W;1, 0 %, 18230 MiB, 68.26 W;2, 98 %, 18230 MiB, 65.41 W;3, 0 %, 25822 MiB, 8.55 W; @1786713926
0, 99 %, 23860 MiB, 554.49 W;1, 99 %, 18532 MiB, 511.33 W;2, 99 %, 18532 MiB, 530.93 W;3, 0 %, 25822 MiB, 11.45 W; @1786713929
0, 99 %, 23860 MiB, 558.66 W;1, 99 %, 18836 MiB, 511.61 W;2, 99 %, 18836 MiB, 510.95 W;3, 0 %, 25822 MiB, 11.40 W; @1786713932
0, 99 %, 23860 MiB, 534.78 W;1, 99 %, 18836 MiB, 492.68 W;2, 100 %, 18836 MiB, 511.36 W;3, 0 %, 25822 MiB, 11.56 W; @1786713935
0, 98 %, 23860 MiB, 553.90 W;1, 98 %, 18836 MiB, 509.39 W;2, 99 %, 18836 MiB, 525.65 W;3, 0 %, 25822 MiB, 11.29 W; @1786713938
0, 99 %, 23860 MiB, 387.21 W;1, 99 %, 18836 MiB, 395.63 W;2, 99 %, 18836 MiB, 536.94 W;3, 0 %, 25822 MiB, 11.27 W; @1786713942
0, 0 %, 23860 MiB, 69.20 W;1, 0 %, 18836 MiB, 69.93 W;2, 0 %, 18836 MiB, 62.74 W;3, 0 %, 25822 MiB, 8.88 W; @1786713945
0, 0 %, 23860 MiB, 68.32 W;1, 0 %, 18836 MiB, 69.60 W;2, 0 %, 18836 MiB, 62.08 W;3, 0 %, 25822 MiB, 8.31 W; @1786713948
0, 91 %, 23860 MiB, 546.53 W;1, 98 %, 18836 MiB, 500.48 W;2, 100 %, 18836 MiB, 531.52 W;3, 0 %, 25822 MiB, 11.23 W; @1786713951
0, 0 %, 23860 MiB, 100.79 W;1, 0 %, 18836 MiB, 91.80 W;2, 0 %, 18836 MiB, 91.81 W;3, 0 %, 25822 MiB, 9.60 W; @1786713954
0, 0 %, 23860 MiB, 68.52 W;1, 0 %, 18836 MiB, 70.62 W;2, 0 %, 18836 MiB, 61.90 W;3, 0 %, 25822 MiB, 8.03 W; @1786713957
0, 98 %, 23860 MiB, 555.89 W;1, 98 %, 18836 MiB, 514.98 W;2, 99 %, 18836 MiB, 515.95 W;3, 0 %, 25822 MiB, 9.53 W; @1786713961
0, 98 %, 23860 MiB, 455.79 W;1, 98 %, 18836 MiB, 222.46 W;2, 0 %, 18836 MiB, 357.08 W;3, 0 %, 25822 MiB, 10.87 W; @1786713964
0, 0 %, 23860 MiB, 68.31 W;1, 0 %, 18836 MiB, 70.42 W;2, 0 %, 18836 MiB, 62.29 W;3, 0 %, 25822 MiB, 7.04 W; @1786713967
0, 0 %, 23860 MiB, 67.28 W;1, 0 %, 18836 MiB, 69.45 W;2, 0 %, 18836 MiB, 61.72 W;3, 0 %, 25822 MiB, 7.45 W; @1786713970
0, 0 %, 23860 MiB, 66.70 W;1, 0 %, 18836 MiB, 69.16 W;2, 0 %, 18836 MiB, 60.81 W;3, 0 %, 25822 MiB, 7.72 W; @1786713974
0, 99 %, 23860 MiB, 538.94 W;1, 99 %, 18836 MiB, 495.82 W;2, 99 %, 18836 MiB, 511.86 W;3, 0 %, 25822 MiB, 9.41 W; @1786713977
0, 99 %, 23860 MiB, 541.71 W;1, 99 %, 18836 MiB, 499.69 W;2, 99 %, 18836 MiB, 520.06 W;3, 0 %, 25822 MiB, 10.51 W; @1786713980
0, 100 %, 23860 MiB, 538.21 W;1, 96 %, 18836 MiB, 498.27 W;2, 99 %, 18836 MiB, 514.98 W;3, 0 %, 25822 MiB, 10.44 W; @1786713983
0, 10 %, 23860 MiB, 373.44 W;1, 91 %, 18836 MiB, 379.92 W;2, 0 %, 18836 MiB, 388.34 W;3, 0 %, 25822 MiB, 10.39 W; @1786713986
0, 92 %, 23860 MiB, 549.91 W;1, 99 %, 18836 MiB, 508.53 W;2, 98 %, 18836 MiB, 517.62 W;3, 0 %, 25822 MiB, 10.72 W; @1786713989
0, 0 %, 23860 MiB, 212.60 W;1, 0 %, 18836 MiB, 212.31 W;2, 0 %, 18836 MiB, 127.18 W;3, 0 %, 25822 MiB, 10.92 W; @1786713992
0, 0 %, 23860 MiB, 69.20 W;1, 0 %, 18836 MiB, 70.96 W;2, 0 %, 18836 MiB, 63.17 W;3, 0 %, 25822 MiB, 7.51 W; @1786713995
0, 88 %, 23860 MiB, 543.03 W;1, 100 %, 18836 MiB, 500.74 W;2, 98 %, 18836 MiB, 515.54 W;3, 0 %, 25822 MiB, 9.04 W; @1786713998
0, 98 %, 23860 MiB, 546.90 W;1, 98 %, 18836 MiB, 504.20 W;2, 98 %, 18836 MiB, 521.24 W;3, 0 %, 25822 MiB, 10.60 W; @1786714002
0, 0 %, 23860 MiB, 92.29 W;1, 0 %, 18836 MiB, 76.90 W;2, 0 %, 18836 MiB, 78.01 W;3, 0 %, 25822 MiB, 7.80 W; @1786714005
0, 0 %, 23860 MiB, 67.96 W;1, 0 %, 18836 MiB, 70.51 W;2, 0 %, 18836 MiB, 62.75 W;3, 0 %, 25822 MiB, 7.47 W; @1786714008
0, 98 %, 23860 MiB, 560.22 W;1, 98 %, 18836 MiB, 513.53 W;2, 99 %, 18836 MiB, 534.39 W;3, 0 %, 25822 MiB, 10.27 W; @1786714011
0, 98 %, 23860 MiB, 544.76 W;1, 100 %, 18836 MiB, 494.92 W;2, 98 %, 18836 MiB, 517.23 W;3, 0 %, 25822 MiB, 10.53 W; @1786714029
0, 98 %, 23860 MiB, 556.72 W;1, 96 %, 18836 MiB, 502.24 W;2, 98 %, 18836 MiB, 529.31 W;3, 0 %, 25822 MiB, 10.29 W; @1786714032
0, 99 %, 23860 MiB, 562.35 W;1, 99 %, 19152 MiB, 524.75 W;2, 99 %, 19150 MiB, 541.33 W;3, 0 %, 25822 MiB, 10.18 W; @1786714035
0, 99 %, 23860 MiB, 565.87 W;1, 99 %, 19152 MiB, 522.11 W;2, 99 %, 19150 MiB, 542.08 W;3, 0 %, 25822 MiB, 10.93 W; @1786714038
0, 99 %, 23860 MiB, 565.24 W;1, 99 %, 19152 MiB, 517.97 W;2, 99 %, 19150 MiB, 544.05 W;3, 0 %, 25822 MiB, 10.48 W; @1786714042
0, 2 %, 23860 MiB, 90.59 W;1, 6 %, 23248 MiB, 91.64 W;2, 6 %, 23246 MiB, 93.42 W;3, 0 %, 31966 MiB, 50.62 W; @1786714045
0, 4 %, 23860 MiB, 69.80 W;1, 0 %, 23248 MiB, 70.83 W;2, 29 %, 23246 MiB, 63.81 W;3, 0 %, 31966 MiB, 50.64 W; @1786714048
0, 4 %, 23860 MiB, 68.36 W;1, 0 %, 23248 MiB, 70.18 W;2, 13 %, 23246 MiB, 62.91 W;3, 0 %, 31966 MiB, 50.27 W; @1786714051
0, 0 %, 23860 MiB, 67.59 W;1, 0 %, 23248 MiB, 69.92 W;2, 0 %, 23246 MiB, 61.76 W;3, 0 %, 31966 MiB, 50.05 W; @1786714054
0, 0 %, 23860 MiB, 67.17 W;1, 0 %, 23248 MiB, 69.12 W;2, 0 %, 23246 MiB, 61.08 W;3, 0 %, 31966 MiB, 50.33 W; @1786714057
0, 0 %, 23860 MiB, 66.57 W;1, 0 %, 23248 MiB, 69.19 W;2, 0 %, 23246 MiB, 60.35 W;3, 0 %, 31966 MiB, 14.44 W; @1786714060
0, 0 %, 23860 MiB, 66.30 W;1, 0 %, 23248 MiB, 68.59 W;2, 0 %, 23246 MiB, 60.30 W;3, 0 %, 31966 MiB, 7.08 W; @1786714064
0, 0 %, 23860 MiB, 66.31 W;1, 0 %, 23248 MiB, 27.90 W;2, 0 %, 23246 MiB, 59.88 W;3, 0 %, 31966 MiB, 7.22 W; @1786714067
0, 0 %, 23860 MiB, 23.93 W;1, 0 %, 23248 MiB, 27.08 W;2, 0 %, 23246 MiB, 55.47 W;3, 0 %, 31966 MiB, 7.06 W; @1786714070
0, 0 %, 23860 MiB, 23.01 W;1, 0 %, 23248 MiB, 26.72 W;2, 0 %, 23246 MiB, 14.91 W;3, 0 %, 31966 MiB, 7.37 W; @1786714073
0, 0 %, 23860 MiB, 22.83 W;1, 0 %, 23248 MiB, 26.39 W;2, 0 %, 23246 MiB, 14.58 W;3, 0 %, 31966 MiB, 7.07 W; @1786714076
0, 0 %, 23860 MiB, 22.46 W;1, 0 %, 23248 MiB, 26.20 W;2, 0 %, 23246 MiB, 14.25 W;3, 0 %, 31966 MiB, 7.31 W; @1786714080
0, 0 %, 23860 MiB, 22.39 W;1, 0 %, 23248 MiB, 25.99 W;2, 0 %, 23246 MiB, 14.34 W;3, 0 %, 31966 MiB, 6.99 W; @1786714083
0, 0 %, 23860 MiB, 22.32 W;1, 0 %, 23248 MiB, 25.50 W;2, 0 %, 23246 MiB, 14.25 W;3, 0 %, 31966 MiB, 6.62 W; @1786714086
0, 0 %, 23860 MiB, 22.70 W;1, 0 %, 23248 MiB, 25.33 W;2, 0 %, 23246 MiB, 13.96 W;3, 0 %, 31966 MiB, 7.33 W; @1786714089
0, 0 %, 23860 MiB, 22.09 W;1, 1 %, 23248 MiB, 65.64 W;2, 0 %, 23246 MiB, 14.21 W;3, 0 %, 31966 MiB, 7.25 W; @1786714092
0, 0 %, 23860 MiB, 21.93 W;1, 0 %, 23248 MiB, 65.85 W;2, 0 %, 23246 MiB, 13.84 W;3, 0 %, 31966 MiB, 7.26 W; @1786714095
0, 0 %, 23860 MiB, 21.99 W;1, 1 %, 23248 MiB, 65.19 W;2, 0 %, 23246 MiB, 13.75 W;3, 0 %, 31966 MiB, 7.01 W; @1786714099
0, 98 %, 15020 MiB, 114.12 W;1, 9 %, 14516 MiB, 67.14 W;2, 0 %, 14516 MiB, 84.02 W;3, 71 %, 31966 MiB, 63.01 W; @1786714102
0, 0 %, 15020 MiB, 93.86 W;1, 0 %, 10420 MiB, 65.32 W;2, 0 %, 10420 MiB, 57.14 W;3, 0 %, 24896 MiB, 74.68 W; @1786714105
0, 0 %, 15020 MiB, 64.04 W;1, 0 %, 10420 MiB, 63.89 W;2, 0 %, 10420 MiB, 56.10 W;3, 30 %, 25390 MiB, 224.82 W; @1786714108
0, 0 %, 15020 MiB, 64.25 W;1, 0 %, 10420 MiB, 63.03 W;2, 0 %, 10420 MiB, 55.93 W;3, 29 %, 25532 MiB, 183.09 W; @1786714111
0, 0 %, 15020 MiB, 64.50 W;1, 0 %, 10420 MiB, 62.98 W;2, 0 %, 10420 MiB, 56.00 W;3, 100 %, 25534 MiB, 225.49 W; @1786714115
0, 0 %, 15020 MiB, 64.45 W;1, 0 %, 10420 MiB, 63.50 W;2, 0 %, 10420 MiB, 35.47 W;3, 20 %, 25534 MiB, 136.51 W; @1786714118
0, 0 %, 15020 MiB, 32.10 W;1, 0 %, 10420 MiB, 24.95 W;2, 0 %, 10420 MiB, 15.63 W;3, 100 %, 25988 MiB, 290.95 W; @1786714121
0, 0 %, 15020 MiB, 23.95 W;1, 0 %, 10420 MiB, 24.48 W;2, 0 %, 10420 MiB, 16.89 W;3, 30 %, 25988 MiB, 220.16 W; @1786714124
0, 0 %, 15020 MiB, 23.56 W;1, 0 %, 10420 MiB, 23.66 W;2, 0 %, 10420 MiB, 15.81 W;3, 18 %, 25988 MiB, 244.55 W; @1786714127
0, 0 %, 15020 MiB, 22.84 W;1, 0 %, 10420 MiB, 24.21 W;2, 0 %, 10420 MiB, 15.10 W;3, 13 %, 25988 MiB, 145.15 W; @1786714131
0, 0 %, 15020 MiB, 64.46 W;1, 0 %, 10420 MiB, 63.04 W;2, 7 %, 10420 MiB, 55.59 W;3, 49 %, 25988 MiB, 219.12 W; @1786714134
0, 0 %, 17328 MiB, 63.85 W;1, 0 %, 12472 MiB, 140.95 W;2, 0 %, 12472 MiB, 54.98 W;3, 24 %, 25988 MiB, 159.02 W; @1786714137
0, 99 %, 19090 MiB, 500.93 W;1, 98 %, 14234 MiB, 442.64 W;2, 76 %, 14234 MiB, 494.98 W;3, 44 %, 25988 MiB, 244.99 W; @1786714140
0, 0 %, 19090 MiB, 197.68 W;1, 0 %, 14234 MiB, 86.45 W;2, 0 %, 14234 MiB, 162.03 W;3, 12 %, 25988 MiB, 201.93 W; @1786714144
0, 0 %, 19090 MiB, 64.65 W;1, 0 %, 14234 MiB, 65.36 W;2, 0 %, 14234 MiB, 56.11 W;3, 34 %, 25988 MiB, 122.86 W; @1786714147
0, 0 %, 19090 MiB, 64.66 W;1, 0 %, 14234 MiB, 64.36 W;2, 0 %, 14234 MiB, 56.51 W;3, 32 %, 25988 MiB, 206.38 W; @1786714150
0, 74 %, 19090 MiB, 496.21 W;1, 52 %, 14234 MiB, 462.21 W;2, 91 %, 14234 MiB, 495.11 W;3, 39 %, 25988 MiB, 229.26 W; @1786714153
0, 96 %, 19090 MiB, 391.97 W;1, 97 %, 14234 MiB, 328.48 W;2, 86 %, 14234 MiB, 355.20 W;3, 22 %, 25988 MiB, 174.61 W; @1786714157
0, 0 %, 19090 MiB, 65.77 W;1, 0 %, 14234 MiB, 65.56 W;2, 0 %, 14234 MiB, 57.29 W;3, 20 %, 25988 MiB, 107.39 W; @1786714160
0, 0 %, 19090 MiB, 65.11 W;1, 0 %, 14234 MiB, 64.65 W;2, 0 %, 14234 MiB, 56.70 W;3, 23 %, 25988 MiB, 144.72 W; @1786714163
0, 0 %, 19090 MiB, 65.11 W;1, 0 %, 14234 MiB, 64.88 W;2, 0 %, 14234 MiB, 56.44 W;3, 20 %, 25988 MiB, 133.90 W; @1786714166
0, 0 %, 19090 MiB, 64.97 W;1, 0 %, 14234 MiB, 64.04 W;2, 0 %, 14234 MiB, 56.43 W;3, 28 %, 25988 MiB, 153.87 W; @1786714169
0, 47 %, 19090 MiB, 178.73 W;1, 61 %, 14234 MiB, 224.65 W;2, 2 %, 14234 MiB, 129.59 W;3, 22 %, 25988 MiB, 99.15 W; @1786714173
0, 99 %, 21452 MiB, 552.19 W;1, 99 %, 16894 MiB, 442.90 W;2, 49 %, 16894 MiB, 372.75 W;3, 24 %, 25988 MiB, 154.86 W; @1786714176
0, 53 %, 21454 MiB, 491.04 W;1, 53 %, 16896 MiB, 462.73 W;2, 99 %, 16894 MiB, 457.89 W;3, 0 %, 25988 MiB, 58.11 W; @1786714179
0, 99 %, 23110 MiB, 552.42 W;1, 99 %, 18234 MiB, 509.11 W;2, 99 %, 18232 MiB, 527.38 W;3, 0 %, 25988 MiB, 52.83 W; @1786714182
0, 99 %, 23110 MiB, 536.60 W;1, 99 %, 18234 MiB, 513.02 W;2, 99 %, 18232 MiB, 529.84 W;3, 0 %, 25988 MiB, 52.51 W; @1786714185
0, 99 %, 23110 MiB, 534.57 W;1, 99 %, 18234 MiB, 518.46 W;2, 99 %, 18232 MiB, 521.24 W;3, 0 %, 25988 MiB, 52.42 W; @1786714188
0, 4 %, 23224 MiB, 93.06 W;1, 5 %, 18348 MiB, 89.97 W;2, 0 %, 18348 MiB, 84.30 W;3, 0 %, 25988 MiB, 51.66 W; @1786714192
0, 0 %, 23224 MiB, 66.75 W;1, 0 %, 18348 MiB, 69.38 W;2, 0 %, 18348 MiB, 59.81 W;3, 0 %, 25988 MiB, 35.80 W; @1786714195
0, 98 %, 23224 MiB, 546.97 W;1, 98 %, 18348 MiB, 496.26 W;2, 98 %, 18348 MiB, 513.95 W;3, 0 %, 25988 MiB, 11.11 W; @1786714198
0, 55 %, 23224 MiB, 551.73 W;1, 98 %, 18348 MiB, 502.51 W;2, 98 %, 18348 MiB, 473.92 W;3, 0 %, 25988 MiB, 11.41 W; @1786714201
0, 0 %, 23729 MiB, 68.83 W;1, 0 %, 18853 MiB, 69.57 W;2, 0 %, 18853 MiB, 61.45 W;3, 0 %, 26494 MiB, 10.27 W; @1786714204
0, 99 %, 23224 MiB, 470.01 W;1, 98 %, 18348 MiB, 448.42 W;2, 98 %, 18348 MiB, 334.02 W;3, 0 %, 25988 MiB, 17.71 W; @1786714208
0, 99 %, 23224 MiB, 556.74 W;1, 99 %, 18348 MiB, 514.83 W;2, 86 %, 18348 MiB, 526.30 W;3, 0 %, 25988 MiB, 10.99 W; @1786714211
0, 0 %, 23224 MiB, 67.29 W;1, 0 %, 18348 MiB, 69.21 W;2, 0 %, 18348 MiB, 61.03 W;3, 0 %, 25988 MiB, 8.09 W; @1786714214
0, 0 %, 23224 MiB, 66.68 W;1, 0 %, 18348 MiB, 68.47 W;2, 0 %, 18348 MiB, 59.93 W;3, 0 %, 25988 MiB, 8.45 W; @1786714217
0, 0 %, 23224 MiB, 66.12 W;1, 0 %, 18348 MiB, 68.21 W;2, 0 %, 18348 MiB, 59.00 W;3, 0 %, 25988 MiB, 8.99 W; @1786714220
0, 99 %, 23224 MiB, 537.74 W;1, 99 %, 18348 MiB, 515.89 W;2, 99 %, 18348 MiB, 513.12 W;3, 0 %, 25988 MiB, 10.94 W; @1786714223
0, 100 %, 23224 MiB, 532.30 W;1, 93 %, 18348 MiB, 491.26 W;2, 98 %, 18348 MiB, 513.97 W;3, 0 %, 25988 MiB, 10.55 W; @1786714227
0, 98 %, 23224 MiB, 549.81 W;1, 98 %, 18348 MiB, 505.14 W;2, 98 %, 18348 MiB, 524.88 W;3, 0 %, 25988 MiB, 11.02 W; @1786714230
0, 99 %, 23224 MiB, 551.69 W;1, 99 %, 18348 MiB, 514.99 W;2, 82 %, 18348 MiB, 535.99 W;3, 0 %, 25988 MiB, 10.83 W; @1786714233
0, 99 %, 23224 MiB, 564.24 W;1, 99 %, 18348 MiB, 521.38 W;2, 99 %, 18348 MiB, 541.41 W;3, 0 %, 25988 MiB, 10.78 W; @1786714236
0, 0 %, 23224 MiB, 74.69 W;1, 0 %, 18348 MiB, 82.13 W;2, 0 %, 18348 MiB, 66.08 W;3, 0 %, 25988 MiB, 7.89 W; @1786714239
0, 0 %, 23224 MiB, 67.46 W;1, 0 %, 18348 MiB, 70.14 W;2, 0 %, 18348 MiB, 61.35 W;3, 0 %, 25988 MiB, 7.73 W; @1786714242
0, 98 %, 23224 MiB, 543.05 W;1, 99 %, 18348 MiB, 509.06 W;2, 99 %, 18348 MiB, 520.88 W;3, 0 %, 25988 MiB, 10.79 W; @1786714246
0, 0 %, 23224 MiB, 100.25 W;1, 0 %, 18348 MiB, 92.84 W;2, 0 %, 18348 MiB, 92.01 W;3, 0 %, 25988 MiB, 9.49 W; @1786714249
0, 0 %, 23224 MiB, 67.54 W;1, 0 %, 18348 MiB, 70.31 W;2, 0 %, 18348 MiB, 61.47 W;3, 0 %, 25988 MiB, 7.35 W; @1786714252
0, 99 %, 23224 MiB, 537.73 W;1, 98 %, 18348 MiB, 509.31 W;2, 98 %, 18348 MiB, 525.17 W;3, 0 %, 25988 MiB, 10.45 W; @1786714255
0, 0 %, 23224 MiB, 414.45 W;1, 0 %, 18348 MiB, 99.75 W;2, 85 %, 18348 MiB, 139.76 W;3, 0 %, 25988 MiB, 8.21 W; @1786714259
0, 0 %, 23224 MiB, 67.42 W;1, 0 %, 18348 MiB, 70.08 W;2, 0 %, 18348 MiB, 61.60 W;3, 0 %, 25988 MiB, 8.38 W; @1786714262
0, 0 %, 23224 MiB, 67.10 W;1, 0 %, 18348 MiB, 69.30 W;2, 0 %, 18348 MiB, 60.92 W;3, 0 %, 25988 MiB, 8.49 W; @1786714265
0, 0 %, 23224 MiB, 66.57 W;1, 0 %, 18348 MiB, 69.26 W;2, 0 %, 18348 MiB, 60.62 W;3, 0 %, 25988 MiB, 8.53 W; @1786714268
0, 98 %, 23224 MiB, 535.44 W;1, 100 %, 18348 MiB, 487.49 W;2, 99 %, 18348 MiB, 506.27 W;3, 0 %, 25988 MiB, 9.84 W; @1786714271
0, 99 %, 23224 MiB, 535.71 W;1, 100 %, 18348 MiB, 497.44 W;2, 99 %, 18348 MiB, 510.98 W;3, 0 %, 25988 MiB, 11.10 W; @1786714274
0, 100 %, 23224 MiB, 540.57 W;1, 99 %, 18348 MiB, 495.47 W;2, 98 %, 18348 MiB, 522.16 W;3, 0 %, 25988 MiB, 10.93 W; @1786714277
0, 98 %, 23224 MiB, 543.01 W;1, 98 %, 18348 MiB, 510.90 W;2, 99 %, 18348 MiB, 527.18 W;3, 0 %, 25988 MiB, 11.07 W; @1786714281
0, 96 %, 23224 MiB, 547.91 W;1, 86 %, 18348 MiB, 514.41 W;2, 99 %, 18348 MiB, 526.57 W;3, 0 %, 25988 MiB, 11.11 W; @1786714284
0, 0 %, 23224 MiB, 286.22 W;1, 61 %, 18348 MiB, 145.85 W;2, 0 %, 18348 MiB, 224.22 W;3, 0 %, 25988 MiB, 10.65 W; @1786714287
0, 0 %, 23224 MiB, 68.07 W;1, 0 %, 18348 MiB, 71.12 W;2, 0 %, 18348 MiB, 62.94 W;3, 0 %, 25988 MiB, 7.78 W; @1786714290
0, 86 %, 23224 MiB, 503.00 W;1, 99 %, 18348 MiB, 413.07 W;2, 98 %, 18348 MiB, 518.21 W;3, 0 %, 25988 MiB, 10.26 W; @1786714293
0, 98 %, 23224 MiB, 548.47 W;1, 98 %, 18348 MiB, 509.35 W;2, 99 %, 18348 MiB, 520.46 W;3, 0 %, 25988 MiB, 10.39 W; @1786714296
0, 0 %, 23224 MiB, 100.32 W;1, 0 %, 18348 MiB, 92.38 W;2, 0 %, 18348 MiB, 92.82 W;3, 0 %, 25988 MiB, 7.67 W; @1786714300
0, 0 %, 23224 MiB, 68.16 W;1, 0 %, 18348 MiB, 70.66 W;2, 0 %, 18348 MiB, 62.07 W;3, 0 %, 25988 MiB, 7.71 W; @1786714303
0, 99 %, 23224 MiB, 560.24 W;1, 100 %, 18348 MiB, 516.03 W;2, 98 %, 18348 MiB, 537.34 W;3, 0 %, 25988 MiB, 9.59 W; @1786714306
0, 89 %, 23224 MiB, 553.87 W;1, 99 %, 18348 MiB, 525.11 W;2, 98 %, 18348 MiB, 536.24 W;3, 0 %, 25988 MiB, 10.40 W; @1786714309
0, 0 %, 23224 MiB, 68.12 W;1, 0 %, 18348 MiB, 72.99 W;2, 0 %, 18348 MiB, 62.87 W;3, 0 %, 25988 MiB, 7.71 W; @1786714312
0, 0 %, 23224 MiB, 67.58 W;1, 0 %, 18348 MiB, 70.17 W;2, 0 %, 18348 MiB, 61.55 W;3, 0 %, 25988 MiB, 7.86 W; @1786714316
0, 0 %, 23224 MiB, 66.86 W;1, 0 %, 18348 MiB, 69.30 W;2, 0 %, 18348 MiB, 60.85 W;3, 0 %, 25988 MiB, 8.31 W; @1786714319
0, 94 %, 23224 MiB, 538.17 W;1, 98 %, 18348 MiB, 500.43 W;2, 99 %, 18348 MiB, 512.64 W;3, 0 %, 25988 MiB, 9.45 W; @1786714322
0, 98 %, 23224 MiB, 555.42 W;1, 98 %, 18348 MiB, 503.76 W;2, 100 %, 18348 MiB, 528.75 W;3, 0 %, 25988 MiB, 10.80 W; @1786714325
0, 99 %, 23224 MiB, 558.88 W;1, 98 %, 18348 MiB, 515.84 W;2, 99 %, 18348 MiB, 535.75 W;3, 0 %, 25988 MiB, 11.25 W; @1786714328
0, 99 %, 23936 MiB, 570.28 W;1, 99 %, 19064 MiB, 527.80 W;2, 99 %, 18694 MiB, 544.62 W;3, 0 %, 25988 MiB, 10.59 W; @1786714331
0, 99 %, 23936 MiB, 544.67 W;1, 99 %, 19064 MiB, 510.84 W;2, 99 %, 18694 MiB, 541.33 W;3, 0 %, 25988 MiB, 10.45 W; @1786714334
0, 100 %, 23936 MiB, 555.95 W;1, 100 %, 19064 MiB, 507.58 W;2, 98 %, 18694 MiB, 527.73 W;3, 0 %, 25988 MiB, 10.29 W; @1786714337
0, 6 %, 23936 MiB, 136.47 W;1, 5 %, 23160 MiB, 113.75 W;2, 3 %, 22790 MiB, 338.76 W;3, 5 %, 30084 MiB, 25.51 W; @1786714341
0, 0 %, 23936 MiB, 68.83 W;1, 0 %, 3 MiB, 71.42 W;2, 0 %, 3 MiB, 64.02 W;3, 0 %, 3 MiB, 52.82 W; @1786714344
0, 0 %, 0 MiB, 61.03 W;1, 0 %, 0 MiB, 44.08 W;2, 0 %, 0 MiB, 34.95 W;3, 0 %, 0 MiB, 20.93 W; @1786714347
0, 0 %, 0 MiB, 28.24 W;1, 0 %, 0 MiB, 30.47 W;2, 0 %, 0 MiB, 23.44 W;3, 0 %, 0 MiB, 8.31 W; @1786714350
0, 0 %, 0 MiB, 23.53 W;1, 0 %, 0 MiB, 28.77 W;2, 0 %, 0 MiB, 16.24 W;3, 0 %, 0 MiB, 8.23 W; @1786714353
0, 0 %, 0 MiB, 23.49 W;1, 0 %, 0 MiB, 28.15 W;2, 0 %, 0 MiB, 15.37 W;3, 0 %, 0 MiB, 8.26 W; @1786714356
0, 0 %, 0 MiB, 23.29 W;1, 0 %, 0 MiB, 28.16 W;2, 0 %, 0 MiB, 15.79 W;3, 0 %, 0 MiB, 7.87 W; @1786714359
0, 0 %, 0 MiB, 22.10 W;1, 0 %, 0 MiB, 27.79 W;2, 0 %, 0 MiB, 15.18 W;3, 0 %, 0 MiB, 7.54 W; @1786714362
0, 0 %, 3 MiB, 24.02 W;1, 0 %, 3 MiB, 28.89 W;2, 0 %, 3 MiB, 16.37 W;3, 0 %, 3 MiB, 9.07 W; @1786714366
0, 0 %, 3 MiB, 22.52 W;1, 0 %, 3 MiB, 27.01 W;2, 0 %, 3 MiB, 14.82 W;3, 0 %, 3 MiB, 7.92 W; @1786714369
0, 0 %, 3 MiB, 22.78 W;1, 0 %, 3 MiB, 27.29 W;2, 0 %, 3 MiB, 15.00 W;3, 0 %, 3 MiB, 8.64 W; @1786714372
0, 0 %, 3 MiB, 22.44 W;1, 0 %, 3 MiB, 26.81 W;2, 0 %, 3 MiB, 14.26 W;3, 0 %, 3 MiB, 7.97 W; @1786714375
0, 0 %, 3 MiB, 21.92 W;1, 0 %, 3 MiB, 26.48 W;2, 0 %, 3 MiB, 14.11 W;3, 0 %, 3 MiB, 7.13 W; @1786714378
0, 0 %, 3 MiB, 21.60 W;1, 0 %, 3 MiB, 26.49 W;2, 0 %, 3 MiB, 14.15 W;3, 0 %, 3 MiB, 7.27 W; @1786714381
0, 0 %, 3 MiB, 21.87 W;1, 0 %, 3 MiB, 25.72 W;2, 0 %, 3 MiB, 13.97 W;3, 0 %, 3 MiB, 7.35 W; @1786714385
0, 0 %, 3 MiB, 21.75 W;1, 0 %, 3 MiB, 25.92 W;2, 0 %, 3 MiB, 13.98 W;3, 0 %, 3 MiB, 7.38 W; @1786714388
0, 0 %, 3 MiB, 21.57 W;1, 0 %, 3 MiB, 25.32 W;2, 0 %, 3 MiB, 13.67 W;3, 0 %, 3 MiB, 7.12 W; @1786714391
0, 0 %, 3 MiB, 21.89 W;1, 0 %, 3 MiB, 25.06 W;2, 0 %, 3 MiB, 13.52 W;3, 0 %, 3 MiB, 7.00 W; @1786714394
0, 0 %, 3 MiB, 21.56 W;1, 0 %, 3 MiB, 24.88 W;2, 0 %, 3 MiB, 13.84 W;3, 0 %, 3 MiB, 7.48 W; @1786714397
0, 0 %, 3 MiB, 21.36 W;1, 0 %, 3 MiB, 24.78 W;2, 0 %, 3 MiB, 13.43 W;3, 0 %, 3 MiB, 7.32 W; @1786714400
0, 0 %, 3 MiB, 21.41 W;1, 0 %, 3 MiB, 25.14 W;2, 0 %, 3 MiB, 13.38 W;3, 0 %, 3 MiB, 7.37 W; @1786714404
0, 0 %, 3 MiB, 21.02 W;1, 0 %, 3 MiB, 24.78 W;2, 0 %, 3 MiB, 13.13 W;3, 0 %, 3 MiB, 7.41 W; @1786714407
0, 0 %, 3 MiB, 21.83 W;1, 0 %, 3 MiB, 23.98 W;2, 0 %, 3 MiB, 13.15 W;3, 0 %, 3 MiB, 8.37 W; @1786714410
0, 0 %, 3 MiB, 21.40 W;1, 0 %, 3 MiB, 24.42 W;2, 0 %, 3 MiB, 12.80 W;3, 0 %, 3 MiB, 8.45 W; @1786714413
0, 0 %, 3 MiB, 21.75 W;1, 0 %, 3 MiB, 24.39 W;2, 0 %, 3 MiB, 13.33 W;3, 0 %, 3 MiB, 7.81 W; @1786714416
0, 0 %, 3 MiB, 21.47 W;1, 0 %, 3 MiB, 24.17 W;2, 0 %, 3 MiB, 13.44 W;3, 0 %, 3 MiB, 7.44 W; @1786714420
0, 0 %, 3 MiB, 21.49 W;1, 0 %, 3 MiB, 24.24 W;2, 0 %, 3 MiB, 13.41 W;3, 0 %, 3 MiB, 6.78 W; @1786714423
0, 0 %, 3 MiB, 21.56 W;1, 0 %, 3 MiB, 24.17 W;2, 0 %, 3 MiB, 13.22 W;3, 0 %, 3 MiB, 7.28 W; @1786714426
0, 0 %, 3 MiB, 21.55 W;1, 0 %, 3 MiB, 23.93 W;2, 0 %, 3 MiB, 13.08 W;3, 0 %, 3 MiB, 8.04 W; @1786714429
0, 0 %, 3 MiB, 21.73 W;1, 0 %, 3 MiB, 23.72 W;2, 0 %, 3 MiB, 13.44 W;3, 0 %, 3 MiB, 8.14 W; @1786714432
0, 0 %, 3 MiB, 21.79 W;1, 0 %, 3 MiB, 24.74 W;2, 0 %, 3 MiB, 13.22 W;3, 0 %, 3 MiB, 7.04 W; @1786714436
0, 0 %, 3 MiB, 21.58 W;1, 0 %, 3 MiB, 23.40 W;2, 0 %, 3 MiB, 13.39 W;3, 0 %, 3 MiB, 6.72 W; @1786714439
0, 0 %, 3 MiB, 21.57 W;1, 0 %, 3 MiB, 24.10 W;2, 0 %, 3 MiB, 13.31 W;3, 0 %, 3 MiB, 6.56 W; @1786714442
0, 0 %, 3 MiB, 21.53 W;1, 0 %, 3 MiB, 23.88 W;2, 0 %, 3 MiB, 13.33 W;3, 0 %, 3 MiB, 6.57 W; @1786714445
0, 0 %, 3 MiB, 21.60 W;1, 0 %, 3 MiB, 24.42 W;2, 0 %, 3 MiB, 13.19 W;3, 0 %, 3 MiB, 7.10 W; @1786714448
0, 0 %, 3 MiB, 22.07 W;1, 0 %, 3 MiB, 24.11 W;2, 0 %, 3 MiB, 13.17 W;3, 0 %, 3 MiB, 7.48 W; @1786714451
0, 0 %, 3 MiB, 21.86 W;1, 0 %, 3 MiB, 23.27 W;2, 0 %, 3 MiB, 13.20 W;3, 0 %, 3 MiB, 7.55 W; @1786714455
0, 0 %, 3 MiB, 21.56 W;1, 0 %, 3 MiB, 23.43 W;2, 0 %, 3 MiB, 12.90 W;3, 0 %, 3 MiB, 7.84 W; @1786714458
0, 0 %, 3 MiB, 21.27 W;1, 0 %, 3 MiB, 23.64 W;2, 0 %, 3 MiB, 13.00 W;3, 0 %, 3 MiB, 7.85 W; @1786714461
0, 0 %, 3 MiB, 21.55 W;1, 0 %, 3 MiB, 23.35 W;2, 0 %, 3 MiB, 13.13 W;3, 0 %, 3 MiB, 7.48 W; @1786714464
0, 0 %, 3 MiB, 21.56 W;1, 0 %, 3 MiB, 22.72 W;2, 0 %, 3 MiB, 13.01 W;3, 0 %, 3 MiB, 7.22 W; @1786714467
0, 0 %, 3 MiB, 21.16 W;1, 0 %, 3 MiB, 22.70 W;2, 0 %, 3 MiB, 12.90 W;3, 0 %, 3 MiB, 7.09 W; @1786714470
0, 0 %, 3 MiB, 21.54 W;1, 0 %, 3 MiB, 22.74 W;2, 0 %, 3 MiB, 13.00 W;3, 0 %, 3 MiB, 7.44 W; @1786714474
0, 0 %, 3 MiB, 21.58 W;1, 0 %, 3 MiB, 22.77 W;2, 0 %, 3 MiB, 12.86 W;3, 0 %, 3 MiB, 7.23 W; @1786714477
0, 0 %, 3 MiB, 21.72 W;1, 0 %, 3 MiB, 23.43 W;2, 0 %, 3 MiB, 13.20 W;3, 0 %, 3 MiB, 8.52 W; @1786714480
0, 0 %, 3 MiB, 21.33 W;1, 0 %, 3 MiB, 22.88 W;2, 0 %, 3 MiB, 12.75 W;3, 0 %, 3 MiB, 8.57 W; @1786714483
0, 0 %, 3 MiB, 21.52 W;1, 0 %, 3 MiB, 22.97 W;2, 0 %, 3 MiB, 13.02 W;3, 0 %, 3 MiB, 7.65 W; @1786714486
0, 0 %, 3 MiB, 21.23 W;1, 0 %, 3 MiB, 23.33 W;2, 0 %, 3 MiB, 12.67 W;3, 0 %, 3 MiB, 7.70 W; @1786714489
0, 0 %, 3 MiB, 21.26 W;1, 0 %, 3 MiB, 22.67 W;2, 0 %, 3 MiB, 12.87 W;3, 0 %, 3 MiB, 7.67 W; @1786714493
0, 0 %, 3 MiB, 21.69 W;1, 0 %, 3 MiB, 23.01 W;2, 0 %, 3 MiB, 13.01 W;3, 0 %, 3 MiB, 7.53 W; @1786714496
0, 0 %, 3 MiB, 21.73 W;1, 0 %, 3 MiB, 22.93 W;2, 0 %, 3 MiB, 12.50 W;3, 0 %, 3 MiB, 7.94 W; @1786714499
0, 0 %, 3 MiB, 21.34 W;1, 0 %, 3 MiB, 23.02 W;2, 0 %, 3 MiB, 12.63 W;3, 0 %, 3 MiB, 8.13 W; @1786714502
0, 0 %, 3 MiB, 21.44 W;1, 0 %, 3 MiB, 22.38 W;2, 0 %, 3 MiB, 12.63 W;3, 0 %, 3 MiB, 7.64 W; @1786714505
0, 0 %, 3 MiB, 21.30 W;1, 0 %, 3 MiB, 22.70 W;2, 0 %, 3 MiB, 12.73 W;3, 0 %, 3 MiB, 7.33 W; @1786714509
0, 0 %, 3 MiB, 21.21 W;1, 0 %, 3 MiB, 23.12 W;2, 0 %, 3 MiB, 12.71 W;3, 0 %, 3 MiB, 7.21 W; @1786714512
0, 0 %, 3 MiB, 21.36 W;1, 0 %, 3 MiB, 23.20 W;2, 0 %, 3 MiB, 12.59 W;3, 0 %, 3 MiB, 8.20 W; @1786714515
0, 0 %, 3 MiB, 21.71 W;1, 0 %, 3 MiB, 22.98 W;2, 0 %, 3 MiB, 12.23 W;3, 0 %, 3 MiB, 8.03 W; @1786714518
0, 0 %, 3 MiB, 21.52 W;1, 0 %, 3 MiB, 23.69 W;2, 0 %, 3 MiB, 12.57 W;3, 0 %, 3 MiB, 7.51 W; @1786714521
0, 0 %, 3 MiB, 21.30 W;1, 0 %, 3 MiB, 23.35 W;2, 0 %, 3 MiB, 12.49 W;3, 0 %, 3 MiB, 7.09 W; @1786714525
0, 0 %, 3 MiB, 21.20 W;1, 0 %, 3 MiB, 22.91 W;2, 0 %, 3 MiB, 12.54 W;3, 0 %, 3 MiB, 6.89 W; @1786714528
0, 0 %, 3 MiB, 21.61 W;1, 0 %, 3 MiB, 22.92 W;2, 0 %, 3 MiB, 12.61 W;3, 0 %, 3 MiB, 7.49 W; @1786714531
0, 0 %, 3 MiB, 21.52 W;1, 0 %, 3 MiB, 23.10 W;2, 0 %, 3 MiB, 12.94 W;3, 0 %, 3 MiB, 7.62 W; @1786714534
0, 0 %, 3 MiB, 21.66 W;1, 0 %, 3 MiB, 23.06 W;2, 0 %, 3 MiB, 12.76 W;3, 0 %, 3 MiB, 8.17 W; @1786714537
0, 0 %, 3 MiB, 22.12 W;1, 0 %, 3 MiB, 23.09 W;2, 0 %, 3 MiB, 12.85 W;3, 0 %, 3 MiB, 8.20 W; @1786714540
0, 0 %, 3 MiB, 21.59 W;1, 0 %, 3 MiB, 22.44 W;2, 0 %, 3 MiB, 13.22 W;3, 0 %, 3 MiB, 7.77 W; @1786714544
0, 0 %, 3 MiB, 21.81 W;1, 0 %, 3 MiB, 22.51 W;2, 0 %, 3 MiB, 12.76 W;3, 0 %, 3 MiB, 7.25 W; @1786714547
0, 0 %, 3 MiB, 21.89 W;1, 0 %, 3 MiB, 22.46 W;2, 0 %, 3 MiB, 12.69 W;3, 0 %, 3 MiB, 6.98 W; @1786714550
0, 0 %, 3 MiB, 22.22 W;1, 0 %, 3 MiB, 23.37 W;2, 0 %, 3 MiB, 12.99 W;3, 0 %, 3 MiB, 7.27 W; @1786714553
0, 0 %, 3 MiB, 21.90 W;1, 0 %, 3 MiB, 22.61 W;2, 0 %, 3 MiB, 12.82 W;3, 0 %, 3 MiB, 7.35 W; @1786714556
0, 0 %, 3 MiB, 21.94 W;1, 0 %, 3 MiB, 22.67 W;2, 0 %, 3 MiB, 12.68 W;3, 0 %, 3 MiB, 7.71 W; @1786714560
0, 0 %, 3 MiB, 21.82 W;1, 0 %, 3 MiB, 22.93 W;2, 0 %, 3 MiB, 12.46 W;3, 0 %, 3 MiB, 7.86 W; @1786714563
0, 0 %, 3 MiB, 21.64 W;1, 0 %, 3 MiB, 22.80 W;2, 0 %, 3 MiB, 12.77 W;3, 0 %, 3 MiB, 7.61 W; @1786714566
0, 0 %, 3 MiB, 21.73 W;1, 0 %, 3 MiB, 22.82 W;2, 0 %, 3 MiB, 12.65 W;3, 0 %, 3 MiB, 6.84 W; @1786714569
0, 0 %, 3 MiB, 21.76 W;1, 0 %, 3 MiB, 23.01 W;2, 0 %, 3 MiB, 12.55 W;3, 0 %, 3 MiB, 6.88 W; @1786714572
0, 0 %, 504 MiB, 63.64 W;1, 0 %, 3 MiB, 22.96 W;2, 0 %, 3 MiB, 12.45 W;3, 0 %, 3 MiB, 7.21 W; @1786714575
0, 0 %, 1212 MiB, 63.79 W;1, 0 %, 3 MiB, 23.01 W;2, 0 %, 3 MiB, 12.67 W;3, 0 %, 3 MiB, 7.72 W; @1786714579
0, 1 %, 2194 MiB, 64.93 W;1, 0 %, 3 MiB, 22.86 W;2, 0 %, 3 MiB, 12.65 W;3, 0 %, 3 MiB, 7.87 W; @1786714582
0, 2 %, 3182 MiB, 65.19 W;1, 0 %, 3 MiB, 23.02 W;2, 0 %, 3 MiB, 12.80 W;3, 0 %, 3 MiB, 7.50 W; @1786714585
0, 2 %, 4368 MiB, 64.57 W;1, 0 %, 3 MiB, 23.63 W;2, 0 %, 3 MiB, 12.87 W;3, 0 %, 3 MiB, 7.24 W; @1786714588
0, 1 %, 5356 MiB, 65.08 W;1, 0 %, 3 MiB, 22.87 W;2, 0 %, 3 MiB, 12.91 W;3, 0 %, 3 MiB, 8.30 W; @1786714591
0, 2 %, 6392 MiB, 65.20 W;1, 0 %, 3 MiB, 23.06 W;2, 0 %, 3 MiB, 12.66 W;3, 0 %, 3 MiB, 8.10 W; @1786714594
0, 0 %, 7382 MiB, 65.22 W;1, 0 %, 3 MiB, 23.15 W;2, 0 %, 3 MiB, 12.77 W;3, 0 %, 3 MiB, 7.87 W; @1786714598
0, 2 %, 8370 MiB, 64.32 W;1, 0 %, 3 MiB, 23.17 W;2, 0 %, 3 MiB, 12.80 W;3, 0 %, 3 MiB, 7.28 W; @1786714601
0, 0 %, 10048 MiB, 64.49 W;1, 0 %, 3 MiB, 23.52 W;2, 0 %, 3 MiB, 13.02 W;3, 0 %, 3 MiB, 7.04 W; @1786714604
0, 0 %, 10048 MiB, 63.63 W;1, 0 %, 3 MiB, 22.18 W;2, 0 %, 3 MiB, 12.82 W;3, 0 %, 3 MiB, 6.77 W; @1786714607
0, 0 %, 10048 MiB, 63.91 W;1, 0 %, 3 MiB, 22.65 W;2, 0 %, 3 MiB, 12.73 W;3, 0 %, 3 MiB, 6.82 W; @1786714610
0, 0 %, 10048 MiB, 63.73 W;1, 0 %, 3 MiB, 22.40 W;2, 0 %, 3 MiB, 12.92 W;3, 0 %, 3 MiB, 7.03 W; @1786714613
0, 0 %, 10048 MiB, 63.49 W;1, 0 %, 3 MiB, 22.72 W;2, 0 %, 3 MiB, 12.70 W;3, 0 %, 3 MiB, 6.85 W; @1786714617
0, 0 %, 9114 MiB, 63.57 W;1, 0 %, 3 MiB, 23.14 W;2, 0 %, 3 MiB, 12.96 W;3, 0 %, 3 MiB, 7.33 W; @1786714620
0, 0 %, 9114 MiB, 22.06 W;1, 0 %, 3 MiB, 23.32 W;2, 0 %, 3 MiB, 13.56 W;3, 0 %, 3 MiB, 7.80 W; @1786714623
0, 0 %, 9114 MiB, 21.74 W;1, 0 %, 3 MiB, 22.45 W;2, 0 %, 3 MiB, 12.87 W;3, 0 %, 3 MiB, 7.81 W; @1786714626
0, 0 %, 9114 MiB, 21.66 W;1, 0 %, 3 MiB, 22.91 W;2, 0 %, 3 MiB, 12.71 W;3, 0 %, 3 MiB, 8.01 W; @1786714629
0, 0 %, 9114 MiB, 21.87 W;1, 0 %, 3 MiB, 22.12 W;2, 0 %, 3 MiB, 12.92 W;3, 0 %, 3 MiB, 7.07 W; @1786714633
0, 0 %, 9114 MiB, 21.85 W;1, 0 %, 3 MiB, 22.84 W;2, 0 %, 3 MiB, 12.90 W;3, 0 %, 3 MiB, 7.36 W; @1786714636
0, 0 %, 9114 MiB, 21.97 W;1, 0 %, 3 MiB, 22.81 W;2, 0 %, 3 MiB, 12.85 W;3, 0 %, 3 MiB, 7.97 W; @1786714639
0, 0 %, 9114 MiB, 22.04 W;1, 0 %, 3 MiB, 22.76 W;2, 0 %, 3 MiB, 12.52 W;3, 0 %, 3 MiB, 7.80 W; @1786714642
0, 0 %, 9114 MiB, 22.11 W;1, 0 %, 3 MiB, 22.74 W;2, 0 %, 3 MiB, 12.78 W;3, 0 %, 3 MiB, 8.19 W; @1786714645
0, 0 %, 9114 MiB, 21.37 W;1, 0 %, 3 MiB, 22.33 W;2, 0 %, 3 MiB, 13.10 W;3, 0 %, 3 MiB, 7.32 W; @1786714648
0, 0 %, 9114 MiB, 22.17 W;1, 0 %, 3 MiB, 24.48 W;2, 0 %, 3 MiB, 13.82 W;3, 0 %, 3 MiB, 8.39 W; @1786714652
0, 0 %, 9114 MiB, 21.37 W;1, 0 %, 3 MiB, 22.59 W;2, 0 %, 3 MiB, 12.70 W;3, 0 %, 3 MiB, 7.29 W; @1786714655
0, 0 %, 9114 MiB, 21.93 W;1, 0 %, 3 MiB, 22.65 W;2, 0 %, 3 MiB, 12.70 W;3, 0 %, 3 MiB, 7.73 W; @1786714658
0, 0 %, 9114 MiB, 21.68 W;1, 0 %, 3 MiB, 23.67 W;2, 0 %, 3 MiB, 12.65 W;3, 0 %, 3 MiB, 8.01 W; @1786714661
0, 0 %, 9114 MiB, 22.00 W;1, 0 %, 3 MiB, 22.55 W;2, 0 %, 3 MiB, 12.57 W;3, 0 %, 3 MiB, 7.97 W; @1786714664
0, 0 %, 9114 MiB, 21.71 W;1, 0 %, 3 MiB, 22.90 W;2, 0 %, 3 MiB, 12.61 W;3, 0 %, 3 MiB, 7.05 W; @1786714667
0, 0 %, 9114 MiB, 21.76 W;1, 0 %, 3 MiB, 22.66 W;2, 0 %, 3 MiB, 12.82 W;3, 0 %, 3 MiB, 6.73 W; @1786714671
0, 0 %, 9114 MiB, 21.90 W;1, 0 %, 3 MiB, 23.17 W;2, 0 %, 3 MiB, 12.59 W;3, 0 %, 3 MiB, 7.92 W; @1786714674
0, 0 %, 9114 MiB, 22.52 W;1, 0 %, 3 MiB, 23.36 W;2, 0 %, 3 MiB, 12.83 W;3, 0 %, 3 MiB, 8.22 W; @1786714677
0, 0 %, 9114 MiB, 22.25 W;1, 0 %, 3 MiB, 22.54 W;2, 0 %, 3 MiB, 12.55 W;3, 0 %, 3 MiB, 7.71 W; @1786714680
0, 0 %, 9114 MiB, 22.03 W;1, 0 %, 3 MiB, 23.14 W;2, 0 %, 3 MiB, 12.62 W;3, 0 %, 3 MiB, 7.82 W; @1786714683
0, 0 %, 9114 MiB, 21.52 W;1, 0 %, 3 MiB, 23.03 W;2, 0 %, 3 MiB, 12.89 W;3, 0 %, 3 MiB, 7.16 W; @1786714686
0, 0 %, 9114 MiB, 21.72 W;1, 0 %, 3 MiB, 23.21 W;2, 0 %, 3 MiB, 12.91 W;3, 0 %, 3 MiB, 7.04 W; @1786714690
0, 0 %, 9114 MiB, 21.36 W;1, 0 %, 3 MiB, 23.25 W;2, 0 %, 3 MiB, 13.02 W;3, 0 %, 3 MiB, 7.38 W; @1786714693
0, 0 %, 9114 MiB, 21.84 W;1, 0 %, 3 MiB, 22.85 W;2, 0 %, 3 MiB, 12.56 W;3, 0 %, 3 MiB, 7.55 W; @1786714696
0, 0 %, 9114 MiB, 21.75 W;1, 0 %, 3 MiB, 23.15 W;2, 0 %, 3 MiB, 12.57 W;3, 0 %, 3 MiB, 7.98 W; @1786714700
0, 0 %, 9114 MiB, 21.22 W;1, 0 %, 3 MiB, 22.91 W;2, 0 %, 3 MiB, 12.77 W;3, 0 %, 3 MiB, 7.51 W; @1786714706
0, 0 %, 9114 MiB, 21.78 W;1, 0 %, 3 MiB, 23.24 W;2, 0 %, 3 MiB, 12.69 W;3, 0 %, 3 MiB, 6.81 W; @1786714711
0, 0 %, 9114 MiB, 21.59 W;1, 0 %, 3 MiB, 23.19 W;2, 0 %, 3 MiB, 12.49 W;3, 0 %, 3 MiB, 6.95 W; @1786714716
0, 0 %, 9114 MiB, 21.43 W;1, 0 %, 3 MiB, 22.81 W;2, 0 %, 3 MiB, 12.61 W;3, 0 %, 3 MiB, 8.29 W; @1786714720
0, 0 %, 9114 MiB, 21.31 W;1, 0 %, 3 MiB, 22.58 W;2, 0 %, 3 MiB, 12.59 W;3, 0 %, 3 MiB, 7.74 W; @1786714723
0, 0 %, 9114 MiB, 21.34 W;1, 0 %, 3 MiB, 23.44 W;2, 0 %, 3 MiB, 12.69 W;3, 0 %, 3 MiB, 7.12 W; @1786714727
0, 0 %, 9114 MiB, 21.42 W;1, 0 %, 3 MiB, 23.23 W;2, 0 %, 3 MiB, 12.69 W;3, 0 %, 3 MiB, 6.68 W; @1786714731
0, 0 %, 9114 MiB, 21.74 W;1, 0 %, 3 MiB, 22.89 W;2, 0 %, 3 MiB, 12.61 W;3, 0 %, 3 MiB, 6.80 W; @1786714734
0, 0 %, 9114 MiB, 21.59 W;1, 0 %, 3 MiB, 23.25 W;2, 0 %, 3 MiB, 12.79 W;3, 0 %, 3 MiB, 7.17 W; @1786714738
0, 0 %, 9114 MiB, 21.89 W;1, 0 %, 3 MiB, 22.83 W;2, 0 %, 3 MiB, 12.75 W;3, 0 %, 3 MiB, 8.00 W; @1786714742
0, 0 %, 9114 MiB, 22.22 W;1, 0 %, 3 MiB, 23.32 W;2, 0 %, 3 MiB, 12.58 W;3, 0 %, 3 MiB, 8.03 W; @1786714747
0, 0 %, 9114 MiB, 21.67 W;1, 0 %, 3 MiB, 23.84 W;2, 0 %, 3 MiB, 13.06 W;3, 0 %, 3 MiB, 7.05 W; @1786714751
0, 0 %, 9114 MiB, 21.41 W;1, 0 %, 3 MiB, 22.87 W;2, 0 %, 3 MiB, 12.86 W;3, 0 %, 3 MiB, 7.04 W; @1786714755
0, 0 %, 9114 MiB, 21.65 W;1, 0 %, 3 MiB, 23.33 W;2, 0 %, 3 MiB, 12.62 W;3, 0 %, 3 MiB, 7.14 W; @1786714761
0, 0 %, 9114 MiB, 21.43 W;1, 0 %, 3 MiB, 23.45 W;2, 0 %, 3 MiB, 12.30 W;3, 0 %, 3 MiB, 7.11 W; @1786714764
0, 0 %, 9114 MiB, 21.45 W;1, 0 %, 3 MiB, 23.46 W;2, 0 %, 3 MiB, 12.66 W;3, 0 %, 3 MiB, 7.29 W; @1786714768
0, 0 %, 9114 MiB, 21.55 W;1, 0 %, 3 MiB, 22.80 W;2, 0 %, 3 MiB, 12.47 W;3, 0 %, 3 MiB, 7.10 W; @1786714772
0, 0 %, 9114 MiB, 22.03 W;1, 0 %, 3 MiB, 22.75 W;2, 0 %, 3 MiB, 12.52 W;3, 0 %, 3 MiB, 7.60 W; @1786714775
0, 0 %, 9114 MiB, 21.72 W;1, 0 %, 3 MiB, 23.15 W;2, 0 %, 3 MiB, 12.64 W;3, 0 %, 3 MiB, 8.17 W; @1786714778
0, 0 %, 9114 MiB, 21.87 W;1, 0 %, 3 MiB, 23.73 W;2, 0 %, 3 MiB, 13.09 W;3, 0 %, 3 MiB, 7.64 W; @1786714782
0, 0 %, 9114 MiB, 21.49 W;1, 0 %, 3 MiB, 22.78 W;2, 0 %, 3 MiB, 12.90 W;3, 0 %, 3 MiB, 7.43 W; @1786714785
0, 0 %, 9114 MiB, 21.53 W;1, 0 %, 3 MiB, 22.79 W;2, 0 %, 3 MiB, 12.78 W;3, 0 %, 3 MiB, 7.02 W; @1786714789
0, 0 %, 9114 MiB, 21.42 W;1, 0 %, 3 MiB, 23.58 W;2, 0 %, 3 MiB, 13.03 W;3, 0 %, 3 MiB, 6.68 W; @1786714793
0, 0 %, 9114 MiB, 21.60 W;1, 0 %, 3 MiB, 22.71 W;2, 0 %, 3 MiB, 12.80 W;3, 0 %, 3 MiB, 6.72 W; @1786714797
0, 0 %, 9114 MiB, 21.69 W;1, 0 %, 3 MiB, 22.94 W;2, 0 %, 3 MiB, 12.84 W;3, 0 %, 3 MiB, 8.05 W; @1786714800
0, 0 %, 9114 MiB, 21.79 W;1, 0 %, 3 MiB, 23.07 W;2, 0 %, 3 MiB, 12.72 W;3, 0 %, 3 MiB, 7.93 W; @1786714803
0, 0 %, 9114 MiB, 21.82 W;1, 0 %, 3 MiB, 22.91 W;2, 0 %, 3 MiB, 12.69 W;3, 0 %, 3 MiB, 7.65 W; @1786714807
0, 0 %, 9114 MiB, 21.79 W;1, 0 %, 3 MiB, 22.98 W;2, 0 %, 3 MiB, 12.82 W;3, 0 %, 3 MiB, 7.01 W; @1786714810
0, 0 %, 9114 MiB, 22.44 W;1, 0 %, 3 MiB, 23.29 W;2, 0 %, 3 MiB, 12.82 W;3, 0 %, 3 MiB, 8.33 W; @1786714813
0, 0 %, 9114 MiB, 22.83 W;1, 0 %, 3 MiB, 23.12 W;2, 0 %, 3 MiB, 13.87 W;3, 0 %, 3 MiB, 9.86 W; @1786714816
0, 0 %, 9114 MiB, 22.76 W;1, 0 %, 3 MiB, 22.79 W;2, 0 %, 3 MiB, 14.11 W;3, 0 %, 3 MiB, 10.35 W; @1786714820
0, 0 %, 9114 MiB, 22.93 W;1, 0 %, 3 MiB, 23.47 W;2, 0 %, 3 MiB, 14.25 W;3, 0 %, 3 MiB, 10.66 W; @1786714823
0, 0 %, 9114 MiB, 22.24 W;1, 0 %, 3 MiB, 23.18 W;2, 0 %, 3 MiB, 12.86 W;3, 0 %, 3 MiB, 8.62 W; @1786714826
0, 0 %, 9114 MiB, 21.98 W;1, 0 %, 3 MiB, 23.60 W;2, 0 %, 3 MiB, 12.33 W;3, 0 %, 3 MiB, 6.93 W; @1786714830
0, 0 %, 9114 MiB, 22.16 W;1, 0 %, 3 MiB, 23.05 W;2, 0 %, 3 MiB, 12.34 W;3, 0 %, 3 MiB, 6.63 W; @1786714833
0, 0 %, 9114 MiB, 22.00 W;1, 0 %, 3 MiB, 23.16 W;2, 0 %, 3 MiB, 12.15 W;3, 0 %, 3 MiB, 6.67 W; @1786714836
0, 0 %, 9114 MiB, 21.77 W;1, 0 %, 3 MiB, 22.99 W;2, 0 %, 3 MiB, 12.23 W;3, 0 %, 3 MiB, 6.66 W; @1786714840
0, 0 %, 9114 MiB, 22.88 W;1, 0 %, 3 MiB, 23.13 W;2, 0 %, 3 MiB, 13.41 W;3, 0 %, 3 MiB, 9.88 W; @1786714843
0, 0 %, 9114 MiB, 22.15 W;1, 0 %, 3 MiB, 22.74 W;2, 0 %, 3 MiB, 13.05 W;3, 0 %, 3 MiB, 9.59 W; @1786714847
0, 0 %, 9114 MiB, 21.90 W;1, 0 %, 3 MiB, 22.92 W;2, 0 %, 3 MiB, 12.47 W;3, 0 %, 3 MiB, 7.90 W; @1786714851
0, 0 %, 9114 MiB, 21.76 W;1, 0 %, 3 MiB, 22.22 W;2, 0 %, 3 MiB, 12.72 W;3, 0 %, 3 MiB, 7.61 W; @1786714855
0, 0 %, 9114 MiB, 21.21 W;1, 0 %, 3 MiB, 22.52 W;2, 0 %, 3 MiB, 12.76 W;3, 0 %, 3 MiB, 7.47 W; @1786714859
0, 0 %, 9114 MiB, 21.61 W;1, 0 %, 3 MiB, 22.87 W;2, 0 %, 3 MiB, 12.73 W;3, 0 %, 3 MiB, 7.48 W; @1786714863
0, 0 %, 9114 MiB, 22.22 W;1, 0 %, 3 MiB, 22.79 W;2, 0 %, 3 MiB, 12.81 W;3, 0 %, 3 MiB, 8.41 W; @1786714873
0, 0 %, 9114 MiB, 21.35 W;1, 0 %, 3 MiB, 23.00 W;2, 0 %, 3 MiB, 13.04 W;3, 0 %, 3 MiB, 6.74 W; @1786714881
0, 0 %, 9114 MiB, 21.25 W;1, 0 %, 3 MiB, 22.56 W;2, 0 %, 3 MiB, 12.68 W;3, 0 %, 3 MiB, 6.64 W; @1786714887
0, 0 %, 9114 MiB, 21.52 W;1, 0 %, 3 MiB, 22.07 W;2, 0 %, 3 MiB, 12.85 W;3, 0 %, 3 MiB, 7.20 W; @1786714893
0, 0 %, 9114 MiB, 21.59 W;1, 0 %, 3 MiB, 22.54 W;2, 0 %, 3 MiB, 13.10 W;3, 0 %, 3 MiB, 7.83 W; @1786714899
0, 0 %, 9114 MiB, 21.72 W;1, 0 %, 3 MiB, 22.96 W;2, 0 %, 3 MiB, 12.99 W;3, 0 %, 3 MiB, 7.65 W; @1786714910
0, 0 %, 9114 MiB, 21.52 W;1, 0 %, 3 MiB, 22.90 W;2, 0 %, 3 MiB, 12.83 W;3, 0 %, 3 MiB, 7.09 W; @1786714916
0, 0 %, 9114 MiB, 21.12 W;1, 0 %, 3 MiB, 23.03 W;2, 0 %, 3 MiB, 12.75 W;3, 0 %, 3 MiB, 7.26 W; @1786714921
0, 0 %, 9114 MiB, 21.19 W;1, 0 %, 3 MiB, 23.27 W;2, 0 %, 3 MiB, 12.76 W;3, 0 %, 3 MiB, 7.30 W; @1786714926
0, 0 %, 9114 MiB, 21.50 W;1, 0 %, 3 MiB, 22.74 W;2, 0 %, 3 MiB, 13.07 W;3, 0 %, 3 MiB, 7.63 W; @1786714931
0, 0 %, 9114 MiB, 21.62 W;1, 0 %, 3 MiB, 23.10 W;2, 0 %, 3 MiB, 12.68 W;3, 0 %, 3 MiB, 7.27 W; @1786714936
0, 0 %, 9114 MiB, 21.32 W;1, 0 %, 3 MiB, 22.16 W;2, 0 %, 3 MiB, 12.61 W;3, 0 %, 3 MiB, 7.97 W; @1786714940
0, 0 %, 9114 MiB, 22.01 W;1, 0 %, 3 MiB, 22.61 W;2, 0 %, 3 MiB, 13.17 W;3, 0 %, 3 MiB, 7.92 W; @1786714943
0, 0 %, 9114 MiB, 21.43 W;1, 0 %, 3 MiB, 22.62 W;2, 0 %, 3 MiB, 12.79 W;3, 0 %, 3 MiB, 6.92 W; @1786714949
0, 0 %, 9114 MiB, 21.56 W;1, 0 %, 3 MiB, 22.67 W;2, 0 %, 3 MiB, 12.83 W;3, 0 %, 3 MiB, 7.03 W; @1786714953
0, 0 %, 9114 MiB, 22.03 W;1, 0 %, 3 MiB, 23.30 W;2, 0 %, 3 MiB, 12.68 W;3, 0 %, 3 MiB, 8.36 W; @1786714957
0, 0 %, 9114 MiB, 21.88 W;1, 0 %, 3 MiB, 23.02 W;2, 0 %, 3 MiB, 12.90 W;3, 0 %, 3 MiB, 8.10 W; @1786714961
0, 0 %, 9114 MiB, 21.68 W;1, 0 %, 3 MiB, 23.19 W;2, 0 %, 3 MiB, 13.22 W;3, 0 %, 3 MiB, 7.50 W; @1786714964
0, 0 %, 9114 MiB, 21.34 W;1, 0 %, 3 MiB, 23.01 W;2, 0 %, 3 MiB, 12.85 W;3, 0 %, 3 MiB, 7.24 W; @1786714968
0, 0 %, 9114 MiB, 21.45 W;1, 0 %, 3 MiB, 22.59 W;2, 0 %, 3 MiB, 12.67 W;3, 0 %, 3 MiB, 7.13 W; @1786714972
0, 0 %, 9114 MiB, 21.47 W;1, 0 %, 3 MiB, 22.80 W;2, 0 %, 3 MiB, 12.64 W;3, 0 %, 3 MiB, 7.19 W; @1786714975
0, 0 %, 9114 MiB, 21.73 W;1, 0 %, 3 MiB, 22.96 W;2, 0 %, 3 MiB, 12.48 W;3, 0 %, 3 MiB, 8.11 W; @1786714979
0, 0 %, 9114 MiB, 22.00 W;1, 0 %, 3 MiB, 23.08 W;2, 0 %, 3 MiB, 12.80 W;3, 0 %, 3 MiB, 7.79 W; @1786714983
0, 0 %, 9114 MiB, 21.18 W;1, 0 %, 3 MiB, 22.98 W;2, 0 %, 3 MiB, 12.62 W;3, 0 %, 3 MiB, 6.93 W; @1786714988
0, 0 %, 9114 MiB, 21.13 W;1, 0 %, 3 MiB, 22.80 W;2, 0 %, 3 MiB, 12.63 W;3, 0 %, 3 MiB, 6.73 W; @1786714992
0, 0 %, 9114 MiB, 21.42 W;1, 0 %, 3 MiB, 22.68 W;2, 0 %, 3 MiB, 12.79 W;3, 0 %, 3 MiB, 8.31 W; @1786714995
0, 0 %, 9114 MiB, 21.24 W;1, 0 %, 3 MiB, 22.39 W;2, 0 %, 3 MiB, 12.41 W;3, 0 %, 3 MiB, 8.27 W; @1786714999
0, 0 %, 9114 MiB, 21.50 W;1, 0 %, 3 MiB, 23.41 W;2, 0 %, 3 MiB, 13.16 W;3, 0 %, 3 MiB, 7.48 W; @1786715003
0, 0 %, 9114 MiB, 21.03 W;1, 0 %, 3 MiB, 23.33 W;2, 0 %, 3 MiB, 12.50 W;3, 0 %, 3 MiB, 7.34 W; @1786715007
0, 0 %, 9114 MiB, 21.27 W;1, 0 %, 3 MiB, 23.38 W;2, 0 %, 3 MiB, 12.48 W;3, 0 %, 3 MiB, 6.75 W; @1786715011
0, 0 %, 9114 MiB, 21.58 W;1, 0 %, 3 MiB, 22.95 W;2, 0 %, 3 MiB, 12.42 W;3, 0 %, 3 MiB, 6.86 W; @1786715015
0, 0 %, 9114 MiB, 21.43 W;1, 0 %, 3 MiB, 22.08 W;2, 0 %, 3 MiB, 12.40 W;3, 0 %, 3 MiB, 6.25 W; @1786715020
0, 0 %, 9114 MiB, 21.74 W;1, 0 %, 3 MiB, 22.07 W;2, 0 %, 3 MiB, 12.48 W;3, 0 %, 3 MiB, 7.81 W; @1786715024
0, 0 %, 9114 MiB, 22.06 W;1, 0 %, 3 MiB, 22.93 W;2, 0 %, 3 MiB, 12.84 W;3, 0 %, 3 MiB, 7.63 W; @1786715028
0, 0 %, 9114 MiB, 21.31 W;1, 0 %, 3 MiB, 22.61 W;2, 0 %, 3 MiB, 12.46 W;3, 0 %, 3 MiB, 6.93 W; @1786715032
0, 0 %, 9114 MiB, 21.41 W;1, 0 %, 3 MiB, 23.44 W;2, 0 %, 3 MiB, 12.80 W;3, 0 %, 3 MiB, 7.29 W; @1786715036
0, 0 %, 9114 MiB, 21.65 W;1, 0 %, 3 MiB, 22.72 W;2, 0 %, 3 MiB, 12.53 W;3, 0 %, 3 MiB, 7.27 W; @1786715039
0, 0 %, 9114 MiB, 21.30 W;1, 0 %, 3 MiB, 23.43 W;2, 0 %, 3 MiB, 12.83 W;3, 0 %, 3 MiB, 7.21 W; @1786715042
0, 0 %, 9114 MiB, 21.57 W;1, 0 %, 3 MiB, 22.51 W;2, 0 %, 3 MiB, 12.62 W;3, 0 %, 3 MiB, 7.11 W; @1786715046
0, 0 %, 9114 MiB, 21.77 W;1, 0 %, 3 MiB, 23.17 W;2, 0 %, 3 MiB, 12.57 W;3, 0 %, 3 MiB, 7.74 W; @1786715049
0, 0 %, 9114 MiB, 21.75 W;1, 0 %, 3 MiB, 23.53 W;2, 0 %, 3 MiB, 12.65 W;3, 0 %, 3 MiB, 8.04 W; @1786715053
0, 0 %, 9114 MiB, 21.80 W;1, 0 %, 3 MiB, 23.14 W;2, 0 %, 3 MiB, 12.41 W;3, 0 %, 3 MiB, 6.78 W; @1786715056
0, 0 %, 9114 MiB, 21.61 W;1, 0 %, 3 MiB, 22.47 W;2, 0 %, 3 MiB, 12.45 W;3, 0 %, 3 MiB, 7.11 W; @1786715060
0, 0 %, 9114 MiB, 21.52 W;1, 0 %, 3 MiB, 22.66 W;2, 0 %, 3 MiB, 12.57 W;3, 0 %, 3 MiB, 7.14 W; @1786715064
0, 0 %, 9114 MiB, 21.96 W;1, 0 %, 3 MiB, 23.24 W;2, 0 %, 3 MiB, 12.69 W;3, 0 %, 3 MiB, 7.13 W; @1786715068
0, 0 %, 9114 MiB, 21.82 W;1, 0 %, 3 MiB, 23.02 W;2, 0 %, 3 MiB, 12.18 W;3, 0 %, 3 MiB, 7.05 W; @1786715072
0, 0 %, 9114 MiB, 21.53 W;1, 0 %, 3 MiB, 22.60 W;2, 0 %, 3 MiB, 12.58 W;3, 0 %, 3 MiB, 7.29 W; @1786715076
0, 0 %, 9114 MiB, 21.91 W;1, 0 %, 3 MiB, 23.13 W;2, 0 %, 3 MiB, 12.58 W;3, 0 %, 3 MiB, 8.26 W; @1786715080
0, 0 %, 9114 MiB, 21.87 W;1, 0 %, 3 MiB, 22.75 W;2, 0 %, 3 MiB, 12.56 W;3, 0 %, 3 MiB, 8.04 W; @1786715084
0, 0 %, 9114 MiB, 21.90 W;1, 0 %, 3 MiB, 22.10 W;2, 0 %, 3 MiB, 12.59 W;3, 0 %, 3 MiB, 7.08 W; @1786715088
0, 0 %, 9114 MiB, 21.67 W;1, 0 %, 3 MiB, 23.09 W;2, 0 %, 3 MiB, 12.74 W;3, 0 %, 3 MiB, 7.09 W; @1786715093
0, 0 %, 9114 MiB, 21.56 W;1, 0 %, 3 MiB, 22.55 W;2, 0 %, 3 MiB, 12.57 W;3, 0 %, 3 MiB, 6.99 W; @1786715097
0, 0 %, 9114 MiB, 22.32 W;1, 0 %, 3 MiB, 22.97 W;2, 0 %, 3 MiB, 12.67 W;3, 0 %, 3 MiB, 7.17 W; @1786715101
0, 1 %, 9619 MiB, 35.97 W;1, 0 %, 509 MiB, 24.60 W;2, 0 %, 3 MiB, 13.21 W;3, 0 %, 3 MiB, 9.12 W; @1786715104
0, 0 %, 9114 MiB, 64.26 W;1, 0 %, 3 MiB, 61.43 W;2, 0 %, 3 MiB, 53.33 W;3, 0 %, 3 MiB, 50.27 W; @1786715108
0, 0 %, 9114 MiB, 22.34 W;1, 0 %, 3 MiB, 23.72 W;2, 0 %, 3 MiB, 12.69 W;3, 0 %, 3 MiB, 7.52 W; @1786715111
0, 0 %, 9114 MiB, 21.74 W;1, 0 %, 3 MiB, 23.40 W;2, 0 %, 3 MiB, 12.81 W;3, 0 %, 3 MiB, 7.47 W; @1786715116
0, 0 %, 9114 MiB, 21.68 W;1, 0 %, 3 MiB, 22.67 W;2, 0 %, 3 MiB, 12.58 W;3, 0 %, 3 MiB, 7.20 W; @1786715120
0, 0 %, 9114 MiB, 22.31 W;1, 0 %, 3 MiB, 23.13 W;2, 0 %, 3 MiB, 12.55 W;3, 0 %, 3 MiB, 8.43 W; @1786715124
0, 0 %, 9114 MiB, 22.21 W;1, 0 %, 3 MiB, 22.90 W;2, 0 %, 3 MiB, 12.36 W;3, 0 %, 3 MiB, 7.97 W; @1786715127
0, 0 %, 9114 MiB, 22.08 W;1, 0 %, 3 MiB, 23.23 W;2, 0 %, 3 MiB, 12.52 W;3, 0 %, 3 MiB, 7.83 W; @1786715131
0, 0 %, 9114 MiB, 21.81 W;1, 0 %, 3 MiB, 22.80 W;2, 0 %, 3 MiB, 12.41 W;3, 0 %, 3 MiB, 7.29 W; @1786715134
0, 0 %, 9114 MiB, 21.73 W;1, 0 %, 3 MiB, 23.10 W;2, 0 %, 3 MiB, 12.74 W;3, 0 %, 3 MiB, 7.58 W; @1786715138
0, 0 %, 9114 MiB, 21.79 W;1, 0 %, 3 MiB, 22.82 W;2, 0 %, 3 MiB, 12.65 W;3, 0 %, 3 MiB, 8.26 W; @1786715142
0, 0 %, 9114 MiB, 21.89 W;1, 0 %, 3 MiB, 23.65 W;2, 0 %, 3 MiB, 12.37 W;3, 0 %, 3 MiB, 7.70 W; @1786715145
0, 0 %, 9114 MiB, 21.67 W;1, 0 %, 3 MiB, 23.25 W;2, 0 %, 3 MiB, 12.38 W;3, 0 %, 3 MiB, 7.11 W; @1786715149
0, 0 %, 9114 MiB, 21.76 W;1, 0 %, 3 MiB, 23.46 W;2, 0 %, 3 MiB, 12.42 W;3, 0 %, 3 MiB, 7.29 W; @1786715152
0, 0 %, 9114 MiB, 21.75 W;1, 0 %, 3 MiB, 22.67 W;2, 0 %, 3 MiB, 12.19 W;3, 0 %, 3 MiB, 7.58 W; @1786715156
0, 0 %, 9114 MiB, 22.16 W;1, 0 %, 3 MiB, 22.73 W;2, 0 %, 3 MiB, 12.32 W;3, 0 %, 3 MiB, 8.01 W; @1786715159
0, 0 %, 9114 MiB, 21.70 W;1, 0 %, 3 MiB, 22.20 W;2, 0 %, 3 MiB, 12.25 W;3, 0 %, 3 MiB, 8.08 W; @1786715163
0, 0 %, 9114 MiB, 21.45 W;1, 0 %, 3 MiB, 22.64 W;2, 0 %, 3 MiB, 12.81 W;3, 0 %, 3 MiB, 7.26 W; @1786715166
0, 0 %, 9114 MiB, 21.71 W;1, 0 %, 3 MiB, 22.92 W;2, 0 %, 3 MiB, 12.41 W;3, 0 %, 3 MiB, 7.38 W; @1786715169
0, 0 %, 9114 MiB, 21.66 W;1, 0 %, 3 MiB, 23.21 W;2, 0 %, 3 MiB, 12.35 W;3, 0 %, 3 MiB, 7.30 W; @1786715172
0, 0 %, 9114 MiB, 21.55 W;1, 0 %, 3 MiB, 22.85 W;2, 0 %, 3 MiB, 12.55 W;3, 0 %, 3 MiB, 7.35 W; @1786715176
0, 0 %, 9114 MiB, 21.26 W;1, 0 %, 3 MiB, 23.05 W;2, 0 %, 3 MiB, 12.37 W;3, 0 %, 3 MiB, 7.23 W; @1786715179
0, 0 %, 9114 MiB, 21.44 W;1, 0 %, 3 MiB, 22.91 W;2, 0 %, 3 MiB, 12.48 W;3, 0 %, 3 MiB, 7.30 W; @1786715183
0, 0 %, 9114 MiB, 21.83 W;1, 0 %, 3 MiB, 23.45 W;2, 0 %, 3 MiB, 12.41 W;3, 0 %, 3 MiB, 8.09 W; @1786715186
0, 0 %, 9114 MiB, 22.19 W;1, 0 %, 3 MiB, 23.80 W;2, 0 %, 3 MiB, 12.98 W;3, 0 %, 3 MiB, 8.38 W; @1786715190
0, 0 %, 9114 MiB, 21.69 W;1, 0 %, 3 MiB, 22.69 W;2, 0 %, 3 MiB, 12.55 W;3, 0 %, 3 MiB, 7.70 W; @1786715193
0, 0 %, 9114 MiB, 21.70 W;1, 0 %, 3 MiB, 22.72 W;2, 0 %, 3 MiB, 12.50 W;3, 0 %, 3 MiB, 7.60 W; @1786715197
0, 0 %, 9114 MiB, 21.98 W;1, 0 %, 3 MiB, 22.43 W;2, 0 %, 3 MiB, 12.29 W;3, 0 %, 3 MiB, 7.66 W; @1786715201
0, 0 %, 9114 MiB, 21.87 W;1, 0 %, 3 MiB, 22.99 W;2, 0 %, 3 MiB, 12.27 W;3, 0 %, 3 MiB, 7.26 W; @1786715205
0, 0 %, 9114 MiB, 22.52 W;1, 0 %, 3 MiB, 22.38 W;2, 0 %, 3 MiB, 12.89 W;3, 0 %, 3 MiB, 8.55 W; @1786715208
0, 0 %, 9114 MiB, 21.93 W;1, 0 %, 3 MiB, 22.42 W;2, 0 %, 3 MiB, 12.19 W;3, 0 %, 3 MiB, 8.29 W; @1786715211
0, 0 %, 9114 MiB, 22.09 W;1, 0 %, 3 MiB, 22.50 W;2, 0 %, 3 MiB, 12.66 W;3, 0 %, 3 MiB, 7.76 W; @1786715215
0, 0 %, 9114 MiB, 21.82 W;1, 0 %, 3 MiB, 22.33 W;2, 0 %, 3 MiB, 12.52 W;3, 0 %, 3 MiB, 7.06 W; @1786715218
0, 0 %, 9114 MiB, 21.80 W;1, 0 %, 3 MiB, 22.23 W;2, 0 %, 3 MiB, 12.30 W;3, 0 %, 3 MiB, 7.25 W; @1786715221
0, 0 %, 9114 MiB, 21.91 W;1, 0 %, 3 MiB, 23.04 W;2, 0 %, 3 MiB, 12.56 W;3, 0 %, 3 MiB, 6.87 W; @1786715225
0, 0 %, 9114 MiB, 21.67 W;1, 0 %, 3 MiB, 22.56 W;2, 0 %, 3 MiB, 12.37 W;3, 0 %, 3 MiB, 6.81 W; @1786715228
0, 0 %, 9114 MiB, 21.99 W;1, 0 %, 3 MiB, 21.89 W;2, 0 %, 3 MiB, 12.14 W;3, 0 %, 3 MiB, 7.01 W; @1786715231
0, 0 %, 9114 MiB, 21.80 W;1, 0 %, 3 MiB, 22.32 W;2, 0 %, 3 MiB, 12.59 W;3, 0 %, 3 MiB, 8.19 W; @1786715235
0, 0 %, 9114 MiB, 21.81 W;1, 0 %, 3 MiB, 22.43 W;2, 0 %, 3 MiB, 12.39 W;3, 0 %, 3 MiB, 7.43 W; @1786715240
0, 0 %, 9114 MiB, 21.57 W;1, 0 %, 3 MiB, 22.36 W;2, 0 %, 3 MiB, 12.44 W;3, 0 %, 3 MiB, 6.76 W; @1786715243
0, 0 %, 9114 MiB, 21.71 W;1, 0 %, 3 MiB, 22.49 W;2, 0 %, 3 MiB, 12.50 W;3, 0 %, 3 MiB, 7.12 W; @1786715246
0, 0 %, 9114 MiB, 21.47 W;1, 0 %, 3 MiB, 22.63 W;2, 0 %, 3 MiB, 12.70 W;3, 0 %, 3 MiB, 7.14 W; @1786715249
0, 0 %, 9114 MiB, 21.86 W;1, 0 %, 3 MiB, 21.77 W;2, 0 %, 3 MiB, 12.40 W;3, 0 %, 3 MiB, 6.86 W; @1786715252
0, 0 %, 9114 MiB, 21.75 W;1, 0 %, 3 MiB, 22.08 W;2, 0 %, 3 MiB, 12.52 W;3, 0 %, 3 MiB, 7.07 W; @1786715256
0, 0 %, 9114 MiB, 21.88 W;1, 0 %, 3 MiB, 22.47 W;2, 0 %, 3 MiB, 12.58 W;3, 0 %, 3 MiB, 8.18 W; @1786715259
0, 0 %, 9114 MiB, 21.86 W;1, 0 %, 3 MiB, 22.19 W;2, 0 %, 3 MiB, 12.52 W;3, 0 %, 3 MiB, 7.95 W; @1786715263
0, 0 %, 9114 MiB, 21.58 W;1, 0 %, 3 MiB, 22.45 W;2, 0 %, 3 MiB, 12.53 W;3, 0 %, 3 MiB, 7.40 W; @1786715267
0, 0 %, 9114 MiB, 21.51 W;1, 0 %, 3 MiB, 23.06 W;2, 0 %, 3 MiB, 12.44 W;3, 0 %, 3 MiB, 7.13 W; @1786715271
0, 0 %, 9114 MiB, 21.65 W;1, 0 %, 3 MiB, 22.31 W;2, 0 %, 3 MiB, 12.46 W;3, 0 %, 3 MiB, 7.30 W; @1786715274
0, 0 %, 9114 MiB, 21.29 W;1, 0 %, 3 MiB, 22.32 W;2, 0 %, 3 MiB, 12.51 W;3, 0 %, 3 MiB, 7.40 W; @1786715277
0, 0 %, 9114 MiB, 21.56 W;1, 0 %, 3 MiB, 22.51 W;2, 0 %, 3 MiB, 12.36 W;3, 0 %, 3 MiB, 7.89 W; @1786715280
0, 0 %, 9114 MiB, 21.57 W;1, 0 %, 3 MiB, 22.24 W;2, 0 %, 3 MiB, 12.42 W;3, 0 %, 3 MiB, 7.70 W; @1786715284
0, 0 %, 9114 MiB, 21.71 W;1, 0 %, 3 MiB, 22.54 W;2, 0 %, 3 MiB, 12.71 W;3, 0 %, 3 MiB, 7.64 W; @1786715287
0, 0 %, 9114 MiB, 21.45 W;1, 0 %, 3 MiB, 22.73 W;2, 0 %, 3 MiB, 12.51 W;3, 0 %, 3 MiB, 7.49 W; @1786715290
0, 0 %, 9114 MiB, 21.09 W;1, 0 %, 3 MiB, 22.83 W;2, 0 %, 3 MiB, 12.44 W;3, 0 %, 3 MiB, 7.06 W; @1786715294
0, 0 %, 9114 MiB, 21.38 W;1, 0 %, 3 MiB, 22.79 W;2, 0 %, 3 MiB, 12.55 W;3, 0 %, 3 MiB, 7.07 W; @1786715297
0, 0 %, 9114 MiB, 21.70 W;1, 0 %, 3 MiB, 22.74 W;2, 0 %, 3 MiB, 12.87 W;3, 0 %, 3 MiB, 8.34 W; @1786715301
0, 0 %, 9114 MiB, 21.57 W;1, 0 %, 3 MiB, 22.35 W;2, 0 %, 3 MiB, 12.48 W;3, 0 %, 3 MiB, 8.01 W; @1786715304
0, 0 %, 9114 MiB, 21.72 W;1, 0 %, 3 MiB, 22.85 W;2, 0 %, 3 MiB, 12.76 W;3, 0 %, 3 MiB, 7.95 W; @1786715307
0, 0 %, 9114 MiB, 21.88 W;1, 0 %, 3 MiB, 22.88 W;2, 0 %, 3 MiB, 12.63 W;3, 0 %, 3 MiB, 7.20 W; @1786715311
0, 0 %, 9114 MiB, 21.64 W;1, 0 %, 3 MiB, 22.78 W;2, 0 %, 3 MiB, 12.60 W;3, 0 %, 3 MiB, 7.37 W; @1786715314
0, 0 %, 9114 MiB, 21.71 W;1, 0 %, 3 MiB, 22.78 W;2, 0 %, 3 MiB, 12.63 W;3, 0 %, 3 MiB, 7.38 W; @1786715317
0, 0 %, 9114 MiB, 21.43 W;1, 0 %, 3 MiB, 23.01 W;2, 0 %, 3 MiB, 12.72 W;3, 0 %, 3 MiB, 7.29 W; @1786715321
0, 0 %, 9114 MiB, 21.50 W;1, 0 %, 3 MiB, 22.94 W;2, 0 %, 3 MiB, 12.78 W;3, 0 %, 3 MiB, 7.27 W; @1786715324
0, 0 %, 9114 MiB, 21.76 W;1, 0 %, 3 MiB, 22.80 W;2, 0 %, 3 MiB, 12.77 W;3, 0 %, 3 MiB, 7.35 W; @1786715328
0, 0 %, 9114 MiB, 22.04 W;1, 0 %, 3 MiB, 22.49 W;2, 0 %, 3 MiB, 12.57 W;3, 0 %, 3 MiB, 8.23 W; @1786715331
0, 0 %, 9114 MiB, 21.98 W;1, 0 %, 3 MiB, 22.13 W;2, 0 %, 3 MiB, 12.61 W;3, 0 %, 3 MiB, 8.77 W; @1786715334
0, 0 %, 9114 MiB, 22.24 W;1, 0 %, 3 MiB, 22.53 W;2, 0 %, 3 MiB, 12.94 W;3, 0 %, 3 MiB, 8.30 W; @1786715337
0, 0 %, 9114 MiB, 21.77 W;1, 0 %, 3 MiB, 22.44 W;2, 0 %, 3 MiB, 12.74 W;3, 0 %, 3 MiB, 7.68 W; @1786715341
0, 0 %, 9114 MiB, 21.63 W;1, 0 %, 3 MiB, 22.46 W;2, 0 %, 3 MiB, 12.71 W;3, 0 %, 3 MiB, 7.56 W; @1786715344
0, 0 %, 9114 MiB, 21.06 W;1, 0 %, 3 MiB, 22.56 W;2, 0 %, 3 MiB, 12.71 W;3, 0 %, 3 MiB, 7.43 W; @1786715347
0, 0 %, 9114 MiB, 21.49 W;1, 0 %, 3 MiB, 22.62 W;2, 0 %, 3 MiB, 12.72 W;3, 0 %, 3 MiB, 7.29 W; @1786715350
0, 0 %, 9114 MiB, 21.29 W;1, 0 %, 3 MiB, 22.92 W;2, 0 %, 3 MiB, 12.59 W;3, 0 %, 3 MiB, 7.22 W; @1786715354
0, 0 %, 9114 MiB, 21.67 W;1, 0 %, 3 MiB, 22.46 W;2, 0 %, 3 MiB, 12.69 W;3, 0 %, 3 MiB, 7.11 W; @1786715357
0, 0 %, 9114 MiB, 21.46 W;1, 0 %, 3 MiB, 22.60 W;2, 0 %, 3 MiB, 12.68 W;3, 0 %, 3 MiB, 6.92 W; @1786715360
0, 0 %, 9114 MiB, 21.68 W;1, 0 %, 3 MiB, 23.18 W;2, 0 %, 3 MiB, 12.60 W;3, 0 %, 3 MiB, 6.94 W; @1786715363
0, 0 %, 9114 MiB, 21.55 W;1, 0 %, 3 MiB, 22.73 W;2, 0 %, 3 MiB, 12.46 W;3, 0 %, 3 MiB, 7.05 W; @1786715366
0, 0 %, 9114 MiB, 21.56 W;1, 0 %, 3 MiB, 22.64 W;2, 0 %, 3 MiB, 12.60 W;3, 0 %, 3 MiB, 6.82 W; @1786715370
0, 0 %, 9114 MiB, 21.42 W;1, 0 %, 3 MiB, 23.11 W;2, 0 %, 3 MiB, 12.59 W;3, 0 %, 3 MiB, 6.96 W; @1786715373
0, 0 %, 9114 MiB, 21.64 W;1, 0 %, 3 MiB, 22.29 W;2, 0 %, 3 MiB, 12.47 W;3, 0 %, 3 MiB, 6.86 W; @1786715377
0, 0 %, 9114 MiB, 21.26 W;1, 0 %, 3 MiB, 22.73 W;2, 0 %, 3 MiB, 12.40 W;3, 0 %, 3 MiB, 6.93 W; @1786715380
0, 0 %, 9114 MiB, 21.24 W;1, 0 %, 3 MiB, 22.50 W;2, 0 %, 3 MiB, 12.51 W;3, 0 %, 3 MiB, 6.98 W; @1786715383
0, 0 %, 9114 MiB, 21.48 W;1, 0 %, 3 MiB, 22.51 W;2, 0 %, 3 MiB, 12.55 W;3, 0 %, 3 MiB, 6.95 W; @1786715386
0, 0 %, 9114 MiB, 21.99 W;1, 0 %, 3 MiB, 22.33 W;2, 0 %, 3 MiB, 12.57 W;3, 0 %, 3 MiB, 7.76 W; @1786715390
0, 0 %, 9114 MiB, 22.13 W;1, 0 %, 3 MiB, 22.39 W;2, 0 %, 3 MiB, 12.60 W;3, 0 %, 3 MiB, 8.02 W; @1786715393
0, 0 %, 9114 MiB, 21.59 W;1, 0 %, 3 MiB, 22.40 W;2, 0 %, 3 MiB, 12.69 W;3, 0 %, 3 MiB, 7.24 W; @1786715396
0, 0 %, 9114 MiB, 21.47 W;1, 0 %, 3 MiB, 22.30 W;2, 0 %, 3 MiB, 12.65 W;3, 0 %, 3 MiB, 7.01 W; @1786715400
0, 0 %, 9114 MiB, 21.59 W;1, 0 %, 3 MiB, 22.32 W;2, 0 %, 3 MiB, 12.65 W;3, 0 %, 3 MiB, 7.37 W; @1786715403
0, 0 %, 9114 MiB, 21.45 W;1, 0 %, 3 MiB, 22.42 W;2, 0 %, 3 MiB, 12.70 W;3, 0 %, 3 MiB, 7.13 W; @1786715406
0, 0 %, 9114 MiB, 21.47 W;1, 0 %, 3 MiB, 22.28 W;2, 0 %, 3 MiB, 12.66 W;3, 0 %, 3 MiB, 7.37 W; @1786715409
0, 0 %, 9114 MiB, 21.95 W;1, 0 %, 3 MiB, 22.45 W;2, 0 %, 3 MiB, 12.67 W;3, 0 %, 3 MiB, 8.23 W; @1786715412
0, 0 %, 9114 MiB, 21.39 W;1, 0 %, 3 MiB, 22.58 W;2, 0 %, 3 MiB, 12.56 W;3, 0 %, 3 MiB, 7.88 W; @1786715416
0, 0 %, 9114 MiB, 21.45 W;1, 0 %, 3 MiB, 22.42 W;2, 0 %, 3 MiB, 12.52 W;3, 0 %, 3 MiB, 7.05 W; @1786715419
0, 0 %, 9114 MiB, 21.38 W;1, 0 %, 3 MiB, 21.79 W;2, 0 %, 3 MiB, 12.40 W;3, 0 %, 3 MiB, 7.02 W; @1786715422
0, 0 %, 9114 MiB, 21.59 W;1, 0 %, 3 MiB, 21.96 W;2, 0 %, 3 MiB, 12.53 W;3, 0 %, 3 MiB, 7.54 W; @1786715425
0, 0 %, 9114 MiB, 21.59 W;1, 0 %, 3 MiB, 22.76 W;2, 0 %, 3 MiB, 12.36 W;3, 0 %, 3 MiB, 7.25 W; @1786715429
0, 0 %, 9114 MiB, 21.50 W;1, 0 %, 3 MiB, 22.44 W;2, 0 %, 3 MiB, 12.25 W;3, 0 %, 3 MiB, 7.00 W; @1786715432
0, 0 %, 9114 MiB, 21.40 W;1, 0 %, 3 MiB, 22.59 W;2, 0 %, 3 MiB, 12.31 W;3, 0 %, 3 MiB, 7.27 W; @1786715435
0, 0 %, 9114 MiB, 21.40 W;1, 0 %, 3 MiB, 22.46 W;2, 0 %, 3 MiB, 12.53 W;3, 0 %, 3 MiB, 7.05 W; @1786715439
0, 0 %, 9114 MiB, 21.96 W;1, 0 %, 3 MiB, 22.45 W;2, 0 %, 3 MiB, 12.20 W;3, 0 %, 3 MiB, 7.13 W; @1786715442
0, 0 %, 9114 MiB, 21.49 W;1, 0 %, 3 MiB, 22.96 W;2, 0 %, 3 MiB, 12.05 W;3, 0 %, 3 MiB, 7.72 W; @1786715445
0, 0 %, 9114 MiB, 21.56 W;1, 0 %, 3 MiB, 22.50 W;2, 0 %, 3 MiB, 12.28 W;3, 0 %, 3 MiB, 7.77 W; @1786715449
0, 0 %, 9114 MiB, 21.53 W;1, 0 %, 3 MiB, 22.58 W;2, 0 %, 3 MiB, 12.25 W;3, 0 %, 3 MiB, 7.21 W; @1786715452
0, 0 %, 9114 MiB, 21.23 W;1, 0 %, 3 MiB, 22.95 W;2, 0 %, 3 MiB, 12.36 W;3, 0 %, 3 MiB, 7.02 W; @1786715455
0, 0 %, 9114 MiB, 21.43 W;1, 0 %, 3 MiB, 22.79 W;2, 0 %, 3 MiB, 12.42 W;3, 0 %, 3 MiB, 6.90 W; @1786715458
0, 0 %, 9114 MiB, 21.97 W;1, 0 %, 3 MiB, 22.52 W;2, 0 %, 3 MiB, 12.35 W;3, 0 %, 3 MiB, 6.87 W; @1786715461
0, 0 %, 9114 MiB, 21.78 W;1, 0 %, 3 MiB, 23.25 W;2, 0 %, 3 MiB, 12.53 W;3, 0 %, 3 MiB, 7.04 W; @1786715465
0, 0 %, 9114 MiB, 21.87 W;1, 0 %, 3 MiB, 22.36 W;2, 0 %, 3 MiB, 12.43 W;3, 0 %, 3 MiB, 7.16 W; @1786715468
0, 0 %, 9114 MiB, 21.86 W;1, 0 %, 3 MiB, 23.57 W;2, 0 %, 3 MiB, 12.38 W;3, 0 %, 3 MiB, 6.91 W; @1786715472
0, 0 %, 9114 MiB, 22.05 W;1, 0 %, 3 MiB, 22.77 W;2, 0 %, 3 MiB, 12.31 W;3, 0 %, 3 MiB, 7.96 W; @1786715475
0, 0 %, 9114 MiB, 21.91 W;1, 0 %, 3 MiB, 23.38 W;2, 0 %, 3 MiB, 12.65 W;3, 0 %, 3 MiB, 7.82 W; @1786715478
0, 0 %, 9114 MiB, 22.06 W;1, 0 %, 3 MiB, 23.40 W;2, 0 %, 3 MiB, 12.80 W;3, 0 %, 3 MiB, 7.48 W; @1786715482
0, 0 %, 9114 MiB, 21.82 W;1, 0 %, 3 MiB, 22.97 W;2, 0 %, 3 MiB, 12.58 W;3, 0 %, 3 MiB, 6.97 W; @1786715485
0, 0 %, 9114 MiB, 21.47 W;1, 0 %, 3 MiB, 23.23 W;2, 0 %, 3 MiB, 12.59 W;3, 0 %, 3 MiB, 6.98 W; @1786715488
0, 0 %, 9114 MiB, 21.28 W;1, 0 %, 3 MiB, 23.21 W;2, 0 %, 3 MiB, 12.62 W;3, 0 %, 3 MiB, 6.76 W; @1786715491
0, 0 %, 9114 MiB, 21.60 W;1, 0 %, 3 MiB, 22.56 W;2, 0 %, 3 MiB, 12.46 W;3, 0 %, 3 MiB, 7.77 W; @1786715495
0, 0 %, 9114 MiB, 21.85 W;1, 0 %, 3 MiB, 22.28 W;2, 0 %, 3 MiB, 12.58 W;3, 0 %, 3 MiB, 7.95 W; @1786715498
0, 0 %, 9114 MiB, 21.92 W;1, 0 %, 3 MiB, 22.84 W;2, 0 %, 3 MiB, 13.15 W;3, 0 %, 3 MiB, 7.41 W; @1786715502
0, 0 %, 9114 MiB, 21.52 W;1, 0 %, 3 MiB, 22.12 W;2, 0 %, 3 MiB, 12.63 W;3, 0 %, 3 MiB, 6.80 W; @1786715505
0, 0 %, 9114 MiB, 21.52 W;1, 0 %, 3 MiB, 23.05 W;2, 0 %, 3 MiB, 12.65 W;3, 0 %, 3 MiB, 7.29 W; @1786715508
0, 0 %, 9114 MiB, 21.33 W;1, 0 %, 3 MiB, 22.45 W;2, 0 %, 3 MiB, 12.67 W;3, 0 %, 3 MiB, 7.28 W; @1786715511
0, 0 %, 9114 MiB, 21.25 W;1, 0 %, 3 MiB, 22.80 W;2, 0 %, 3 MiB, 12.60 W;3, 0 %, 3 MiB, 7.26 W; @1786715515
0, 0 %, 9114 MiB, 21.52 W;1, 0 %, 3 MiB, 22.37 W;2, 0 %, 3 MiB, 12.78 W;3, 0 %, 3 MiB, 7.28 W; @1786715518
0, 0 %, 9114 MiB, 21.38 W;1, 0 %, 3 MiB, 22.89 W;2, 0 %, 3 MiB, 12.76 W;3, 0 %, 3 MiB, 7.41 W; @1786715521
0, 0 %, 9114 MiB, 21.64 W;1, 0 %, 3 MiB, 22.91 W;2, 0 %, 3 MiB, 12.48 W;3, 0 %, 3 MiB, 7.83 W; @1786715524
0, 0 %, 9114 MiB, 20.97 W;1, 0 %, 3 MiB, 23.72 W;2, 0 %, 3 MiB, 12.53 W;3, 0 %, 3 MiB, 7.99 W; @1786715528
0, 0 %, 9114 MiB, 21.31 W;1, 0 %, 3 MiB, 23.38 W;2, 0 %, 3 MiB, 12.64 W;3, 0 %, 3 MiB, 7.36 W; @1786715532
0, 0 %, 9114 MiB, 21.07 W;1, 0 %, 3 MiB, 23.07 W;2, 0 %, 3 MiB, 12.43 W;3, 0 %, 3 MiB, 7.34 W; @1786715536
0, 0 %, 9114 MiB, 21.32 W;1, 0 %, 3 MiB, 23.00 W;2, 0 %, 3 MiB, 12.52 W;3, 0 %, 3 MiB, 7.33 W; @1786715539
0, 0 %, 9114 MiB, 21.03 W;1, 0 %, 3 MiB, 22.80 W;2, 0 %, 3 MiB, 12.70 W;3, 0 %, 3 MiB, 6.84 W; @1786715543
0, 0 %, 9114 MiB, 20.99 W;1, 0 %, 3 MiB, 22.98 W;2, 0 %, 3 MiB, 12.57 W;3, 0 %, 3 MiB, 7.01 W; @1786715546
0, 0 %, 9114 MiB, 21.41 W;1, 0 %, 3 MiB, 23.62 W;2, 0 %, 3 MiB, 12.42 W;3, 0 %, 3 MiB, 7.15 W; @1786715549
0, 0 %, 9114 MiB, 21.59 W;1, 0 %, 3 MiB, 23.92 W;2, 0 %, 3 MiB, 12.36 W;3, 0 %, 3 MiB, 8.13 W; @1786715553
0, 0 %, 9114 MiB, 21.27 W;1, 0 %, 3 MiB, 23.39 W;2, 0 %, 3 MiB, 12.50 W;3, 0 %, 3 MiB, 7.95 W; @1786715557
0, 0 %, 9114 MiB, 21.45 W;1, 0 %, 3 MiB, 23.17 W;2, 0 %, 3 MiB, 12.52 W;3, 0 %, 3 MiB, 7.40 W; @1786715560
0, 0 %, 9114 MiB, 21.16 W;1, 0 %, 3 MiB, 23.07 W;2, 0 %, 3 MiB, 12.49 W;3, 0 %, 3 MiB, 7.26 W; @1786715564
0, 0 %, 9114 MiB, 21.19 W;1, 0 %, 3 MiB, 23.16 W;2, 0 %, 3 MiB, 12.60 W;3, 0 %, 3 MiB, 7.07 W; @1786715569
0, 0 %, 9114 MiB, 21.43 W;1, 0 %, 3 MiB, 23.11 W;2, 0 %, 3 MiB, 12.63 W;3, 0 %, 3 MiB, 7.03 W; @1786715572
0, 0 %, 9114 MiB, 21.52 W;1, 0 %, 3 MiB, 22.58 W;2, 0 %, 3 MiB, 12.66 W;3, 0 %, 3 MiB, 7.17 W; @1786715575
0, 0 %, 9114 MiB, 21.32 W;1, 0 %, 3 MiB, 22.71 W;2, 0 %, 3 MiB, 12.59 W;3, 0 %, 3 MiB, 7.00 W; @1786715579
0, 0 %, 9114 MiB, 21.65 W;1, 0 %, 3 MiB, 22.67 W;2, 0 %, 3 MiB, 12.89 W;3, 0 %, 3 MiB, 6.72 W; @1786715582
0, 0 %, 9114 MiB, 21.30 W;1, 0 %, 3 MiB, 23.22 W;2, 0 %, 3 MiB, 12.92 W;3, 0 %, 3 MiB, 6.92 W; @1786715585
0, 0 %, 9114 MiB, 21.28 W;1, 0 %, 3 MiB, 22.72 W;2, 0 %, 3 MiB, 13.03 W;3, 0 %, 3 MiB, 6.90 W; @1786715590
0, 0 %, 9114 MiB, 21.13 W;1, 0 %, 3 MiB, 22.38 W;2, 0 %, 3 MiB, 12.74 W;3, 0 %, 3 MiB, 6.91 W; @1786715593
0, 0 %, 9114 MiB, 21.15 W;1, 0 %, 3 MiB, 22.54 W;2, 0 %, 3 MiB, 12.66 W;3, 0 %, 3 MiB, 7.28 W; @1786715597
0, 0 %, 9114 MiB, 21.42 W;1, 0 %, 3 MiB, 23.39 W;2, 0 %, 3 MiB, 12.64 W;3, 0 %, 3 MiB, 7.60 W; @1786715600
0, 0 %, 9114 MiB, 21.47 W;1, 0 %, 3 MiB, 22.93 W;2, 0 %, 3 MiB, 12.60 W;3, 0 %, 3 MiB, 8.01 W; @1786715604
0, 0 %, 9114 MiB, 21.57 W;1, 0 %, 3 MiB, 22.96 W;2, 0 %, 3 MiB, 12.49 W;3, 0 %, 3 MiB, 8.22 W; @1786715607
0, 0 %, 9114 MiB, 21.84 W;1, 0 %, 3 MiB, 23.23 W;2, 0 %, 3 MiB, 13.17 W;3, 0 %, 3 MiB, 7.48 W; @1786715610
0, 0 %, 9114 MiB, 21.43 W;1, 0 %, 3 MiB, 23.06 W;2, 0 %, 3 MiB, 12.80 W;3, 0 %, 3 MiB, 7.07 W; @1786715614
0, 0 %, 9114 MiB, 21.64 W;1, 0 %, 3 MiB, 23.10 W;2, 0 %, 3 MiB, 12.37 W;3, 0 %, 3 MiB, 6.84 W; @1786715617
0, 0 %, 9114 MiB, 21.55 W;1, 0 %, 3 MiB, 22.96 W;2, 0 %, 3 MiB, 12.79 W;3, 0 %, 3 MiB, 7.03 W; @1786715620
0, 0 %, 9114 MiB, 21.54 W;1, 0 %, 3 MiB, 22.06 W;2, 0 %, 3 MiB, 12.69 W;3, 0 %, 3 MiB, 6.95 W; @1786715624
0, 0 %, 9114 MiB, 21.28 W;1, 0 %, 3 MiB, 23.24 W;2, 0 %, 3 MiB, 12.59 W;3, 0 %, 3 MiB, 6.84 W; @1786715627
0, 0 %, 9114 MiB, 21.31 W;1, 0 %, 3 MiB, 22.77 W;2, 0 %, 3 MiB, 12.78 W;3, 0 %, 3 MiB, 6.66 W; @1786715630
0, 0 %, 9114 MiB, 21.68 W;1, 0 %, 3 MiB, 22.84 W;2, 0 %, 3 MiB, 12.52 W;3, 0 %, 3 MiB, 6.39 W; @1786715634
0, 0 %, 9114 MiB, 21.89 W;1, 0 %, 3 MiB, 22.70 W;2, 0 %, 3 MiB, 12.72 W;3, 0 %, 3 MiB, 7.42 W; @1786715638
0, 0 %, 9114 MiB, 22.15 W;1, 0 %, 3 MiB, 22.65 W;2, 0 %, 3 MiB, 12.35 W;3, 0 %, 3 MiB, 7.84 W; @1786715641
0, 0 %, 9114 MiB, 21.86 W;1, 0 %, 3 MiB, 23.03 W;2, 0 %, 3 MiB, 12.50 W;3, 0 %, 3 MiB, 7.66 W; @1786715644
0, 0 %, 9114 MiB, 21.51 W;1, 0 %, 3 MiB, 22.05 W;2, 0 %, 3 MiB, 12.49 W;3, 0 %, 3 MiB, 7.23 W; @1786715648
0, 0 %, 9114 MiB, 21.53 W;1, 0 %, 3 MiB, 23.03 W;2, 0 %, 3 MiB, 12.62 W;3, 0 %, 3 MiB, 6.84 W; @1786715651
0, 0 %, 9114 MiB, 21.23 W;1, 0 %, 3 MiB, 22.87 W;2, 0 %, 3 MiB, 12.65 W;3, 0 %, 3 MiB, 6.78 W; @1786715655
0, 0 %, 9114 MiB, 21.39 W;1, 0 %, 3 MiB, 22.50 W;2, 0 %, 3 MiB, 12.48 W;3, 0 %, 3 MiB, 6.73 W; @1786715659
0, 0 %, 9114 MiB, 21.67 W;1, 0 %, 3 MiB, 22.66 W;2, 0 %, 3 MiB, 12.63 W;3, 0 %, 3 MiB, 7.86 W; @1786715662
0, 0 %, 9114 MiB, 21.46 W;1, 0 %, 3 MiB, 23.09 W;2, 0 %, 3 MiB, 12.37 W;3, 0 %, 3 MiB, 7.70 W; @1786715665
0, 0 %, 9114 MiB, 21.69 W;1, 0 %, 3 MiB, 23.53 W;2, 0 %, 3 MiB, 12.25 W;3, 0 %, 3 MiB, 7.20 W; @1786715669
0, 0 %, 9114 MiB, 21.48 W;1, 0 %, 3 MiB, 23.07 W;2, 0 %, 3 MiB, 12.37 W;3, 0 %, 3 MiB, 6.83 W; @1786715672
0, 0 %, 9114 MiB, 21.76 W;1, 0 %, 3 MiB, 23.18 W;2, 0 %, 3 MiB, 12.35 W;3, 0 %, 3 MiB, 6.88 W; @1786715676
0, 0 %, 9114 MiB, 21.78 W;1, 0 %, 3 MiB, 23.35 W;2, 0 %, 3 MiB, 12.33 W;3, 0 %, 3 MiB, 6.76 W; @1786715679
0, 0 %, 9114 MiB, 21.18 W;1, 0 %, 3 MiB, 22.97 W;2, 0 %, 3 MiB, 12.63 W;3, 0 %, 3 MiB, 6.96 W; @1786715683
0, 0 %, 9114 MiB, 21.34 W;1, 0 %, 3 MiB, 23.28 W;2, 0 %, 3 MiB, 12.65 W;3, 0 %, 3 MiB, 6.84 W; @1786715686
0, 0 %, 9114 MiB, 21.70 W;1, 0 %, 3 MiB, 23.17 W;2, 0 %, 3 MiB, 12.56 W;3, 0 %, 3 MiB, 6.91 W; @1786715693
0, 0 %, 9114 MiB, 21.63 W;1, 0 %, 3 MiB, 22.89 W;2, 0 %, 3 MiB, 12.48 W;3, 0 %, 3 MiB, 7.95 W; @1786715698
0, 0 %, 9114 MiB, 22.10 W;1, 0 %, 3 MiB, 22.86 W;2, 0 %, 3 MiB, 12.58 W;3, 0 %, 3 MiB, 7.77 W; @1786715702
0, 0 %, 9114 MiB, 21.67 W;1, 0 %, 3 MiB, 22.62 W;2, 0 %, 3 MiB, 12.70 W;3, 0 %, 3 MiB, 7.00 W; @1786715706
0, 0 %, 9114 MiB, 21.54 W;1, 0 %, 3 MiB, 23.10 W;2, 0 %, 3 MiB, 12.61 W;3, 0 %, 3 MiB, 7.17 W; @1786715710
0, 0 %, 9114 MiB, 21.71 W;1, 0 %, 3 MiB, 22.97 W;2, 0 %, 3 MiB, 12.71 W;3, 0 %, 3 MiB, 6.86 W; @1786715713
0, 0 %, 9114 MiB, 21.69 W;1, 0 %, 3 MiB, 22.35 W;2, 0 %, 3 MiB, 12.53 W;3, 0 %, 3 MiB, 7.10 W; @1786715717
0, 0 %, 9114 MiB, 21.46 W;1, 0 %, 3 MiB, 22.78 W;2, 0 %, 3 MiB, 12.93 W;3, 0 %, 3 MiB, 7.22 W; @1786715722
0, 0 %, 9114 MiB, 21.98 W;1, 0 %, 3 MiB, 22.31 W;2, 0 %, 3 MiB, 12.82 W;3, 0 %, 3 MiB, 7.88 W; @1786715725
0, 0 %, 9114 MiB, 22.68 W;1, 0 %, 3 MiB, 22.86 W;2, 0 %, 3 MiB, 13.01 W;3, 0 %, 3 MiB, 9.81 W; @1786715729
0, 0 %, 9114 MiB, 21.42 W;1, 0 %, 3 MiB, 22.64 W;2, 0 %, 3 MiB, 12.10 W;3, 0 %, 3 MiB, 7.89 W; @1786715734
0, 0 %, 9114 MiB, 22.21 W;1, 0 %, 3 MiB, 22.28 W;2, 0 %, 3 MiB, 13.70 W;3, 0 %, 3 MiB, 9.53 W; @1786715738
0, 0 %, 9114 MiB, 21.95 W;1, 0 %, 3 MiB, 22.28 W;2, 0 %, 3 MiB, 13.81 W;3, 0 %, 3 MiB, 9.37 W; @1786715742
0, 0 %, 9114 MiB, 22.06 W;1, 0 %, 3 MiB, 22.26 W;2, 0 %, 3 MiB, 13.75 W;3, 0 %, 3 MiB, 9.64 W; @1786715746
0, 0 %, 9114 MiB, 22.26 W;1, 0 %, 3 MiB, 22.56 W;2, 0 %, 3 MiB, 13.48 W;3, 0 %, 3 MiB, 9.51 W; @1786715753
0, 0 %, 9114 MiB, 21.39 W;1, 0 %, 3 MiB, 22.69 W;2, 0 %, 3 MiB, 12.36 W;3, 0 %, 3 MiB, 7.98 W; @1786715757
0, 0 %, 9114 MiB, 21.52 W;1, 0 %, 3 MiB, 22.09 W;2, 0 %, 3 MiB, 12.20 W;3, 0 %, 3 MiB, 6.75 W; @1786715761
0, 0 %, 9114 MiB, 21.40 W;1, 0 %, 3 MiB, 22.75 W;2, 0 %, 3 MiB, 12.38 W;3, 0 %, 3 MiB, 6.33 W; @1786715765
0, 0 %, 9114 MiB, 22.35 W;1, 0 %, 3 MiB, 22.70 W;2, 0 %, 3 MiB, 13.49 W;3, 0 %, 3 MiB, 9.34 W; @1786715770
0, 0 %, 9114 MiB, 21.83 W;1, 0 %, 3 MiB, 23.06 W;2, 0 %, 3 MiB, 12.85 W;3, 0 %, 3 MiB, 8.23 W; @1786715775
0, 0 %, 9114 MiB, 21.89 W;1, 0 %, 3 MiB, 22.51 W;2, 0 %, 3 MiB, 12.84 W;3, 0 %, 3 MiB, 7.61 W; @1786715779
0, 0 %, 9114 MiB, 21.83 W;1, 0 %, 3 MiB, 22.09 W;2, 0 %, 3 MiB, 12.60 W;3, 0 %, 3 MiB, 6.83 W; @1786715783
0, 0 %, 9114 MiB, 21.42 W;1, 0 %, 3 MiB, 22.02 W;2, 0 %, 3 MiB, 12.82 W;3, 0 %, 3 MiB, 6.60 W; @1786715788
0, 0 %, 9114 MiB, 21.79 W;1, 0 %, 3 MiB, 22.51 W;2, 0 %, 3 MiB, 12.74 W;3, 0 %, 3 MiB, 6.78 W; @1786715792
0, 0 %, 9114 MiB, 21.63 W;1, 0 %, 3 MiB, 22.12 W;2, 0 %, 3 MiB, 12.72 W;3, 0 %, 3 MiB, 7.62 W; @1786715796
0, 0 %, 9114 MiB, 21.77 W;1, 0 %, 3 MiB, 22.96 W;2, 0 %, 3 MiB, 12.94 W;3, 0 %, 3 MiB, 7.28 W; @1786715800
0, 0 %, 9114 MiB, 21.65 W;1, 0 %, 3 MiB, 22.48 W;2, 0 %, 3 MiB, 12.48 W;3, 0 %, 3 MiB, 6.77 W; @1786715804
0, 0 %, 9114 MiB, 21.70 W;1, 0 %, 3 MiB, 22.98 W;2, 0 %, 3 MiB, 12.39 W;3, 0 %, 3 MiB, 6.49 W; @1786715808
0, 0 %, 9114 MiB, 22.23 W;1, 0 %, 3 MiB, 23.10 W;2, 0 %, 3 MiB, 12.68 W;3, 0 %, 3 MiB, 6.98 W; @1786715813
0, 0 %, 9114 MiB, 21.91 W;1, 0 %, 3 MiB, 22.92 W;2, 0 %, 3 MiB, 12.54 W;3, 0 %, 3 MiB, 6.90 W; @1786715816
0, 0 %, 9114 MiB, 21.65 W;1, 0 %, 3 MiB, 22.84 W;2, 0 %, 3 MiB, 12.46 W;3, 0 %, 3 MiB, 6.84 W; @1786715820
0, 0 %, 9114 MiB, 21.68 W;1, 0 %, 3 MiB, 22.68 W;2, 0 %, 3 MiB, 12.50 W;3, 0 %, 3 MiB, 7.56 W; @1786715823
0, 0 %, 9114 MiB, 21.40 W;1, 0 %, 3 MiB, 23.30 W;2, 0 %, 3 MiB, 12.44 W;3, 0 %, 3 MiB, 7.78 W; @1786715827
0, 0 %, 9114 MiB, 21.81 W;1, 0 %, 3 MiB, 23.49 W;2, 0 %, 3 MiB, 12.98 W;3, 0 %, 3 MiB, 7.89 W; @1786715830
0, 0 %, 9114 MiB, 21.12 W;1, 0 %, 3 MiB, 23.08 W;2, 0 %, 3 MiB, 12.59 W;3, 0 %, 3 MiB, 7.23 W; @1786715834
0, 0 %, 9114 MiB, 21.27 W;1, 0 %, 3 MiB, 23.85 W;2, 0 %, 3 MiB, 12.77 W;3, 0 %, 3 MiB, 7.07 W; @1786715838
0, 0 %, 9114 MiB, 21.60 W;1, 0 %, 3 MiB, 23.33 W;2, 0 %, 3 MiB, 12.55 W;3, 0 %, 3 MiB, 8.20 W; @1786715843
0, 0 %, 9114 MiB, 21.46 W;1, 0 %, 3 MiB, 23.56 W;2, 0 %, 3 MiB, 12.89 W;3, 0 %, 3 MiB, 7.73 W; @1786715846
0, 0 %, 9114 MiB, 21.38 W;1, 0 %, 3 MiB, 23.27 W;2, 0 %, 3 MiB, 12.59 W;3, 0 %, 3 MiB, 7.42 W; @1786715850
0, 0 %, 9114 MiB, 21.67 W;1, 0 %, 3 MiB, 23.38 W;2, 0 %, 3 MiB, 12.89 W;3, 0 %, 3 MiB, 7.22 W; @1786715854
0, 0 %, 9114 MiB, 21.08 W;1, 0 %, 3 MiB, 23.81 W;2, 0 %, 3 MiB, 12.69 W;3, 0 %, 3 MiB, 7.00 W; @1786715857
0, 0 %, 9114 MiB, 21.35 W;1, 0 %, 3 MiB, 23.15 W;2, 0 %, 3 MiB, 12.73 W;3, 0 %, 3 MiB, 6.89 W; @1786715862
0, 0 %, 9114 MiB, 21.33 W;1, 0 %, 3 MiB, 23.18 W;2, 0 %, 3 MiB, 12.58 W;3, 0 %, 3 MiB, 7.39 W; @1786715865
0, 0 %, 9114 MiB, 21.60 W;1, 0 %, 3 MiB, 23.65 W;2, 0 %, 3 MiB, 12.58 W;3, 0 %, 3 MiB, 7.32 W; @1786715869
0, 0 %, 9114 MiB, 21.85 W;1, 0 %, 3 MiB, 24.06 W;2, 0 %, 3 MiB, 12.58 W;3, 0 %, 3 MiB, 8.13 W; @1786715873
0, 0 %, 9114 MiB, 21.84 W;1, 0 %, 3 MiB, 23.05 W;2, 0 %, 3 MiB, 12.56 W;3, 0 %, 3 MiB, 7.64 W; @1786715877
0, 0 %, 9114 MiB, 21.49 W;1, 0 %, 3 MiB, 24.13 W;2, 0 %, 3 MiB, 12.73 W;3, 0 %, 3 MiB, 7.22 W; @1786715881
0, 0 %, 9114 MiB, 21.67 W;1, 0 %, 3 MiB, 23.24 W;2, 0 %, 3 MiB, 12.74 W;3, 0 %, 3 MiB, 7.22 W; @1786715884
0, 0 %, 9114 MiB, 21.66 W;1, 0 %, 3 MiB, 23.45 W;2, 0 %, 3 MiB, 12.47 W;3, 0 %, 3 MiB, 7.03 W; @1786715888
0, 0 %, 9114 MiB, 21.52 W;1, 0 %, 3 MiB, 23.48 W;2, 0 %, 3 MiB, 12.56 W;3, 0 %, 3 MiB, 6.91 W; @1786715892
0, 0 %, 9114 MiB, 21.40 W;1, 0 %, 3 MiB, 23.24 W;2, 0 %, 3 MiB, 12.49 W;3, 0 %, 3 MiB, 7.12 W; @1786715895
0, 0 %, 9114 MiB, 21.43 W;1, 0 %, 3 MiB, 23.13 W;2, 0 %, 3 MiB, 12.47 W;3, 0 %, 3 MiB, 7.08 W; @1786715899
0, 0 %, 9114 MiB, 21.30 W;1, 0 %, 3 MiB, 23.18 W;2, 0 %, 3 MiB, 12.37 W;3, 0 %, 3 MiB, 7.18 W; @1786715902
0, 0 %, 9114 MiB, 21.72 W;1, 0 %, 3 MiB, 23.64 W;2, 0 %, 3 MiB, 12.37 W;3, 0 %, 3 MiB, 7.77 W; @1786715906
0, 0 %, 9114 MiB, 21.66 W;1, 0 %, 3 MiB, 24.52 W;2, 0 %, 3 MiB, 12.56 W;3, 0 %, 3 MiB, 7.63 W; @1786715910
0, 0 %, 9114 MiB, 21.35 W;1, 0 %, 3 MiB, 22.67 W;2, 0 %, 3 MiB, 12.51 W;3, 0 %, 3 MiB, 7.06 W; @1786715914
0, 0 %, 9114 MiB, 21.44 W;1, 0 %, 3 MiB, 22.89 W;2, 0 %, 3 MiB, 12.45 W;3, 0 %, 3 MiB, 7.09 W; @1786715918
0, 0 %, 9114 MiB, 21.58 W;1, 0 %, 3 MiB, 23.42 W;2, 0 %, 3 MiB, 12.42 W;3, 0 %, 3 MiB, 6.71 W; @1786715921
0, 0 %, 9114 MiB, 21.09 W;1, 0 %, 3 MiB, 22.95 W;2, 0 %, 3 MiB, 12.68 W;3, 0 %, 3 MiB, 6.73 W; @1786715927
0, 0 %, 9114 MiB, 21.27 W;1, 0 %, 3 MiB, 22.67 W;2, 0 %, 3 MiB, 12.73 W;3, 0 %, 3 MiB, 6.61 W; @1786715931
0, 0 %, 9114 MiB, 21.57 W;1, 0 %, 3 MiB, 23.01 W;2, 0 %, 3 MiB, 12.57 W;3, 0 %, 3 MiB, 6.76 W; @1786715935
0, 0 %, 9114 MiB, 21.35 W;1, 0 %, 3 MiB, 23.28 W;2, 0 %, 3 MiB, 12.20 W;3, 0 %, 3 MiB, 7.71 W; @1786715938
0, 0 %, 9114 MiB, 21.46 W;1, 0 %, 3 MiB, 23.64 W;2, 0 %, 3 MiB, 12.81 W;3, 0 %, 3 MiB, 7.70 W; @1786715942
0, 0 %, 9114 MiB, 21.52 W;1, 0 %, 3 MiB, 23.13 W;2, 0 %, 3 MiB, 12.54 W;3, 0 %, 3 MiB, 6.98 W; @1786715946
0, 0 %, 9114 MiB, 21.53 W;1, 0 %, 3 MiB, 22.86 W;2, 0 %, 3 MiB, 12.47 W;3, 0 %, 3 MiB, 6.76 W; @1786715949
0, 0 %, 9114 MiB, 21.55 W;1, 0 %, 3 MiB, 23.23 W;2, 0 %, 3 MiB, 12.63 W;3, 0 %, 3 MiB, 7.19 W; @1786715953
0, 0 %, 9114 MiB, 21.60 W;1, 0 %, 3 MiB, 22.91 W;2, 0 %, 3 MiB, 13.05 W;3, 0 %, 3 MiB, 6.93 W; @1786715956
0, 0 %, 9114 MiB, 21.66 W;1, 0 %, 3 MiB, 23.78 W;2, 0 %, 3 MiB, 12.75 W;3, 0 %, 3 MiB, 6.93 W; @1786715959
0, 0 %, 9114 MiB, 21.63 W;1, 0 %, 3 MiB, 23.40 W;2, 0 %, 3 MiB, 12.61 W;3, 0 %, 3 MiB, 7.21 W; @1786715963
0, 0 %, 9114 MiB, 21.52 W;1, 0 %, 3 MiB, 23.50 W;2, 0 %, 3 MiB, 12.87 W;3, 0 %, 3 MiB, 6.90 W; @1786715966
0, 0 %, 9114 MiB, 21.52 W;1, 0 %, 3 MiB, 22.95 W;2, 0 %, 3 MiB, 12.91 W;3, 0 %, 3 MiB, 7.18 W; @1786715971
0, 0 %, 9114 MiB, 21.89 W;1, 0 %, 3 MiB, 23.11 W;2, 0 %, 3 MiB, 12.79 W;3, 0 %, 3 MiB, 8.04 W; @1786715974
0, 0 %, 9114 MiB, 21.67 W;1, 0 %, 3 MiB, 23.39 W;2, 0 %, 3 MiB, 12.66 W;3, 0 %, 3 MiB, 7.93 W; @1786715977
0, 0 %, 9114 MiB, 21.58 W;1, 0 %, 3 MiB, 23.48 W;2, 0 %, 3 MiB, 12.88 W;3, 0 %, 3 MiB, 7.61 W; @1786715981
0, 0 %, 9114 MiB, 21.31 W;1, 0 %, 3 MiB, 23.07 W;2, 0 %, 3 MiB, 12.68 W;3, 0 %, 3 MiB, 6.98 W; @1786715984
0, 0 %, 9114 MiB, 21.63 W;1, 0 %, 3 MiB, 23.06 W;2, 0 %, 3 MiB, 12.81 W;3, 0 %, 3 MiB, 6.74 W; @1786715987
0, 0 %, 9114 MiB, 21.18 W;1, 0 %, 3 MiB, 22.81 W;2, 0 %, 3 MiB, 12.49 W;3, 0 %, 3 MiB, 6.60 W; @1786715991
0, 0 %, 9114 MiB, 21.29 W;1, 0 %, 3 MiB, 22.56 W;2, 0 %, 3 MiB, 12.61 W;3, 0 %, 3 MiB, 7.72 W; @1786715994
0, 0 %, 9114 MiB, 21.69 W;1, 0 %, 3 MiB, 22.95 W;2, 0 %, 3 MiB, 12.50 W;3, 0 %, 3 MiB, 7.79 W; @1786715998
0, 0 %, 9114 MiB, 21.66 W;1, 0 %, 3 MiB, 22.79 W;2, 0 %, 3 MiB, 12.99 W;3, 0 %, 3 MiB, 6.99 W; @1786716002
0, 1 %, 9619 MiB, 41.78 W;1, 0 %, 509 MiB, 23.71 W;2, 0 %, 3 MiB, 13.51 W;3, 0 %, 3 MiB, 7.77 W; @1786716005
0, 0 %, 9114 MiB, 30.37 W;1, 0 %, 3 MiB, 34.65 W;2, 0 %, 3 MiB, 20.97 W;3, 0 %, 3 MiB, 15.62 W; @1786716010
0, 0 %, 9114 MiB, 21.27 W;1, 0 %, 3 MiB, 23.32 W;2, 0 %, 3 MiB, 12.60 W;3, 0 %, 3 MiB, 6.45 W; @1786716014
0, 0 %, 9114 MiB, 21.51 W;1, 0 %, 3 MiB, 23.30 W;2, 0 %, 3 MiB, 12.63 W;3, 0 %, 3 MiB, 6.28 W; @1786716017
0, 0 %, 9114 MiB, 21.13 W;1, 0 %, 3 MiB, 24.01 W;2, 0 %, 3 MiB, 12.72 W;3, 0 %, 3 MiB, 6.48 W; @1786716021
0, 0 %, 9114 MiB, 21.23 W;1, 0 %, 3 MiB, 23.38 W;2, 0 %, 3 MiB, 12.66 W;3, 0 %, 3 MiB, 6.29 W; @1786716024
0, 0 %, 9114 MiB, 21.14 W;1, 0 %, 3 MiB, 23.03 W;2, 0 %, 3 MiB, 12.64 W;3, 0 %, 3 MiB, 6.67 W; @1786716029
0, 0 %, 9114 MiB, 21.25 W;1, 0 %, 3 MiB, 23.57 W;2, 0 %, 3 MiB, 12.92 W;3, 0 %, 3 MiB, 6.51 W; @1786716033
0, 0 %, 9114 MiB, 21.13 W;1, 0 %, 3 MiB, 23.19 W;2, 0 %, 3 MiB, 12.66 W;3, 0 %, 3 MiB, 6.61 W; @1786716038
0, 0 %, 9114 MiB, 21.15 W;1, 0 %, 3 MiB, 23.54 W;2, 0 %, 3 MiB, 13.21 W;3, 0 %, 3 MiB, 6.51 W; @1786716042
0, 0 %, 9114 MiB, 21.29 W;1, 0 %, 3 MiB, 23.74 W;2, 0 %, 3 MiB, 12.92 W;3, 0 %, 3 MiB, 6.25 W; @1786716045
0, 0 %, 9114 MiB, 21.06 W;1, 0 %, 3 MiB, 23.75 W;2, 0 %, 3 MiB, 13.05 W;3, 0 %, 3 MiB, 6.31 W; @1786716049
0, 0 %, 9114 MiB, 21.47 W;1, 0 %, 3 MiB, 23.44 W;2, 0 %, 3 MiB, 12.93 W;3, 0 %, 3 MiB, 6.11 W; @1786716052
0, 0 %, 9114 MiB, 21.01 W;1, 0 %, 3 MiB, 23.73 W;2, 0 %, 3 MiB, 12.85 W;3, 0 %, 3 MiB, 6.47 W; @1786716056
0, 0 %, 9114 MiB, 21.18 W;1, 0 %, 3 MiB, 23.18 W;2, 0 %, 3 MiB, 12.85 W;3, 0 %, 3 MiB, 6.59 W; @1786716059
0, 0 %, 9114 MiB, 21.29 W;1, 0 %, 3 MiB, 22.82 W;2, 0 %, 3 MiB, 12.68 W;3, 0 %, 3 MiB, 6.26 W; @1786716063
0, 0 %, 9114 MiB, 21.18 W;1, 0 %, 3 MiB, 23.63 W;2, 0 %, 3 MiB, 12.69 W;3, 0 %, 3 MiB, 6.31 W; @1786716068
0, 0 %, 9114 MiB, 21.04 W;1, 0 %, 3 MiB, 23.54 W;2, 0 %, 3 MiB, 12.68 W;3, 0 %, 3 MiB, 6.17 W; @1786716072
0, 0 %, 9114 MiB, 21.39 W;1, 0 %, 3 MiB, 23.53 W;2, 0 %, 3 MiB, 12.59 W;3, 0 %, 3 MiB, 6.19 W; @1786716075
0, 0 %, 9114 MiB, 21.56 W;1, 0 %, 3 MiB, 22.97 W;2, 0 %, 3 MiB, 12.75 W;3, 0 %, 3 MiB, 6.24 W; @1786716079
0, 0 %, 9114 MiB, 21.42 W;1, 0 %, 3 MiB, 23.37 W;2, 0 %, 3 MiB, 12.76 W;3, 0 %, 3 MiB, 6.41 W; @1786716083
0, 0 %, 9114 MiB, 21.45 W;1, 0 %, 3 MiB, 23.02 W;2, 0 %, 3 MiB, 12.86 W;3, 0 %, 3 MiB, 6.51 W; @1786716087
0, 0 %, 9114 MiB, 21.60 W;1, 0 %, 3 MiB, 23.65 W;2, 0 %, 3 MiB, 12.99 W;3, 0 %, 3 MiB, 6.43 W; @1786716090
0, 0 %, 9114 MiB, 21.32 W;1, 0 %, 3 MiB, 23.50 W;2, 0 %, 3 MiB, 12.95 W;3, 0 %, 3 MiB, 6.49 W; @1786716094
0, 0 %, 9114 MiB, 21.53 W;1, 0 %, 3 MiB, 23.66 W;2, 0 %, 3 MiB, 12.98 W;3, 0 %, 3 MiB, 6.87 W; @1786716097
0, 0 %, 9114 MiB, 21.68 W;1, 0 %, 3 MiB, 23.88 W;2, 0 %, 3 MiB, 12.72 W;3, 0 %, 3 MiB, 7.09 W; @1786716100
0, 0 %, 9114 MiB, 21.41 W;1, 0 %, 3 MiB, 23.49 W;2, 0 %, 3 MiB, 12.77 W;3, 0 %, 3 MiB, 6.83 W; @1786716104
0, 0 %, 9114 MiB, 21.43 W;1, 0 %, 3 MiB, 23.48 W;2, 0 %, 3 MiB, 12.75 W;3, 0 %, 3 MiB, 7.12 W; @1786716108
0, 0 %, 9114 MiB, 21.41 W;1, 0 %, 3 MiB, 22.99 W;2, 0 %, 3 MiB, 12.74 W;3, 0 %, 3 MiB, 7.12 W; @1786716112
0, 0 %, 9114 MiB, 21.62 W;1, 0 %, 3 MiB, 22.87 W;2, 0 %, 3 MiB, 12.32 W;3, 0 %, 3 MiB, 6.68 W; @1786716115
0, 0 %, 9114 MiB, 21.68 W;1, 0 %, 3 MiB, 23.82 W;2, 0 %, 3 MiB, 12.75 W;3, 0 %, 3 MiB, 6.74 W; @1786716119
0, 0 %, 9114 MiB, 21.58 W;1, 0 %, 3 MiB, 23.72 W;2, 0 %, 3 MiB, 12.70 W;3, 0 %, 3 MiB, 6.23 W; @1786716123
0, 0 %, 9114 MiB, 21.67 W;1, 0 %, 3 MiB, 23.44 W;2, 0 %, 3 MiB, 12.62 W;3, 0 %, 3 MiB, 7.05 W; @1786716126
0, 0 %, 9114 MiB, 21.65 W;1, 0 %, 3 MiB, 22.91 W;2, 0 %, 3 MiB, 12.67 W;3, 0 %, 3 MiB, 7.24 W; @1786716130
0, 0 %, 9114 MiB, 21.55 W;1, 0 %, 3 MiB, 23.04 W;2, 0 %, 3 MiB, 12.58 W;3, 0 %, 3 MiB, 6.83 W; @1786716134
0, 0 %, 9114 MiB, 21.37 W;1, 0 %, 3 MiB, 23.03 W;2, 0 %, 3 MiB, 12.34 W;3, 0 %, 3 MiB, 7.35 W; @1786716138
0, 0 %, 9114 MiB, 21.38 W;1, 0 %, 3 MiB, 22.60 W;2, 0 %, 3 MiB, 12.39 W;3, 0 %, 3 MiB, 6.80 W; @1786716141
0, 0 %, 9114 MiB, 21.51 W;1, 0 %, 3 MiB, 22.94 W;2, 0 %, 3 MiB, 12.44 W;3, 0 %, 3 MiB, 6.90 W; @1786716145
0, 0 %, 9114 MiB, 21.90 W;1, 0 %, 3 MiB, 23.53 W;2, 0 %, 3 MiB, 12.65 W;3, 0 %, 3 MiB, 6.77 W; @1786716149
0, 0 %, 9114 MiB, 21.69 W;1, 0 %, 3 MiB, 23.11 W;2, 0 %, 3 MiB, 12.68 W;3, 0 %, 3 MiB, 7.03 W; @1786716153
0, 0 %, 9114 MiB, 21.33 W;1, 0 %, 3 MiB, 23.56 W;2, 0 %, 3 MiB, 12.72 W;3, 0 %, 3 MiB, 6.88 W; @1786716157
0, 0 %, 9114 MiB, 21.48 W;1, 0 %, 3 MiB, 23.65 W;2, 0 %, 3 MiB, 12.49 W;3, 0 %, 3 MiB, 6.91 W; @1786716160
0, 0 %, 9114 MiB, 21.32 W;1, 0 %, 3 MiB, 23.08 W;2, 0 %, 3 MiB, 12.75 W;3, 0 %, 3 MiB, 6.92 W; @1786716164
0, 0 %, 9114 MiB, 21.56 W;1, 0 %, 3 MiB, 23.78 W;2, 0 %, 3 MiB, 12.80 W;3, 0 %, 3 MiB, 7.13 W; @1786716169
0, 0 %, 9114 MiB, 21.59 W;1, 0 %, 3 MiB, 23.12 W;2, 0 %, 3 MiB, 12.50 W;3, 0 %, 3 MiB, 7.17 W; @1786716174
0, 0 %, 9114 MiB, 21.57 W;1, 0 %, 3 MiB, 23.56 W;2, 0 %, 3 MiB, 13.28 W;3, 0 %, 3 MiB, 6.98 W; @1786716177
0, 0 %, 9114 MiB, 21.72 W;1, 0 %, 3 MiB, 23.29 W;2, 0 %, 3 MiB, 12.91 W;3, 0 %, 3 MiB, 7.08 W; @1786716181
0, 0 %, 9114 MiB, 21.21 W;1, 0 %, 3 MiB, 22.60 W;2, 0 %, 3 MiB, 12.67 W;3, 0 %, 3 MiB, 7.14 W; @1786716185
0, 0 %, 9114 MiB, 21.43 W;1, 0 %, 3 MiB, 23.38 W;2, 0 %, 3 MiB, 12.58 W;3, 0 %, 3 MiB, 7.56 W; @1786716189
0, 0 %, 9114 MiB, 21.18 W;1, 0 %, 3 MiB, 23.00 W;2, 0 %, 3 MiB, 12.76 W;3, 0 %, 3 MiB, 6.78 W; @1786716193
0, 0 %, 9114 MiB, 21.65 W;1, 0 %, 3 MiB, 23.54 W;2, 0 %, 3 MiB, 12.55 W;3, 0 %, 3 MiB, 6.84 W; @1786716197
0, 0 %, 9114 MiB, 21.69 W;1, 0 %, 3 MiB, 23.69 W;2, 0 %, 3 MiB, 12.57 W;3, 0 %, 3 MiB, 7.06 W; @1786716203
0, 0 %, 9114 MiB, 22.06 W;1, 0 %, 3 MiB, 23.28 W;2, 0 %, 3 MiB, 12.68 W;3, 0 %, 3 MiB, 7.36 W; @1786716206
0, 0 %, 9114 MiB, 22.12 W;1, 0 %, 3 MiB, 23.98 W;2, 0 %, 3 MiB, 12.88 W;3, 0 %, 3 MiB, 7.34 W; @1786716210
0, 0 %, 9114 MiB, 21.95 W;1, 0 %, 3 MiB, 23.14 W;2, 0 %, 3 MiB, 12.85 W;3, 0 %, 3 MiB, 7.00 W; @1786716213
0, 0 %, 9114 MiB, 21.92 W;1, 0 %, 3 MiB, 23.62 W;2, 0 %, 3 MiB, 12.83 W;3, 0 %, 3 MiB, 7.01 W; @1786716217
0, 0 %, 9114 MiB, 22.34 W;1, 0 %, 3 MiB, 23.46 W;2, 0 %, 3 MiB, 12.77 W;3, 0 %, 3 MiB, 7.47 W; @1786716220
0, 0 %, 9114 MiB, 22.05 W;1, 0 %, 3 MiB, 23.06 W;2, 0 %, 3 MiB, 12.94 W;3, 0 %, 3 MiB, 6.79 W; @1786716224
0, 0 %, 9114 MiB, 22.10 W;1, 0 %, 3 MiB, 23.42 W;2, 0 %, 3 MiB, 12.81 W;3, 0 %, 3 MiB, 7.03 W; @1786716228
0, 0 %, 9114 MiB, 21.78 W;1, 0 %, 3 MiB, 23.93 W;2, 0 %, 3 MiB, 12.78 W;3, 0 %, 3 MiB, 6.96 W; @1786716231
0, 0 %, 9114 MiB, 21.77 W;1, 0 %, 3 MiB, 23.18 W;2, 0 %, 3 MiB, 12.58 W;3, 0 %, 3 MiB, 6.82 W; @1786716238
0, 0 %, 9114 MiB, 21.72 W;1, 0 %, 3 MiB, 22.39 W;2, 0 %, 3 MiB, 12.61 W;3, 0 %, 3 MiB, 7.06 W; @1786716241
0, 0 %, 9114 MiB, 21.70 W;1, 0 %, 3 MiB, 22.74 W;2, 0 %, 3 MiB, 12.62 W;3, 0 %, 3 MiB, 6.85 W; @1786716247
0, 0 %, 9114 MiB, 21.55 W;1, 0 %, 3 MiB, 22.85 W;2, 0 %, 3 MiB, 12.56 W;3, 0 %, 3 MiB, 7.05 W; @1786716251
0, 0 %, 9114 MiB, 21.44 W;1, 0 %, 3 MiB, 23.33 W;2, 0 %, 3 MiB, 12.71 W;3, 0 %, 3 MiB, 6.88 W; @1786716254
0, 0 %, 9114 MiB, 21.47 W;1, 0 %, 3 MiB, 22.67 W;2, 0 %, 3 MiB, 12.56 W;3, 0 %, 3 MiB, 6.62 W; @1786716259
0, 0 %, 9114 MiB, 21.67 W;1, 0 %, 3 MiB, 22.35 W;2, 0 %, 3 MiB, 12.51 W;3, 0 %, 3 MiB, 6.54 W; @1786716262
0, 0 %, 9114 MiB, 21.44 W;1, 0 %, 3 MiB, 22.62 W;2, 0 %, 3 MiB, 12.73 W;3, 0 %, 3 MiB, 6.92 W; @1786716266
0, 0 %, 9114 MiB, 21.48 W;1, 0 %, 3 MiB, 23.28 W;2, 0 %, 3 MiB, 12.54 W;3, 0 %, 3 MiB, 6.73 W; @1786716270
0, 0 %, 9114 MiB, 21.09 W;1, 0 %, 3 MiB, 22.84 W;2, 0 %, 3 MiB, 12.58 W;3, 0 %, 3 MiB, 6.79 W; @1786716276
0, 0 %, 9114 MiB, 21.17 W;1, 0 %, 3 MiB, 22.89 W;2, 0 %, 3 MiB, 12.92 W;3, 0 %, 3 MiB, 7.04 W; @1786716280
0, 0 %, 9114 MiB, 21.13 W;1, 0 %, 3 MiB, 22.72 W;2, 0 %, 3 MiB, 12.98 W;3, 0 %, 3 MiB, 7.22 W; @1786716285
0, 0 %, 9114 MiB, 21.23 W;1, 0 %, 3 MiB, 22.76 W;2, 0 %, 3 MiB, 12.82 W;3, 0 %, 3 MiB, 6.66 W; @1786716290
0, 0 %, 9114 MiB, 21.40 W;1, 0 %, 3 MiB, 23.33 W;2, 0 %, 3 MiB, 12.63 W;3, 0 %, 3 MiB, 6.79 W; @1786716295
0, 0 %, 9114 MiB, 21.47 W;1, 0 %, 3 MiB, 22.89 W;2, 0 %, 3 MiB, 12.65 W;3, 0 %, 3 MiB, 6.95 W; @1786716299
0, 0 %, 9114 MiB, 21.31 W;1, 0 %, 3 MiB, 22.98 W;2, 0 %, 3 MiB, 12.74 W;3, 0 %, 3 MiB, 7.03 W; @1786716302
0, 0 %, 9114 MiB, 21.21 W;1, 0 %, 3 MiB, 22.62 W;2, 0 %, 3 MiB, 12.78 W;3, 0 %, 3 MiB, 7.10 W; @1786716307
0, 0 %, 9114 MiB, 21.45 W;1, 0 %, 3 MiB, 21.83 W;2, 0 %, 3 MiB, 12.73 W;3, 0 %, 3 MiB, 6.94 W; @1786716311
0, 0 %, 9114 MiB, 21.14 W;1, 0 %, 3 MiB, 21.95 W;2, 0 %, 3 MiB, 12.71 W;3, 0 %, 3 MiB, 6.85 W; @1786716315
0, 0 %, 9114 MiB, 21.32 W;1, 0 %, 3 MiB, 22.35 W;2, 0 %, 3 MiB, 12.55 W;3, 0 %, 3 MiB, 6.95 W; @1786716320
0, 0 %, 9114 MiB, 21.32 W;1, 0 %, 3 MiB, 22.62 W;2, 0 %, 3 MiB, 12.61 W;3, 0 %, 3 MiB, 6.60 W; @1786716323
0, 0 %, 9114 MiB, 21.60 W;1, 0 %, 3 MiB, 22.82 W;2, 0 %, 3 MiB, 12.51 W;3, 0 %, 3 MiB, 6.70 W; @1786716327
0, 0 %, 9114 MiB, 21.12 W;1, 0 %, 3 MiB, 23.56 W;2, 0 %, 3 MiB, 12.77 W;3, 0 %, 3 MiB, 6.73 W; @1786716331
0, 0 %, 9114 MiB, 21.19 W;1, 0 %, 3 MiB, 23.18 W;2, 0 %, 3 MiB, 12.59 W;3, 0 %, 3 MiB, 6.83 W; @1786716336
0, 0 %, 9114 MiB, 21.41 W;1, 0 %, 3 MiB, 22.98 W;2, 0 %, 3 MiB, 12.27 W;3, 0 %, 3 MiB, 6.38 W; @1786716341
0, 0 %, 9114 MiB, 21.57 W;1, 0 %, 3 MiB, 22.65 W;2, 0 %, 3 MiB, 12.81 W;3, 0 %, 3 MiB, 6.30 W; @1786716346
0, 0 %, 9114 MiB, 21.40 W;1, 0 %, 3 MiB, 22.93 W;2, 0 %, 3 MiB, 12.47 W;3, 0 %, 3 MiB, 6.77 W; @1786716351
0, 0 %, 9114 MiB, 21.35 W;1, 0 %, 3 MiB, 23.16 W;2, 0 %, 3 MiB, 12.55 W;3, 0 %, 3 MiB, 6.74 W; @1786716354
0, 0 %, 9114 MiB, 21.62 W;1, 0 %, 3 MiB, 23.35 W;2, 0 %, 3 MiB, 12.51 W;3, 0 %, 3 MiB, 7.23 W; @1786716357
0, 0 %, 9114 MiB, 21.48 W;1, 0 %, 3 MiB, 23.20 W;2, 0 %, 3 MiB, 12.65 W;3, 0 %, 3 MiB, 7.20 W; @1786716361
0, 0 %, 9114 MiB, 21.75 W;1, 0 %, 3 MiB, 23.22 W;2, 0 %, 3 MiB, 12.78 W;3, 0 %, 3 MiB, 6.51 W; @1786716366
0, 0 %, 9114 MiB, 21.92 W;1, 0 %, 3 MiB, 23.88 W;2, 0 %, 3 MiB, 12.81 W;3, 0 %, 3 MiB, 6.76 W; @1786716372
0, 0 %, 9114 MiB, 21.76 W;1, 0 %, 3 MiB, 23.73 W;2, 0 %, 3 MiB, 12.79 W;3, 0 %, 3 MiB, 6.56 W; @1786716376
0, 0 %, 9114 MiB, 21.85 W;1, 0 %, 3 MiB, 23.55 W;2, 0 %, 3 MiB, 12.89 W;3, 0 %, 3 MiB, 6.91 W; @1786716379
0, 0 %, 9114 MiB, 21.82 W;1, 0 %, 3 MiB, 23.45 W;2, 0 %, 3 MiB, 12.80 W;3, 0 %, 3 MiB, 6.64 W; @1786716384
0, 0 %, 9114 MiB, 21.61 W;1, 0 %, 3 MiB, 22.70 W;2, 0 %, 3 MiB, 12.62 W;3, 0 %, 3 MiB, 6.83 W; @1786716388
0, 0 %, 9114 MiB, 21.56 W;1, 0 %, 3 MiB, 22.83 W;2, 0 %, 3 MiB, 12.65 W;3, 0 %, 3 MiB, 6.98 W; @1786716392
0, 0 %, 9114 MiB, 21.51 W;1, 0 %, 3 MiB, 23.11 W;2, 0 %, 3 MiB, 12.71 W;3, 0 %, 3 MiB, 6.86 W; @1786716396
0, 0 %, 9114 MiB, 21.51 W;1, 0 %, 3 MiB, 22.78 W;2, 0 %, 3 MiB, 12.70 W;3, 0 %, 3 MiB, 6.54 W; @1786716399
0, 0 %, 9114 MiB, 21.26 W;1, 0 %, 3 MiB, 22.62 W;2, 0 %, 3 MiB, 12.41 W;3, 0 %, 3 MiB, 6.60 W; @1786716404
0, 0 %, 9114 MiB, 21.54 W;1, 0 %, 3 MiB, 22.95 W;2, 0 %, 3 MiB, 12.69 W;3, 0 %, 3 MiB, 6.58 W; @1786716408
0, 0 %, 9114 MiB, 21.80 W;1, 0 %, 3 MiB, 23.14 W;2, 0 %, 3 MiB, 12.73 W;3, 0 %, 3 MiB, 6.51 W; @1786716412
0, 0 %, 9114 MiB, 21.72 W;1, 0 %, 3 MiB, 22.43 W;2, 0 %, 3 MiB, 12.94 W;3, 0 %, 3 MiB, 6.95 W; @1786716416
0, 0 %, 9114 MiB, 21.88 W;1, 0 %, 3 MiB, 23.39 W;2, 0 %, 3 MiB, 12.86 W;3, 0 %, 3 MiB, 6.83 W; @1786716420
0, 0 %, 9114 MiB, 21.70 W;1, 0 %, 3 MiB, 23.33 W;2, 0 %, 3 MiB, 12.70 W;3, 0 %, 3 MiB, 6.77 W; @1786716423
0, 0 %, 9114 MiB, 21.71 W;1, 0 %, 3 MiB, 23.36 W;2, 0 %, 3 MiB, 12.51 W;3, 0 %, 3 MiB, 6.49 W; @1786716428
0, 0 %, 9114 MiB, 21.36 W;1, 0 %, 3 MiB, 22.69 W;2, 0 %, 3 MiB, 12.78 W;3, 0 %, 3 MiB, 6.58 W; @1786716432
0, 0 %, 9114 MiB, 21.54 W;1, 0 %, 3 MiB, 22.48 W;2, 0 %, 3 MiB, 12.58 W;3, 0 %, 3 MiB, 6.53 W; @1786716436
0, 0 %, 9114 MiB, 21.47 W;1, 0 %, 3 MiB, 22.99 W;2, 0 %, 3 MiB, 12.48 W;3, 0 %, 3 MiB, 6.85 W; @1786716443
0, 0 %, 9114 MiB, 21.77 W;1, 0 %, 3 MiB, 22.92 W;2, 0 %, 3 MiB, 12.45 W;3, 0 %, 3 MiB, 7.22 W; @1786716446
0, 0 %, 9114 MiB, 21.92 W;1, 0 %, 3 MiB, 22.92 W;2, 0 %, 3 MiB, 12.65 W;3, 0 %, 3 MiB, 7.07 W; @1786716451
0, 0 %, 9114 MiB, 21.24 W;1, 0 %, 3 MiB, 22.87 W;2, 0 %, 3 MiB, 12.38 W;3, 0 %, 3 MiB, 6.78 W; @1786716456
0, 0 %, 9114 MiB, 21.79 W;1, 0 %, 3 MiB, 22.41 W;2, 0 %, 3 MiB, 12.37 W;3, 0 %, 3 MiB, 6.86 W; @1786716459
0, 0 %, 9114 MiB, 21.99 W;1, 0 %, 3 MiB, 22.37 W;2, 0 %, 3 MiB, 12.46 W;3, 0 %, 3 MiB, 7.14 W; @1786716464
0, 0 %, 9114 MiB, 21.37 W;1, 0 %, 3 MiB, 22.81 W;2, 0 %, 3 MiB, 12.42 W;3, 0 %, 3 MiB, 7.16 W; @1786716467
0, 0 %, 9114 MiB, 21.80 W;1, 0 %, 3 MiB, 23.09 W;2, 0 %, 3 MiB, 12.49 W;3, 0 %, 3 MiB, 7.25 W; @1786716472
0, 0 %, 9114 MiB, 21.77 W;1, 0 %, 3 MiB, 23.32 W;2, 0 %, 3 MiB, 12.44 W;3, 0 %, 3 MiB, 7.28 W; @1786716476
0, 0 %, 9114 MiB, 21.80 W;1, 0 %, 3 MiB, 22.79 W;2, 0 %, 3 MiB, 12.28 W;3, 0 %, 3 MiB, 6.73 W; @1786716480
0, 0 %, 9114 MiB, 21.62 W;1, 0 %, 3 MiB, 22.76 W;2, 0 %, 3 MiB, 12.57 W;3, 0 %, 3 MiB, 7.07 W; @1786716484
0, 0 %, 9114 MiB, 22.13 W;1, 0 %, 3 MiB, 22.87 W;2, 0 %, 3 MiB, 12.60 W;3, 0 %, 3 MiB, 7.08 W; @1786716488
0, 0 %, 9114 MiB, 22.00 W;1, 0 %, 3 MiB, 23.34 W;2, 0 %, 3 MiB, 12.60 W;3, 0 %, 3 MiB, 7.15 W; @1786716492
0, 0 %, 9114 MiB, 21.64 W;1, 0 %, 3 MiB, 23.27 W;2, 0 %, 3 MiB, 12.54 W;3, 0 %, 3 MiB, 7.03 W; @1786716496
0, 0 %, 9114 MiB, 21.49 W;1, 0 %, 3 MiB, 23.48 W;2, 0 %, 3 MiB, 12.26 W;3, 0 %, 3 MiB, 7.46 W; @1786716500
0, 0 %, 9114 MiB, 21.28 W;1, 0 %, 3 MiB, 22.83 W;2, 0 %, 3 MiB, 12.36 W;3, 0 %, 3 MiB, 7.38 W; @1786716504
0, 0 %, 9114 MiB, 21.80 W;1, 0 %, 3 MiB, 23.10 W;2, 0 %, 3 MiB, 12.73 W;3, 0 %, 3 MiB, 7.14 W; @1786716508
0, 0 %, 9114 MiB, 21.72 W;1, 0 %, 3 MiB, 23.00 W;2, 0 %, 3 MiB, 12.42 W;3, 0 %, 3 MiB, 6.99 W; @1786716513
0, 0 %, 9114 MiB, 21.69 W;1, 0 %, 3 MiB, 23.25 W;2, 0 %, 3 MiB, 12.62 W;3, 0 %, 3 MiB, 7.10 W; @1786716518
0, 0 %, 9114 MiB, 22.00 W;1, 0 %, 3 MiB, 22.58 W;2, 0 %, 3 MiB, 12.40 W;3, 0 %, 3 MiB, 7.09 W; @1786716523
0, 0 %, 9114 MiB, 22.01 W;1, 0 %, 3 MiB, 22.76 W;2, 0 %, 3 MiB, 12.56 W;3, 0 %, 3 MiB, 6.85 W; @1786716528
0, 0 %, 9114 MiB, 21.83 W;1, 0 %, 3 MiB, 23.01 W;2, 0 %, 3 MiB, 12.48 W;3, 0 %, 3 MiB, 7.41 W; @1786716533
0, 0 %, 9114 MiB, 21.56 W;1, 0 %, 3 MiB, 22.37 W;2, 0 %, 3 MiB, 12.41 W;3, 0 %, 3 MiB, 7.07 W; @1786716538
0, 0 %, 9114 MiB, 21.44 W;1, 0 %, 3 MiB, 22.68 W;2, 0 %, 3 MiB, 12.53 W;3, 0 %, 3 MiB, 7.20 W; @1786716542
0, 0 %, 9114 MiB, 21.30 W;1, 0 %, 3 MiB, 22.72 W;2, 0 %, 3 MiB, 12.44 W;3, 0 %, 3 MiB, 6.74 W; @1786716548
0, 0 %, 9114 MiB, 21.34 W;1, 0 %, 3 MiB, 22.84 W;2, 0 %, 3 MiB, 12.35 W;3, 0 %, 3 MiB, 6.77 W; @1786716552
0, 0 %, 9114 MiB, 21.16 W;1, 0 %, 3 MiB, 23.30 W;2, 0 %, 3 MiB, 12.48 W;3, 0 %, 3 MiB, 6.57 W; @1786716557
0, 0 %, 9114 MiB, 21.38 W;1, 0 %, 3 MiB, 22.91 W;2, 0 %, 3 MiB, 12.45 W;3, 0 %, 3 MiB, 6.77 W; @1786716562
0, 0 %, 9114 MiB, 21.71 W;1, 0 %, 3 MiB, 22.46 W;2, 0 %, 3 MiB, 12.74 W;3, 0 %, 3 MiB, 6.57 W; @1786716566
0, 0 %, 9114 MiB, 21.34 W;1, 0 %, 3 MiB, 22.71 W;2, 0 %, 3 MiB, 12.59 W;3, 0 %, 3 MiB, 6.67 W; @1786716570
0, 0 %, 9114 MiB, 21.32 W;1, 0 %, 3 MiB, 22.51 W;2, 0 %, 3 MiB, 12.47 W;3, 0 %, 3 MiB, 6.42 W; @1786716574
0, 0 %, 9114 MiB, 21.21 W;1, 0 %, 3 MiB, 22.72 W;2, 0 %, 3 MiB, 12.57 W;3, 0 %, 3 MiB, 6.75 W; @1786716578
0, 0 %, 9114 MiB, 21.38 W;1, 0 %, 3 MiB, 22.74 W;2, 0 %, 3 MiB, 12.35 W;3, 0 %, 3 MiB, 6.40 W; @1786716583
0, 0 %, 9114 MiB, 21.01 W;1, 0 %, 3 MiB, 22.65 W;2, 0 %, 3 MiB, 12.44 W;3, 0 %, 3 MiB, 6.45 W; @1786716588
0, 0 %, 9114 MiB, 21.41 W;1, 0 %, 3 MiB, 22.71 W;2, 0 %, 3 MiB, 12.64 W;3, 0 %, 3 MiB, 6.63 W; @1786716593
0, 0 %, 9114 MiB, 21.19 W;1, 0 %, 3 MiB, 22.64 W;2, 0 %, 3 MiB, 12.61 W;3, 0 %, 3 MiB, 6.53 W; @1786716597
0, 0 %, 9114 MiB, 21.25 W;1, 0 %, 3 MiB, 22.77 W;2, 0 %, 3 MiB, 12.56 W;3, 0 %, 3 MiB, 6.62 W; @1786716601
0, 0 %, 9114 MiB, 21.38 W;1, 0 %, 3 MiB, 22.76 W;2, 0 %, 3 MiB, 12.69 W;3, 0 %, 3 MiB, 6.72 W; @1786716605
0, 0 %, 9114 MiB, 21.05 W;1, 0 %, 3 MiB, 22.19 W;2, 0 %, 3 MiB, 12.35 W;3, 0 %, 3 MiB, 6.80 W; @1786716609
0, 0 %, 9114 MiB, 20.69 W;1, 0 %, 3 MiB, 22.53 W;2, 0 %, 3 MiB, 12.61 W;3, 0 %, 3 MiB, 6.68 W; @1786716613
0, 0 %, 9114 MiB, 20.71 W;1, 0 %, 3 MiB, 23.30 W;2, 0 %, 3 MiB, 12.53 W;3, 0 %, 3 MiB, 6.59 W; @1786716617
0, 0 %, 9114 MiB, 21.20 W;1, 0 %, 3 MiB, 23.61 W;2, 0 %, 3 MiB, 12.45 W;3, 0 %, 3 MiB, 6.96 W; @1786716621
0, 0 %, 9114 MiB, 20.67 W;1, 0 %, 3 MiB, 23.42 W;2, 0 %, 3 MiB, 12.36 W;3, 0 %, 3 MiB, 6.50 W; @1786716625
0, 0 %, 9114 MiB, 21.06 W;1, 0 %, 3 MiB, 23.36 W;2, 0 %, 3 MiB, 12.52 W;3, 0 %, 3 MiB, 6.57 W; @1786716629
0, 0 %, 9114 MiB, 21.39 W;1, 0 %, 3 MiB, 23.13 W;2, 0 %, 3 MiB, 12.54 W;3, 0 %, 3 MiB, 6.90 W; @1786716632
0, 0 %, 9114 MiB, 21.79 W;1, 0 %, 3 MiB, 23.34 W;2, 0 %, 3 MiB, 12.44 W;3, 0 %, 3 MiB, 8.64 W; @1786716636
0, 0 %, 9114 MiB, 21.43 W;1, 0 %, 3 MiB, 23.57 W;2, 0 %, 3 MiB, 12.71 W;3, 0 %, 3 MiB, 8.58 W; @1786716639
0, 0 %, 9114 MiB, 22.45 W;1, 0 %, 3 MiB, 23.22 W;2, 0 %, 3 MiB, 13.56 W;3, 0 %, 3 MiB, 9.60 W; @1786716643
0, 0 %, 9114 MiB, 22.64 W;1, 0 %, 3 MiB, 23.32 W;2, 0 %, 3 MiB, 13.53 W;3, 0 %, 3 MiB, 9.55 W; @1786716646
0, 0 %, 9114 MiB, 22.83 W;1, 0 %, 3 MiB, 23.25 W;2, 0 %, 3 MiB, 13.68 W;3, 0 %, 3 MiB, 9.33 W; @1786716650
0, 0 %, 9114 MiB, 22.54 W;1, 0 %, 3 MiB, 23.58 W;2, 0 %, 3 MiB, 13.29 W;3, 0 %, 3 MiB, 9.42 W; @1786716654
0, 0 %, 9114 MiB, 22.27 W;1, 0 %, 3 MiB, 23.80 W;2, 0 %, 3 MiB, 12.44 W;3, 0 %, 3 MiB, 8.45 W; @1786716658
0, 0 %, 9114 MiB, 21.23 W;1, 0 %, 3 MiB, 24.00 W;2, 0 %, 3 MiB, 12.03 W;3, 0 %, 3 MiB, 6.35 W; @1786716661
0, 0 %, 9114 MiB, 21.20 W;1, 0 %, 3 MiB, 23.77 W;2, 0 %, 3 MiB, 11.91 W;3, 0 %, 3 MiB, 6.80 W; @1786716665
0, 0 %, 9114 MiB, 21.13 W;1, 0 %, 3 MiB, 23.85 W;2, 0 %, 3 MiB, 11.97 W;3, 0 %, 3 MiB, 6.86 W; @1786716668
0, 0 %, 9114 MiB, 21.32 W;1, 0 %, 3 MiB, 23.64 W;2, 0 %, 3 MiB, 11.94 W;3, 0 %, 3 MiB, 6.22 W; @1786716672
0, 0 %, 9114 MiB, 21.10 W;1, 0 %, 3 MiB, 23.26 W;2, 0 %, 3 MiB, 11.97 W;3, 0 %, 3 MiB, 6.27 W; @1786716676
0, 0 %, 9114 MiB, 21.08 W;1, 0 %, 3 MiB, 23.81 W;2, 0 %, 3 MiB, 11.89 W;3, 0 %, 3 MiB, 6.52 W; @1786716680
0, 0 %, 9114 MiB, 21.44 W;1, 0 %, 3 MiB, 23.60 W;2, 0 %, 3 MiB, 11.91 W;3, 0 %, 3 MiB, 6.27 W; @1786716683
0, 0 %, 9114 MiB, 21.26 W;1, 0 %, 3 MiB, 23.23 W;2, 0 %, 3 MiB, 11.91 W;3, 0 %, 3 MiB, 6.11 W; @1786716687
0, 0 %, 9114 MiB, 21.49 W;1, 0 %, 3 MiB, 23.50 W;2, 0 %, 3 MiB, 11.90 W;3, 0 %, 3 MiB, 6.31 W; @1786716690
0, 0 %, 9114 MiB, 21.26 W;1, 0 %, 3 MiB, 23.81 W;2, 0 %, 3 MiB, 12.03 W;3, 0 %, 3 MiB, 6.42 W; @1786716693
0, 0 %, 9114 MiB, 21.43 W;1, 0 %, 3 MiB, 23.67 W;2, 0 %, 3 MiB, 12.07 W;3, 0 %, 3 MiB, 6.30 W; @1786716697
0, 0 %, 9114 MiB, 21.62 W;1, 0 %, 3 MiB, 23.98 W;2, 0 %, 3 MiB, 12.12 W;3, 0 %, 3 MiB, 6.50 W; @1786716700
0, 0 %, 9114 MiB, 21.31 W;1, 0 %, 3 MiB, 24.58 W;2, 0 %, 3 MiB, 12.24 W;3, 0 %, 3 MiB, 6.44 W; @1786716704
0, 0 %, 9114 MiB, 21.13 W;1, 0 %, 3 MiB, 23.83 W;2, 0 %, 3 MiB, 12.53 W;3, 0 %, 3 MiB, 6.23 W; @1786716707
0, 0 %, 9114 MiB, 21.18 W;1, 0 %, 3 MiB, 23.83 W;2, 0 %, 3 MiB, 12.12 W;3, 0 %, 3 MiB, 6.20 W; @1786716711
0, 0 %, 9114 MiB, 21.35 W;1, 0 %, 3 MiB, 22.86 W;2, 0 %, 3 MiB, 11.97 W;3, 0 %, 3 MiB, 6.42 W; @1786716714
0, 0 %, 9114 MiB, 21.29 W;1, 0 %, 3 MiB, 23.50 W;2, 0 %, 3 MiB, 12.11 W;3, 0 %, 3 MiB, 6.20 W; @1786716718
0, 0 %, 9114 MiB, 21.35 W;1, 0 %, 3 MiB, 23.03 W;2, 0 %, 3 MiB, 12.04 W;3, 0 %, 3 MiB, 6.05 W; @1786716721
0, 0 %, 9114 MiB, 21.50 W;1, 0 %, 3 MiB, 23.95 W;2, 0 %, 3 MiB, 12.00 W;3, 0 %, 3 MiB, 5.92 W; @1786716725
0, 0 %, 9114 MiB, 20.96 W;1, 0 %, 3 MiB, 24.05 W;2, 0 %, 3 MiB, 12.02 W;3, 0 %, 3 MiB, 5.79 W; @1786716728
0, 0 %, 9114 MiB, 20.94 W;1, 0 %, 3 MiB, 23.47 W;2, 0 %, 3 MiB, 12.44 W;3, 0 %, 3 MiB, 5.93 W; @1786716732
0, 0 %, 9114 MiB, 21.53 W;1, 0 %, 3 MiB, 24.07 W;2, 0 %, 3 MiB, 12.09 W;3, 0 %, 3 MiB, 6.05 W; @1786716735
0, 0 %, 9114 MiB, 21.22 W;1, 0 %, 3 MiB, 23.79 W;2, 0 %, 3 MiB, 11.87 W;3, 0 %, 3 MiB, 6.26 W; @1786716739
0, 0 %, 9114 MiB, 21.19 W;1, 0 %, 3 MiB, 24.13 W;2, 0 %, 3 MiB, 11.74 W;3, 0 %, 3 MiB, 6.11 W; @1786716742
0, 0 %, 9114 MiB, 21.13 W;1, 0 %, 3 MiB, 23.45 W;2, 0 %, 3 MiB, 11.93 W;3, 0 %, 3 MiB, 6.44 W; @1786716745
0, 0 %, 9114 MiB, 21.17 W;1, 0 %, 3 MiB, 23.52 W;2, 0 %, 3 MiB, 11.89 W;3, 0 %, 3 MiB, 5.94 W; @1786716749
0, 0 %, 9114 MiB, 21.15 W;1, 0 %, 3 MiB, 23.50 W;2, 0 %, 3 MiB, 11.93 W;3, 0 %, 3 MiB, 6.33 W; @1786716752
0, 0 %, 9114 MiB, 21.12 W;1, 0 %, 3 MiB, 23.56 W;2, 0 %, 3 MiB, 12.02 W;3, 0 %, 3 MiB, 6.66 W; @1786716755
0, 0 %, 9114 MiB, 21.14 W;1, 0 %, 3 MiB, 23.28 W;2, 0 %, 3 MiB, 11.87 W;3, 0 %, 3 MiB, 6.45 W; @1786716759
0, 0 %, 9114 MiB, 20.93 W;1, 0 %, 3 MiB, 23.50 W;2, 0 %, 3 MiB, 11.94 W;3, 0 %, 3 MiB, 6.73 W; @1786716762
0, 0 %, 9114 MiB, 21.15 W;1, 0 %, 3 MiB, 22.39 W;2, 0 %, 3 MiB, 11.92 W;3, 0 %, 3 MiB, 6.79 W; @1786716765
0, 0 %, 9114 MiB, 21.13 W;1, 0 %, 3 MiB, 23.03 W;2, 0 %, 3 MiB, 11.92 W;3, 0 %, 3 MiB, 6.57 W; @1786716768
0, 0 %, 9114 MiB, 20.92 W;1, 0 %, 3 MiB, 24.03 W;2, 0 %, 3 MiB, 11.98 W;3, 0 %, 3 MiB, 6.66 W; @1786716772
0, 0 %, 9114 MiB, 21.05 W;1, 0 %, 3 MiB, 23.37 W;2, 0 %, 3 MiB, 11.82 W;3, 0 %, 3 MiB, 6.75 W; @1786716775
0, 0 %, 9114 MiB, 21.24 W;1, 0 %, 3 MiB, 23.98 W;2, 0 %, 3 MiB, 11.77 W;3, 0 %, 3 MiB, 6.65 W; @1786716778
0, 0 %, 9114 MiB, 21.02 W;1, 0 %, 3 MiB, 23.94 W;2, 0 %, 3 MiB, 11.88 W;3, 0 %, 3 MiB, 6.71 W; @1786716782
0, 0 %, 9114 MiB, 21.25 W;1, 0 %, 3 MiB, 23.53 W;2, 0 %, 3 MiB, 11.94 W;3, 0 %, 3 MiB, 6.78 W; @1786716785
0, 0 %, 9114 MiB, 20.92 W;1, 0 %, 3 MiB, 22.97 W;2, 0 %, 3 MiB, 11.70 W;3, 0 %, 3 MiB, 7.02 W; @1786716788
0, 0 %, 9114 MiB, 21.11 W;1, 0 %, 3 MiB, 23.82 W;2, 0 %, 3 MiB, 11.85 W;3, 0 %, 3 MiB, 7.16 W; @1786716792
0, 0 %, 9114 MiB, 21.37 W;1, 0 %, 3 MiB, 23.45 W;2, 0 %, 3 MiB, 11.95 W;3, 0 %, 3 MiB, 6.83 W; @1786716795
0, 0 %, 9114 MiB, 20.91 W;1, 0 %, 3 MiB, 23.32 W;2, 0 %, 3 MiB, 11.84 W;3, 0 %, 3 MiB, 6.89 W; @1786716798
0, 0 %, 9114 MiB, 21.02 W;1, 0 %, 3 MiB, 23.02 W;2, 0 %, 3 MiB, 11.98 W;3, 0 %, 3 MiB, 6.46 W; @1786716802
0, 0 %, 9114 MiB, 20.93 W;1, 0 %, 3 MiB, 23.87 W;2, 0 %, 3 MiB, 11.74 W;3, 0 %, 3 MiB, 6.52 W; @1786716805
0, 0 %, 9114 MiB, 20.80 W;1, 0 %, 3 MiB, 23.69 W;2, 0 %, 3 MiB, 11.60 W;3, 0 %, 3 MiB, 6.03 W; @1786716809
0, 0 %, 9114 MiB, 21.11 W;1, 0 %, 3 MiB, 23.72 W;2, 0 %, 3 MiB, 11.74 W;3, 0 %, 3 MiB, 6.44 W; @1786716812
0, 0 %, 9114 MiB, 21.12 W;1, 0 %, 3 MiB, 24.35 W;2, 0 %, 3 MiB, 11.89 W;3, 0 %, 3 MiB, 6.01 W; @1786716815
0, 0 %, 9114 MiB, 21.08 W;1, 0 %, 3 MiB, 23.38 W;2, 0 %, 3 MiB, 12.06 W;3, 0 %, 3 MiB, 6.59 W; @1786716818
0, 0 %, 9114 MiB, 21.23 W;1, 0 %, 3 MiB, 24.67 W;2, 0 %, 3 MiB, 12.09 W;3, 0 %, 3 MiB, 6.70 W; @1786716822
0, 0 %, 9114 MiB, 21.48 W;1, 0 %, 3 MiB, 23.75 W;2, 0 %, 3 MiB, 12.00 W;3, 0 %, 3 MiB, 6.45 W; @1786716825
0, 0 %, 9114 MiB, 21.18 W;1, 0 %, 3 MiB, 23.18 W;2, 0 %, 3 MiB, 12.10 W;3, 0 %, 3 MiB, 6.17 W; @1786716828
0, 0 %, 9114 MiB, 20.78 W;1, 0 %, 3 MiB, 23.21 W;2, 0 %, 3 MiB, 11.97 W;3, 0 %, 3 MiB, 6.57 W; @1786716831
0, 0 %, 9114 MiB, 21.02 W;1, 0 %, 3 MiB, 23.84 W;2, 0 %, 3 MiB, 11.97 W;3, 0 %, 3 MiB, 6.16 W; @1786716834
0, 0 %, 9114 MiB, 21.33 W;1, 0 %, 3 MiB, 24.22 W;2, 0 %, 3 MiB, 12.21 W;3, 0 %, 3 MiB, 6.46 W; @1786716838
0, 0 %, 9114 MiB, 21.30 W;1, 0 %, 3 MiB, 24.22 W;2, 0 %, 3 MiB, 12.10 W;3, 0 %, 3 MiB, 6.26 W; @1786716841
0, 0 %, 9114 MiB, 21.31 W;1, 0 %, 3 MiB, 23.60 W;2, 0 %, 3 MiB, 11.96 W;3, 0 %, 3 MiB, 6.37 W; @1786716845
0, 0 %, 9114 MiB, 21.55 W;1, 0 %, 3 MiB, 23.99 W;2, 0 %, 3 MiB, 12.05 W;3, 0 %, 3 MiB, 6.52 W; @1786716848
0, 0 %, 9114 MiB, 21.21 W;1, 0 %, 3 MiB, 23.52 W;2, 0 %, 3 MiB, 12.04 W;3, 0 %, 3 MiB, 6.62 W; @1786716851
0, 0 %, 9114 MiB, 21.52 W;1, 0 %, 3 MiB, 24.06 W;2, 0 %, 3 MiB, 12.21 W;3, 0 %, 3 MiB, 6.61 W; @1786716855
0, 0 %, 9114 MiB, 21.64 W;1, 0 %, 3 MiB, 23.60 W;2, 0 %, 3 MiB, 12.04 W;3, 0 %, 3 MiB, 6.33 W; @1786716858
0, 0 %, 9114 MiB, 21.06 W;1, 0 %, 3 MiB, 23.51 W;2, 0 %, 3 MiB, 12.09 W;3, 0 %, 3 MiB, 6.38 W; @1786716861
0, 0 %, 9114 MiB, 20.45 W;1, 0 %, 3 MiB, 23.51 W;2, 0 %, 3 MiB, 12.34 W;3, 0 %, 3 MiB, 6.29 W; @1786716864
0, 0 %, 9114 MiB, 20.88 W;1, 0 %, 3 MiB, 24.24 W;2, 0 %, 3 MiB, 12.32 W;3, 0 %, 3 MiB, 6.12 W; @1786716868
0, 0 %, 9114 MiB, 20.99 W;1, 0 %, 3 MiB, 24.85 W;2, 0 %, 3 MiB, 11.98 W;3, 0 %, 3 MiB, 6.41 W; @1786716871
0, 0 %, 9114 MiB, 21.41 W;1, 0 %, 3 MiB, 24.67 W;2, 0 %, 3 MiB, 12.01 W;3, 0 %, 3 MiB, 6.35 W; @1786716874
0, 0 %, 9114 MiB, 21.15 W;1, 0 %, 3 MiB, 23.78 W;2, 0 %, 3 MiB, 11.96 W;3, 0 %, 3 MiB, 6.90 W; @1786716878
0, 0 %, 9114 MiB, 21.37 W;1, 0 %, 3 MiB, 23.88 W;2, 0 %, 3 MiB, 12.29 W;3, 0 %, 3 MiB, 6.91 W; @1786716881
0, 0 %, 9114 MiB, 20.91 W;1, 0 %, 3 MiB, 24.17 W;2, 0 %, 3 MiB, 12.19 W;3, 0 %, 3 MiB, 6.88 W; @1786716885
0, 0 %, 9114 MiB, 20.93 W;1, 0 %, 3 MiB, 23.85 W;2, 0 %, 3 MiB, 12.08 W;3, 0 %, 3 MiB, 6.47 W; @1786716888
0, 0 %, 9114 MiB, 21.14 W;1, 0 %, 3 MiB, 23.80 W;2, 0 %, 3 MiB, 12.13 W;3, 0 %, 3 MiB, 6.56 W; @1786716891
0, 0 %, 9114 MiB, 21.18 W;1, 0 %, 3 MiB, 23.91 W;2, 0 %, 3 MiB, 12.15 W;3, 0 %, 3 MiB, 6.52 W; @1786716895
0, 0 %, 9114 MiB, 20.96 W;1, 0 %, 3 MiB, 23.82 W;2, 0 %, 3 MiB, 12.22 W;3, 0 %, 3 MiB, 6.82 W; @1786716898
0, 0 %, 9714 MiB, 63.18 W;1, 0 %, 3 MiB, 23.93 W;2, 0 %, 3 MiB, 12.15 W;3, 0 %, 3 MiB, 6.79 W; @1786716902
0, 0 %, 9782 MiB, 63.83 W;1, 0 %, 3 MiB, 63.58 W;2, 0 %, 3 MiB, 47.96 W;3, 0 %, 3 MiB, 24.51 W; @1786716905
0, 0 %, 9782 MiB, 63.03 W;1, 0 %, 3 MiB, 33.66 W;2, 0 %, 3 MiB, 19.76 W;3, 0 %, 3 MiB, 8.70 W; @1786716908
0, 0 %, 10618 MiB, 63.69 W;1, 0 %, 3 MiB, 23.74 W;2, 0 %, 3 MiB, 12.14 W;3, 0 %, 3 MiB, 6.35 W; @1786716912
0, 0 %, 17582 MiB, 63.56 W;1, 0 %, 3 MiB, 23.53 W;2, 0 %, 3 MiB, 12.24 W;3, 0 %, 3 MiB, 6.36 W; @1786716915
0, 0 %, 17582 MiB, 63.62 W;1, 0 %, 3 MiB, 23.47 W;2, 0 %, 3 MiB, 12.38 W;3, 0 %, 3 MiB, 6.31 W; @1786716919
0, 0 %, 17582 MiB, 63.49 W;1, 0 %, 3 MiB, 22.89 W;2, 0 %, 3 MiB, 12.16 W;3, 0 %, 3 MiB, 6.10 W; @1786716922
0, 0 %, 17582 MiB, 63.61 W;1, 0 %, 3 MiB, 23.21 W;2, 0 %, 3 MiB, 12.11 W;3, 0 %, 3 MiB, 6.51 W; @1786716925
0, 0 %, 17582 MiB, 63.39 W;1, 0 %, 3 MiB, 23.04 W;2, 0 %, 3 MiB, 12.19 W;3, 0 %, 3 MiB, 6.39 W; @1786716929
0, 2 %, 17582 MiB, 63.61 W;1, 0 %, 3 MiB, 23.26 W;2, 0 %, 3 MiB, 12.01 W;3, 0 %, 3 MiB, 6.51 W; @1786716932
0, 0 %, 17582 MiB, 63.45 W;1, 0 %, 3 MiB, 23.74 W;2, 0 %, 3 MiB, 12.01 W;3, 0 %, 3 MiB, 6.37 W; @1786716936
0, 0 %, 17582 MiB, 63.50 W;1, 0 %, 3 MiB, 23.27 W;2, 0 %, 3 MiB, 12.26 W;3, 0 %, 3 MiB, 5.80 W; @1786716939
0, 0 %, 17582 MiB, 63.49 W;1, 0 %, 3 MiB, 23.47 W;2, 0 %, 3 MiB, 12.30 W;3, 0 %, 3 MiB, 5.95 W; @1786716943
0, 0 %, 17582 MiB, 63.48 W;1, 0 %, 3 MiB, 24.01 W;2, 0 %, 3 MiB, 12.31 W;3, 0 %, 3 MiB, 6.57 W; @1786716947
0, 0 %, 17582 MiB, 63.34 W;1, 0 %, 3 MiB, 23.92 W;2, 0 %, 3 MiB, 12.33 W;3, 0 %, 3 MiB, 6.57 W; @1786716951
0, 0 %, 17582 MiB, 63.34 W;1, 0 %, 3 MiB, 23.45 W;2, 0 %, 3 MiB, 12.38 W;3, 0 %, 3 MiB, 6.74 W; @1786716954
0, 0 %, 17582 MiB, 63.11 W;1, 0 %, 3 MiB, 23.96 W;2, 0 %, 3 MiB, 12.06 W;3, 0 %, 3 MiB, 6.67 W; @1786716957
0, 0 %, 17582 MiB, 63.23 W;1, 0 %, 3 MiB, 24.03 W;2, 0 %, 3 MiB, 12.06 W;3, 0 %, 3 MiB, 6.41 W; @1786716961
0, 0 %, 17582 MiB, 63.23 W;1, 0 %, 3 MiB, 23.34 W;2, 0 %, 3 MiB, 11.93 W;3, 0 %, 3 MiB, 6.54 W; @1786716964
0, 0 %, 17582 MiB, 63.16 W;1, 0 %, 3 MiB, 23.76 W;2, 0 %, 3 MiB, 12.43 W;3, 0 %, 3 MiB, 6.99 W; @1786716968
0, 0 %, 17582 MiB, 63.45 W;1, 0 %, 3 MiB, 23.81 W;2, 0 %, 3 MiB, 12.41 W;3, 0 %, 3 MiB, 6.43 W; @1786716971
0, 0 %, 17582 MiB, 63.42 W;1, 0 %, 3 MiB, 23.94 W;2, 0 %, 3 MiB, 12.17 W;3, 0 %, 3 MiB, 6.48 W; @1786716975
0, 0 %, 17582 MiB, 63.24 W;1, 0 %, 3 MiB, 23.59 W;2, 0 %, 3 MiB, 12.10 W;3, 0 %, 3 MiB, 6.36 W; @1786716978
0, 0 %, 17582 MiB, 63.29 W;1, 0 %, 3 MiB, 23.08 W;2, 0 %, 3 MiB, 12.08 W;3, 0 %, 3 MiB, 6.25 W; @1786716982
0, 0 %, 17582 MiB, 63.30 W;1, 0 %, 3 MiB, 22.97 W;2, 0 %, 3 MiB, 12.13 W;3, 0 %, 3 MiB, 6.51 W; @1786716985
0, 0 %, 17582 MiB, 63.24 W;1, 0 %, 3 MiB, 23.24 W;2, 0 %, 3 MiB, 12.09 W;3, 0 %, 3 MiB, 6.28 W; @1786716989
0, 0 %, 17582 MiB, 63.27 W;1, 0 %, 3 MiB, 22.82 W;2, 0 %, 3 MiB, 12.18 W;3, 0 %, 3 MiB, 6.08 W; @1786716992
0, 0 %, 17582 MiB, 63.50 W;1, 0 %, 3 MiB, 23.70 W;2, 0 %, 3 MiB, 12.15 W;3, 0 %, 3 MiB, 6.34 W; @1786716996
0, 0 %, 17582 MiB, 63.46 W;1, 0 %, 3 MiB, 23.33 W;2, 0 %, 3 MiB, 12.12 W;3, 0 %, 3 MiB, 6.27 W; @1786716999
0, 0 %, 17582 MiB, 63.35 W;1, 0 %, 3 MiB, 23.40 W;2, 0 %, 3 MiB, 12.10 W;3, 0 %, 3 MiB, 6.74 W; @1786717003
0, 0 %, 17582 MiB, 63.46 W;1, 0 %, 3 MiB, 22.62 W;2, 0 %, 3 MiB, 12.09 W;3, 0 %, 3 MiB, 6.54 W; @1786717006
0, 0 %, 17582 MiB, 63.31 W;1, 0 %, 3 MiB, 23.99 W;2, 0 %, 3 MiB, 12.23 W;3, 0 %, 3 MiB, 6.29 W; @1786717009
0, 0 %, 17582 MiB, 63.42 W;1, 0 %, 3 MiB, 23.07 W;2, 0 %, 3 MiB, 12.36 W;3, 0 %, 3 MiB, 6.17 W; @1786717013
0, 0 %, 17582 MiB, 63.70 W;1, 0 %, 3 MiB, 22.89 W;2, 0 %, 3 MiB, 12.05 W;3, 0 %, 3 MiB, 6.34 W; @1786717016
0, 0 %, 17582 MiB, 63.26 W;1, 0 %, 3 MiB, 23.04 W;2, 0 %, 3 MiB, 12.02 W;3, 0 %, 3 MiB, 6.31 W; @1786717020
0, 0 %, 17582 MiB, 63.41 W;1, 0 %, 3 MiB, 22.66 W;2, 0 %, 3 MiB, 12.14 W;3, 0 %, 3 MiB, 6.07 W; @1786717023
0, 0 %, 17582 MiB, 63.68 W;1, 0 %, 3 MiB, 23.38 W;2, 0 %, 3 MiB, 12.06 W;3, 0 %, 3 MiB, 6.11 W; @1786717027
0, 0 %, 17582 MiB, 63.64 W;1, 0 %, 3 MiB, 24.34 W;2, 0 %, 3 MiB, 12.06 W;3, 0 %, 3 MiB, 6.12 W; @1786717030
0, 1 %, 17582 MiB, 63.69 W;1, 0 %, 3 MiB, 23.65 W;2, 0 %, 3 MiB, 11.99 W;3, 0 %, 3 MiB, 6.18 W; @1786717033
0, 0 %, 17582 MiB, 63.56 W;1, 0 %, 3 MiB, 23.60 W;2, 0 %, 3 MiB, 11.88 W;3, 0 %, 3 MiB, 6.24 W; @1786717037
0, 0 %, 17582 MiB, 63.45 W;1, 0 %, 3 MiB, 23.22 W;2, 0 %, 3 MiB, 11.85 W;3, 0 %, 3 MiB, 6.30 W; @1786717040
0, 1 %, 17582 MiB, 63.54 W;1, 0 %, 3 MiB, 22.66 W;2, 0 %, 3 MiB, 11.97 W;3, 0 %, 3 MiB, 6.26 W; @1786717043
0, 0 %, 17582 MiB, 63.61 W;1, 0 %, 3 MiB, 23.81 W;2, 0 %, 3 MiB, 11.97 W;3, 0 %, 3 MiB, 6.09 W; @1786717047
0, 0 %, 17582 MiB, 63.39 W;1, 0 %, 3 MiB, 23.78 W;2, 0 %, 3 MiB, 12.13 W;3, 0 %, 3 MiB, 6.00 W; @1786717050
0, 0 %, 17582 MiB, 63.48 W;1, 0 %, 3 MiB, 23.45 W;2, 0 %, 3 MiB, 12.02 W;3, 0 %, 3 MiB, 6.16 W; @1786717053
0, 0 %, 17582 MiB, 63.32 W;1, 0 %, 3 MiB, 22.81 W;2, 0 %, 3 MiB, 11.97 W;3, 0 %, 3 MiB, 6.53 W; @1786717057
0, 0 %, 17582 MiB, 63.43 W;1, 0 %, 3 MiB, 23.76 W;2, 0 %, 3 MiB, 11.74 W;3, 0 %, 3 MiB, 6.04 W; @1786717060
0, 0 %, 17582 MiB, 63.24 W;1, 0 %, 3 MiB, 23.44 W;2, 0 %, 3 MiB, 11.77 W;3, 0 %, 3 MiB, 6.01 W; @1786717063
0, 0 %, 17582 MiB, 63.07 W;1, 0 %, 3 MiB, 23.30 W;2, 0 %, 3 MiB, 12.00 W;3, 0 %, 3 MiB, 6.16 W; @1786717066
0, 0 %, 17582 MiB, 63.27 W;1, 0 %, 3 MiB, 23.66 W;2, 0 %, 3 MiB, 12.08 W;3, 0 %, 3 MiB, 6.30 W; @1786717070
0, 0 %, 17582 MiB, 63.21 W;1, 0 %, 3 MiB, 23.15 W;2, 0 %, 3 MiB, 11.80 W;3, 0 %, 3 MiB, 6.67 W; @1786717073
0, 0 %, 17582 MiB, 63.50 W;1, 0 %, 3 MiB, 22.31 W;2, 0 %, 3 MiB, 11.86 W;3, 0 %, 3 MiB, 6.57 W; @1786717076
0, 0 %, 17582 MiB, 63.33 W;1, 0 %, 3 MiB, 22.43 W;2, 0 %, 3 MiB, 11.93 W;3, 0 %, 3 MiB, 6.81 W; @1786717080
0, 0 %, 17582 MiB, 63.43 W;1, 0 %, 3 MiB, 22.95 W;2, 0 %, 3 MiB, 11.77 W;3, 0 %, 3 MiB, 6.62 W; @1786717084
0, 0 %, 17582 MiB, 63.51 W;1, 0 %, 3 MiB, 22.90 W;2, 0 %, 3 MiB, 11.90 W;3, 0 %, 3 MiB, 6.79 W; @1786717088
0, 0 %, 17582 MiB, 63.52 W;1, 0 %, 3 MiB, 23.41 W;2, 0 %, 3 MiB, 11.82 W;3, 0 %, 3 MiB, 6.81 W; @1786717091
0, 0 %, 17582 MiB, 63.45 W;1, 0 %, 3 MiB, 22.60 W;2, 0 %, 3 MiB, 12.09 W;3, 0 %, 3 MiB, 6.35 W; @1786717095
0, 0 %, 17582 MiB, 63.22 W;1, 0 %, 3 MiB, 23.97 W;2, 0 %, 3 MiB, 11.85 W;3, 0 %, 3 MiB, 6.29 W; @1786717098
0, 0 %, 17582 MiB, 63.33 W;1, 0 %, 3 MiB, 22.90 W;2, 0 %, 3 MiB, 11.70 W;3, 0 %, 3 MiB, 6.23 W; @1786717102
0, 0 %, 17582 MiB, 63.25 W;1, 0 %, 3 MiB, 22.76 W;2, 0 %, 3 MiB, 11.92 W;3, 0 %, 3 MiB, 6.20 W; @1786717106
0, 0 %, 17582 MiB, 63.50 W;1, 0 %, 3 MiB, 22.89 W;2, 0 %, 3 MiB, 11.91 W;3, 0 %, 3 MiB, 6.21 W; @1786717111
0, 0 %, 17582 MiB, 63.18 W;1, 0 %, 3 MiB, 23.65 W;2, 0 %, 3 MiB, 11.98 W;3, 0 %, 3 MiB, 6.51 W; @1786717116
0, 0 %, 17582 MiB, 63.21 W;1, 0 %, 3 MiB, 23.32 W;2, 0 %, 3 MiB, 11.84 W;3, 0 %, 3 MiB, 6.56 W; @1786717120
0, 0 %, 17582 MiB, 63.11 W;1, 0 %, 3 MiB, 23.22 W;2, 0 %, 3 MiB, 12.00 W;3, 0 %, 3 MiB, 6.28 W; @1786717124
0, 0 %, 17582 MiB, 63.37 W;1, 0 %, 3 MiB, 23.56 W;2, 0 %, 3 MiB, 12.12 W;3, 0 %, 3 MiB, 6.19 W; @1786717128
0, 0 %, 17582 MiB, 63.39 W;1, 0 %, 3 MiB, 23.39 W;2, 0 %, 3 MiB, 12.16 W;3, 0 %, 3 MiB, 5.92 W; @1786717133
0, 0 %, 17582 MiB, 63.49 W;1, 0 %, 3 MiB, 23.03 W;2, 0 %, 3 MiB, 12.14 W;3, 0 %, 3 MiB, 6.03 W; @1786717137
0, 0 %, 17582 MiB, 63.49 W;1, 0 %, 3 MiB, 23.47 W;2, 0 %, 3 MiB, 12.01 W;3, 0 %, 3 MiB, 6.48 W; @1786717141
0, 0 %, 17582 MiB, 63.63 W;1, 0 %, 3 MiB, 23.26 W;2, 0 %, 3 MiB, 11.91 W;3, 0 %, 3 MiB, 6.41 W; @1786717144
0, 0 %, 17582 MiB, 63.74 W;1, 0 %, 3 MiB, 23.31 W;2, 0 %, 3 MiB, 11.97 W;3, 0 %, 3 MiB, 6.51 W; @1786717148
0, 0 %, 17582 MiB, 63.61 W;1, 0 %, 3 MiB, 23.15 W;2, 0 %, 3 MiB, 11.95 W;3, 0 %, 3 MiB, 6.01 W; @1786717151
0, 0 %, 17894 MiB, 64.91 W;1, 0 %, 3 MiB, 22.89 W;2, 0 %, 3 MiB, 12.18 W;3, 0 %, 3 MiB, 6.13 W; @1786717155
0, 0 %, 22040 MiB, 82.64 W;1, 0 %, 3 MiB, 23.19 W;2, 0 %, 3 MiB, 11.79 W;3, 0 %, 3 MiB, 6.20 W; @1786717158
0, 0 %, 22040 MiB, 63.79 W;1, 0 %, 3 MiB, 23.19 W;2, 0 %, 3 MiB, 11.90 W;3, 0 %, 3 MiB, 5.96 W; @1786717161
0, 0 %, 22040 MiB, 63.49 W;1, 0 %, 3 MiB, 22.97 W;2, 0 %, 3 MiB, 12.30 W;3, 0 %, 3 MiB, 5.82 W; @1786717164
0, 0 %, 22040 MiB, 63.71 W;1, 0 %, 3 MiB, 22.91 W;2, 0 %, 3 MiB, 12.31 W;3, 0 %, 3 MiB, 5.89 W; @1786717167
0, 0 %, 22040 MiB, 63.43 W;1, 0 %, 3 MiB, 22.66 W;2, 0 %, 3 MiB, 12.28 W;3, 0 %, 3 MiB, 6.06 W; @1786717171
0, 0 %, 22858 MiB, 92.89 W;1, 0 %, 3 MiB, 23.55 W;2, 0 %, 3 MiB, 12.30 W;3, 0 %, 3 MiB, 6.11 W; @1786717174
0, 0 %, 22858 MiB, 63.64 W;1, 0 %, 3 MiB, 23.25 W;2, 0 %, 3 MiB, 12.16 W;3, 0 %, 3 MiB, 6.20 W; @1786717177
0, 0 %, 22858 MiB, 63.17 W;1, 0 %, 3 MiB, 23.00 W;2, 0 %, 3 MiB, 12.32 W;3, 0 %, 3 MiB, 6.40 W; @1786717180
0, 0 %, 22858 MiB, 63.56 W;1, 0 %, 3 MiB, 23.04 W;2, 0 %, 3 MiB, 12.17 W;3, 0 %, 3 MiB, 6.16 W; @1786717184
0, 0 %, 22858 MiB, 63.33 W;1, 0 %, 3 MiB, 23.07 W;2, 0 %, 3 MiB, 12.18 W;3, 0 %, 3 MiB, 6.08 W; @1786717187
0, 0 %, 22858 MiB, 42.63 W;1, 0 %, 3 MiB, 22.52 W;2, 0 %, 3 MiB, 12.28 W;3, 0 %, 3 MiB, 5.81 W; @1786717190
0, 0 %, 22858 MiB, 21.51 W;1, 0 %, 3 MiB, 22.90 W;2, 0 %, 3 MiB, 12.16 W;3, 0 %, 3 MiB, 5.76 W; @1786717193
0, 0 %, 22858 MiB, 21.42 W;1, 0 %, 3 MiB, 23.49 W;2, 0 %, 3 MiB, 12.11 W;3, 0 %, 3 MiB, 5.99 W; @1786717196
0, 0 %, 22858 MiB, 21.39 W;1, 0 %, 3 MiB, 23.51 W;2, 0 %, 3 MiB, 12.21 W;3, 0 %, 3 MiB, 6.16 W; @1786717200
0, 0 %, 22858 MiB, 21.40 W;1, 0 %, 3 MiB, 22.93 W;2, 0 %, 3 MiB, 12.06 W;3, 0 %, 3 MiB, 6.09 W; @1786717203
0, 0 %, 22858 MiB, 21.32 W;1, 0 %, 3 MiB, 23.22 W;2, 0 %, 3 MiB, 11.94 W;3, 0 %, 3 MiB, 5.83 W; @1786717206
0, 0 %, 22858 MiB, 21.31 W;1, 0 %, 3 MiB, 23.28 W;2, 0 %, 3 MiB, 12.17 W;3, 0 %, 3 MiB, 6.17 W; @1786717209
0, 0 %, 22858 MiB, 21.34 W;1, 0 %, 3 MiB, 23.35 W;2, 0 %, 3 MiB, 12.40 W;3, 0 %, 3 MiB, 6.17 W; @1786717213
0, 2 %, 22858 MiB, 31.40 W;1, 0 %, 3 MiB, 23.94 W;2, 0 %, 3 MiB, 12.39 W;3, 0 %, 3 MiB, 6.39 W; @1786717216
0, 0 %, 22858 MiB, 64.76 W;1, 0 %, 3 MiB, 23.92 W;2, 0 %, 3 MiB, 12.20 W;3, 0 %, 3 MiB, 6.20 W; @1786717219
0, 0 %, 22858 MiB, 63.44 W;1, 0 %, 3 MiB, 23.07 W;2, 0 %, 3 MiB, 12.25 W;3, 0 %, 3 MiB, 6.68 W; @1786717222
0, 0 %, 24906 MiB, 63.31 W;1, 0 %, 3 MiB, 21.81 W;2, 0 %, 3 MiB, 12.00 W;3, 0 %, 3 MiB, 6.28 W; @1786717225
0, 0 %, 24906 MiB, 63.63 W;1, 0 %, 3 MiB, 22.10 W;2, 0 %, 3 MiB, 12.08 W;3, 0 %, 3 MiB, 6.28 W; @1786717229
0, 0 %, 22858 MiB, 64.81 W;1, 0 %, 3 MiB, 22.78 W;2, 0 %, 3 MiB, 12.03 W;3, 0 %, 3 MiB, 6.53 W; @1786717232
0, 0 %, 22040 MiB, 63.72 W;1, 0 %, 3 MiB, 22.63 W;2, 0 %, 3 MiB, 12.15 W;3, 0 %, 3 MiB, 6.44 W; @1786717235
0, 0 %, 22040 MiB, 63.86 W;1, 0 %, 3 MiB, 22.91 W;2, 0 %, 3 MiB, 12.14 W;3, 0 %, 3 MiB, 6.42 W; @1786717238
0, 0 %, 22040 MiB, 63.71 W;1, 0 %, 3 MiB, 23.05 W;2, 0 %, 3 MiB, 11.98 W;3, 0 %, 3 MiB, 6.67 W; @1786717241
0, 0 %, 22040 MiB, 63.61 W;1, 0 %, 3 MiB, 23.42 W;2, 0 %, 3 MiB, 11.85 W;3, 0 %, 3 MiB, 6.46 W; @1786717244
0, 0 %, 22040 MiB, 63.86 W;1, 0 %, 3 MiB, 23.28 W;2, 0 %, 3 MiB, 12.00 W;3, 0 %, 3 MiB, 6.56 W; @1786717248
0, 0 %, 22040 MiB, 23.08 W;1, 0 %, 3 MiB, 23.04 W;2, 0 %, 3 MiB, 11.87 W;3, 0 %, 3 MiB, 6.37 W; @1786717251
0, 0 %, 22040 MiB, 22.10 W;1, 0 %, 3 MiB, 23.07 W;2, 0 %, 3 MiB, 12.11 W;3, 0 %, 3 MiB, 6.63 W; @1786717254
0, 0 %, 22040 MiB, 21.84 W;1, 0 %, 3 MiB, 22.65 W;2, 0 %, 3 MiB, 11.99 W;3, 0 %, 3 MiB, 6.86 W; @1786717257
0, 0 %, 22040 MiB, 21.51 W;1, 0 %, 3 MiB, 23.78 W;2, 0 %, 3 MiB, 12.07 W;3, 0 %, 3 MiB, 6.86 W; @1786717260
0, 0 %, 22040 MiB, 21.26 W;1, 0 %, 3 MiB, 22.42 W;2, 0 %, 3 MiB, 12.00 W;3, 0 %, 3 MiB, 6.30 W; @1786717264
0, 0 %, 22040 MiB, 21.41 W;1, 0 %, 3 MiB, 23.11 W;2, 0 %, 3 MiB, 12.06 W;3, 0 %, 3 MiB, 6.28 W; @1786717267
0, 0 %, 22040 MiB, 21.80 W;1, 0 %, 3 MiB, 23.29 W;2, 0 %, 3 MiB, 12.01 W;3, 0 %, 3 MiB, 6.84 W; @1786717270
0, 0 %, 22040 MiB, 22.08 W;1, 0 %, 3 MiB, 23.54 W;2, 0 %, 3 MiB, 11.84 W;3, 0 %, 3 MiB, 6.70 W; @1786717273
0, 0 %, 22040 MiB, 21.75 W;1, 0 %, 3 MiB, 23.35 W;2, 0 %, 3 MiB, 11.95 W;3, 0 %, 3 MiB, 6.63 W; @1786717276
0, 0 %, 22040 MiB, 21.65 W;1, 0 %, 3 MiB, 23.34 W;2, 0 %, 3 MiB, 12.03 W;3, 0 %, 3 MiB, 6.49 W; @1786717279
0, 0 %, 22040 MiB, 21.41 W;1, 0 %, 3 MiB, 23.23 W;2, 0 %, 3 MiB, 11.76 W;3, 0 %, 3 MiB, 6.26 W; @1786717283
0, 0 %, 22040 MiB, 21.47 W;1, 0 %, 3 MiB, 22.65 W;2, 0 %, 3 MiB, 12.03 W;3, 0 %, 3 MiB, 6.22 W; @1786717286
0, 0 %, 22040 MiB, 21.22 W;1, 0 %, 3 MiB, 22.88 W;2, 0 %, 3 MiB, 12.02 W;3, 0 %, 3 MiB, 5.88 W; @1786717289
0, 0 %, 22040 MiB, 21.50 W;1, 0 %, 3 MiB, 23.17 W;2, 0 %, 3 MiB, 12.05 W;3, 0 %, 3 MiB, 6.22 W; @1786717292
0, 0 %, 22040 MiB, 21.17 W;1, 0 %, 3 MiB, 23.61 W;2, 0 %, 3 MiB, 12.07 W;3, 0 %, 3 MiB, 6.12 W; @1786717295
0, 0 %, 22040 MiB, 20.99 W;1, 0 %, 3 MiB, 23.55 W;2, 0 %, 3 MiB, 12.02 W;3, 0 %, 3 MiB, 6.25 W; @1786717298
0, 0 %, 22040 MiB, 20.98 W;1, 0 %, 3 MiB, 23.19 W;2, 0 %, 3 MiB, 12.15 W;3, 0 %, 3 MiB, 6.15 W; @1786717302
0, 0 %, 22040 MiB, 20.97 W;1, 0 %, 3 MiB, 22.45 W;2, 0 %, 3 MiB, 12.20 W;3, 0 %, 3 MiB, 6.02 W; @1786717305
0, 0 %, 22040 MiB, 20.82 W;1, 0 %, 3 MiB, 23.55 W;2, 0 %, 3 MiB, 12.21 W;3, 0 %, 3 MiB, 5.82 W; @1786717309
0, 0 %, 22040 MiB, 20.89 W;1, 0 %, 3 MiB, 23.53 W;2, 0 %, 3 MiB, 12.04 W;3, 0 %, 3 MiB, 5.60 W; @1786717312
0, 0 %, 22040 MiB, 20.95 W;1, 0 %, 3 MiB, 23.15 W;2, 0 %, 3 MiB, 12.07 W;3, 0 %, 3 MiB, 5.89 W; @1786717315
0, 0 %, 22040 MiB, 20.84 W;1, 0 %, 3 MiB, 23.62 W;2, 0 %, 3 MiB, 12.25 W;3, 0 %, 3 MiB, 5.34 W; @1786717319
0, 0 %, 22040 MiB, 21.10 W;1, 0 %, 3 MiB, 22.97 W;2, 0 %, 3 MiB, 12.19 W;3, 0 %, 3 MiB, 5.64 W; @1786717322
0, 0 %, 22040 MiB, 21.00 W;1, 0 %, 3 MiB, 23.94 W;2, 0 %, 3 MiB, 12.07 W;3, 0 %, 3 MiB, 5.97 W; @1786717326
0, 0 %, 22040 MiB, 21.01 W;1, 0 %, 3 MiB, 22.88 W;2, 0 %, 3 MiB, 12.20 W;3, 0 %, 3 MiB, 5.90 W; @1786717329
0, 0 %, 22040 MiB, 21.12 W;1, 0 %, 3 MiB, 22.97 W;2, 0 %, 3 MiB, 12.21 W;3, 0 %, 3 MiB, 5.72 W; @1786717332
0, 0 %, 22040 MiB, 21.21 W;1, 0 %, 3 MiB, 22.57 W;2, 0 %, 3 MiB, 12.16 W;3, 0 %, 3 MiB, 5.63 W; @1786717335
0, 0 %, 22040 MiB, 21.41 W;1, 0 %, 3 MiB, 22.44 W;2, 0 %, 3 MiB, 12.01 W;3, 0 %, 3 MiB, 5.68 W; @1786717339
0, 0 %, 22040 MiB, 21.69 W;1, 0 %, 3 MiB, 22.21 W;2, 0 %, 3 MiB, 12.07 W;3, 0 %, 3 MiB, 5.88 W; @1786717343
0, 0 %, 22040 MiB, 21.12 W;1, 0 %, 3 MiB, 22.75 W;2, 0 %, 3 MiB, 12.20 W;3, 0 %, 3 MiB, 5.75 W; @1786717347
0, 0 %, 22040 MiB, 21.51 W;1, 0 %, 3 MiB, 22.72 W;2, 0 %, 3 MiB, 12.04 W;3, 0 %, 3 MiB, 5.92 W; @1786717351
0, 0 %, 22040 MiB, 21.03 W;1, 0 %, 3 MiB, 23.51 W;2, 0 %, 3 MiB, 11.88 W;3, 0 %, 3 MiB, 6.03 W; @1786717355
0, 0 %, 22040 MiB, 21.42 W;1, 0 %, 3 MiB, 22.69 W;2, 0 %, 3 MiB, 12.17 W;3, 0 %, 3 MiB, 6.28 W; @1786717359
0, 0 %, 22040 MiB, 21.48 W;1, 0 %, 3 MiB, 22.91 W;2, 0 %, 3 MiB, 12.23 W;3, 0 %, 3 MiB, 5.86 W; @1786717362
0, 0 %, 22040 MiB, 21.38 W;1, 0 %, 3 MiB, 23.28 W;2, 0 %, 3 MiB, 12.23 W;3, 0 %, 3 MiB, 5.96 W; @1786717366
0, 0 %, 22040 MiB, 21.55 W;1, 0 %, 3 MiB, 23.48 W;2, 0 %, 3 MiB, 12.00 W;3, 0 %, 3 MiB, 6.41 W; @1786717370
0, 0 %, 22040 MiB, 21.61 W;1, 0 %, 3 MiB, 23.47 W;2, 0 %, 3 MiB, 12.05 W;3, 0 %, 3 MiB, 6.28 W; @1786717373
0, 0 %, 22040 MiB, 21.47 W;1, 0 %, 3 MiB, 23.25 W;2, 0 %, 3 MiB, 12.09 W;3, 0 %, 3 MiB, 6.21 W; @1786717377
0, 0 %, 22040 MiB, 21.63 W;1, 0 %, 3 MiB, 23.59 W;2, 0 %, 3 MiB, 12.08 W;3, 0 %, 3 MiB, 5.98 W; @1786717381
0, 0 %, 22040 MiB, 21.40 W;1, 0 %, 3 MiB, 23.53 W;2, 0 %, 3 MiB, 12.22 W;3, 0 %, 3 MiB, 5.82 W; @1786717384
0, 0 %, 22040 MiB, 21.53 W;1, 0 %, 3 MiB, 23.43 W;2, 0 %, 3 MiB, 12.26 W;3, 0 %, 3 MiB, 5.93 W; @1786717388
0, 0 %, 22040 MiB, 21.24 W;1, 0 %, 3 MiB, 23.26 W;2, 0 %, 3 MiB, 12.42 W;3, 0 %, 3 MiB, 5.84 W; @1786717391
0, 0 %, 22040 MiB, 21.08 W;1, 0 %, 3 MiB, 23.23 W;2, 0 %, 3 MiB, 12.14 W;3, 0 %, 3 MiB, 6.07 W; @1786717395
0, 0 %, 22040 MiB, 21.11 W;1, 0 %, 3 MiB, 22.92 W;2, 0 %, 3 MiB, 12.02 W;3, 0 %, 3 MiB, 5.82 W; @1786717398
0, 0 %, 22040 MiB, 21.17 W;1, 0 %, 3 MiB, 22.82 W;2, 0 %, 3 MiB, 12.16 W;3, 0 %, 3 MiB, 6.34 W; @1786717401
0, 0 %, 22040 MiB, 21.13 W;1, 0 %, 3 MiB, 22.51 W;2, 0 %, 3 MiB, 12.08 W;3, 0 %, 3 MiB, 6.10 W; @1786717405
0, 0 %, 22040 MiB, 21.15 W;1, 0 %, 3 MiB, 22.54 W;2, 0 %, 3 MiB, 12.07 W;3, 0 %, 3 MiB, 5.94 W; @1786717408
0, 0 %, 22040 MiB, 21.41 W;1, 0 %, 3 MiB, 22.62 W;2, 0 %, 3 MiB, 11.93 W;3, 0 %, 3 MiB, 5.86 W; @1786717411
0, 0 %, 22040 MiB, 21.44 W;1, 0 %, 3 MiB, 23.01 W;2, 0 %, 3 MiB, 11.90 W;3, 0 %, 3 MiB, 5.86 W; @1786717415
0, 0 %, 22040 MiB, 21.36 W;1, 0 %, 3 MiB, 22.79 W;2, 0 %, 3 MiB, 12.15 W;3, 0 %, 3 MiB, 6.29 W; @1786717418
0, 0 %, 22040 MiB, 21.39 W;1, 0 %, 3 MiB, 22.98 W;2, 0 %, 3 MiB, 12.00 W;3, 0 %, 3 MiB, 5.87 W; @1786717421
0, 0 %, 22040 MiB, 21.28 W;1, 0 %, 3 MiB, 22.35 W;2, 0 %, 3 MiB, 11.98 W;3, 0 %, 3 MiB, 5.91 W; @1786717424
0, 0 %, 22040 MiB, 21.28 W;1, 0 %, 3 MiB, 22.95 W;2, 0 %, 3 MiB, 11.99 W;3, 0 %, 3 MiB, 5.48 W; @1786717427
0, 0 %, 22040 MiB, 21.21 W;1, 0 %, 3 MiB, 22.35 W;2, 0 %, 3 MiB, 12.03 W;3, 0 %, 3 MiB, 5.99 W; @1786717431
0, 0 %, 22040 MiB, 21.51 W;1, 0 %, 3 MiB, 22.90 W;2, 0 %, 3 MiB, 11.94 W;3, 0 %, 3 MiB, 6.46 W; @1786717434
0, 0 %, 22040 MiB, 21.44 W;1, 0 %, 3 MiB, 23.05 W;2, 0 %, 3 MiB, 11.99 W;3, 0 %, 3 MiB, 5.84 W; @1786717437
0, 0 %, 22040 MiB, 21.47 W;1, 0 %, 3 MiB, 22.00 W;2, 0 %, 3 MiB, 11.90 W;3, 0 %, 3 MiB, 5.63 W; @1786717441
0, 0 %, 22040 MiB, 20.95 W;1, 0 %, 3 MiB, 23.62 W;2, 0 %, 3 MiB, 11.95 W;3, 0 %, 3 MiB, 5.90 W; @1786717444
0, 0 %, 22040 MiB, 21.19 W;1, 0 %, 3 MiB, 22.90 W;2, 0 %, 3 MiB, 11.79 W;3, 0 %, 3 MiB, 6.21 W; @1786717447
0, 0 %, 22040 MiB, 20.97 W;1, 0 %, 3 MiB, 23.15 W;2, 0 %, 3 MiB, 12.02 W;3, 0 %, 3 MiB, 6.40 W; @1786717450
0, 0 %, 22040 MiB, 21.02 W;1, 0 %, 3 MiB, 22.44 W;2, 0 %, 3 MiB, 12.04 W;3, 0 %, 3 MiB, 6.08 W; @1786717454
0, 0 %, 22040 MiB, 21.10 W;1, 0 %, 3 MiB, 22.92 W;2, 0 %, 3 MiB, 12.07 W;3, 0 %, 3 MiB, 6.02 W; @1786717457
0, 0 %, 22040 MiB, 21.14 W;1, 0 %, 3 MiB, 22.43 W;2, 0 %, 3 MiB, 11.99 W;3, 0 %, 3 MiB, 6.24 W; @1786717460
0, 0 %, 22040 MiB, 21.08 W;1, 0 %, 3 MiB, 22.64 W;2, 0 %, 3 MiB, 12.10 W;3, 0 %, 3 MiB, 6.18 W; @1786717463
0, 0 %, 22040 MiB, 21.09 W;1, 0 %, 3 MiB, 22.98 W;2, 0 %, 3 MiB, 12.13 W;3, 0 %, 3 MiB, 6.26 W; @1786717467
0, 0 %, 22040 MiB, 20.87 W;1, 0 %, 3 MiB, 22.80 W;2, 0 %, 3 MiB, 12.04 W;3, 0 %, 3 MiB, 6.06 W; @1786717470
0, 0 %, 22040 MiB, 21.08 W;1, 0 %, 3 MiB, 23.02 W;2, 0 %, 3 MiB, 12.16 W;3, 0 %, 3 MiB, 6.07 W; @1786717473
0, 0 %, 22040 MiB, 21.18 W;1, 0 %, 3 MiB, 23.21 W;2, 0 %, 3 MiB, 12.11 W;3, 0 %, 3 MiB, 6.48 W; @1786717476
0, 0 %, 22040 MiB, 20.59 W;1, 0 %, 3 MiB, 23.09 W;2, 0 %, 3 MiB, 12.06 W;3, 0 %, 3 MiB, 6.44 W; @1786717480
0, 0 %, 22040 MiB, 20.77 W;1, 0 %, 3 MiB, 22.73 W;2, 0 %, 3 MiB, 12.24 W;3, 0 %, 3 MiB, 6.22 W; @1786717483
0, 0 %, 22040 MiB, 21.03 W;1, 0 %, 3 MiB, 22.24 W;2, 0 %, 3 MiB, 12.43 W;3, 0 %, 3 MiB, 6.34 W; @1786717486
0, 0 %, 22040 MiB, 20.98 W;1, 0 %, 3 MiB, 21.98 W;2, 0 %, 3 MiB, 12.27 W;3, 0 %, 3 MiB, 6.13 W; @1786717490
0, 0 %, 22040 MiB, 20.80 W;1, 0 %, 3 MiB, 22.97 W;2, 0 %, 3 MiB, 12.46 W;3, 0 %, 3 MiB, 6.38 W; @1786717493
0, 0 %, 22040 MiB, 20.61 W;1, 0 %, 3 MiB, 23.37 W;2, 0 %, 3 MiB, 12.22 W;3, 0 %, 3 MiB, 6.47 W; @1786717497
0, 0 %, 22040 MiB, 20.68 W;1, 0 %, 3 MiB, 22.21 W;2, 0 %, 3 MiB, 12.12 W;3, 0 %, 3 MiB, 6.62 W; @1786717500
0, 0 %, 22040 MiB, 20.75 W;1, 0 %, 3 MiB, 22.32 W;2, 0 %, 3 MiB, 12.17 W;3, 0 %, 3 MiB, 6.59 W; @1786717503
0, 0 %, 22040 MiB, 20.98 W;1, 0 %, 3 MiB, 22.58 W;2, 0 %, 3 MiB, 12.13 W;3, 0 %, 3 MiB, 6.66 W; @1786717507
0, 0 %, 22040 MiB, 20.82 W;1, 0 %, 3 MiB, 23.06 W;2, 0 %, 3 MiB, 12.11 W;3, 0 %, 3 MiB, 6.59 W; @1786717510
0, 0 %, 22040 MiB, 20.83 W;1, 0 %, 3 MiB, 23.24 W;2, 0 %, 3 MiB, 12.08 W;3, 0 %, 3 MiB, 6.66 W; @1786717514
0, 0 %, 22040 MiB, 20.77 W;1, 0 %, 3 MiB, 23.30 W;2, 0 %, 3 MiB, 12.24 W;3, 0 %, 3 MiB, 6.74 W; @1786717517
0, 0 %, 22040 MiB, 20.84 W;1, 0 %, 3 MiB, 22.73 W;2, 0 %, 3 MiB, 12.18 W;3, 0 %, 3 MiB, 6.25 W; @1786717520
0, 0 %, 22040 MiB, 20.76 W;1, 0 %, 3 MiB, 23.02 W;2, 0 %, 3 MiB, 12.11 W;3, 0 %, 3 MiB, 6.54 W; @1786717524
0, 0 %, 22040 MiB, 21.01 W;1, 0 %, 3 MiB, 23.18 W;2, 0 %, 3 MiB, 12.02 W;3, 0 %, 3 MiB, 6.72 W; @1786717527
0, 0 %, 22040 MiB, 20.70 W;1, 0 %, 3 MiB, 23.52 W;2, 0 %, 3 MiB, 11.84 W;3, 0 %, 3 MiB, 6.82 W; @1786717531
0, 0 %, 22040 MiB, 20.57 W;1, 0 %, 3 MiB, 23.01 W;2, 0 %, 3 MiB, 12.08 W;3, 0 %, 3 MiB, 6.80 W; @1786717534
0, 0 %, 22040 MiB, 21.14 W;1, 0 %, 3 MiB, 22.80 W;2, 0 %, 3 MiB, 11.98 W;3, 0 %, 3 MiB, 6.88 W; @1786717538
0, 0 %, 22040 MiB, 20.76 W;1, 0 %, 3 MiB, 23.34 W;2, 0 %, 3 MiB, 12.26 W;3, 0 %, 3 MiB, 7.13 W; @1786717541
0, 0 %, 22040 MiB, 20.70 W;1, 0 %, 3 MiB, 22.84 W;2, 0 %, 3 MiB, 12.15 W;3, 0 %, 3 MiB, 6.96 W; @1786717545
0, 0 %, 22040 MiB, 20.92 W;1, 0 %, 3 MiB, 23.31 W;2, 0 %, 3 MiB, 12.17 W;3, 0 %, 3 MiB, 6.68 W; @1786717548
0, 0 %, 22040 MiB, 20.99 W;1, 0 %, 3 MiB, 23.40 W;2, 0 %, 3 MiB, 12.10 W;3, 0 %, 3 MiB, 6.56 W; @1786717552
0, 0 %, 22040 MiB, 20.77 W;1, 0 %, 3 MiB, 23.42 W;2, 0 %, 3 MiB, 12.14 W;3, 0 %, 3 MiB, 6.57 W; @1786717555
0, 0 %, 22040 MiB, 21.08 W;1, 0 %, 3 MiB, 23.27 W;2, 0 %, 3 MiB, 12.36 W;3, 0 %, 3 MiB, 6.93 W; @1786717559
0, 0 %, 22040 MiB, 20.70 W;1, 0 %, 3 MiB, 24.10 W;2, 0 %, 3 MiB, 12.15 W;3, 0 %, 3 MiB, 6.57 W; @1786717562
0, 0 %, 22040 MiB, 20.49 W;1, 0 %, 3 MiB, 22.70 W;2, 0 %, 3 MiB, 12.10 W;3, 0 %, 3 MiB, 6.64 W; @1786717566
0, 0 %, 22040 MiB, 20.47 W;1, 0 %, 3 MiB, 22.92 W;2, 0 %, 3 MiB, 11.97 W;3, 0 %, 3 MiB, 6.93 W; @1786717569
0, 0 %, 22040 MiB, 20.78 W;1, 0 %, 3 MiB, 23.19 W;2, 0 %, 3 MiB, 12.12 W;3, 0 %, 3 MiB, 6.30 W; @1786717573
0, 0 %, 22040 MiB, 20.83 W;1, 0 %, 3 MiB, 22.65 W;2, 0 %, 3 MiB, 11.99 W;3, 0 %, 3 MiB, 6.34 W; @1786717576
0, 0 %, 22040 MiB, 20.48 W;1, 0 %, 3 MiB, 22.85 W;2, 0 %, 3 MiB, 11.92 W;3, 0 %, 3 MiB, 6.51 W; @1786717580
0, 0 %, 22040 MiB, 20.85 W;1, 0 %, 3 MiB, 23.60 W;2, 0 %, 3 MiB, 12.04 W;3, 0 %, 3 MiB, 6.32 W; @1786717583
0, 0 %, 22040 MiB, 21.18 W;1, 0 %, 3 MiB, 23.37 W;2, 0 %, 3 MiB, 12.04 W;3, 0 %, 3 MiB, 6.66 W; @1786717587
0, 0 %, 22040 MiB, 21.14 W;1, 0 %, 3 MiB, 23.28 W;2, 0 %, 3 MiB, 12.07 W;3, 0 %, 3 MiB, 6.97 W; @1786717590
0, 0 %, 22040 MiB, 20.82 W;1, 0 %, 3 MiB, 23.20 W;2, 0 %, 3 MiB, 12.23 W;3, 0 %, 3 MiB, 6.94 W; @1786717594
0, 0 %, 22040 MiB, 20.88 W;1, 0 %, 3 MiB, 23.34 W;2, 0 %, 3 MiB, 12.01 W;3, 0 %, 3 MiB, 6.46 W; @1786717598
0, 0 %, 22040 MiB, 21.23 W;1, 0 %, 3 MiB, 23.57 W;2, 0 %, 3 MiB, 12.18 W;3, 0 %, 3 MiB, 6.17 W; @1786717602
0, 0 %, 22040 MiB, 21.30 W;1, 0 %, 3 MiB, 23.94 W;2, 0 %, 3 MiB, 12.10 W;3, 0 %, 3 MiB, 6.34 W; @1786717606
0, 0 %, 22040 MiB, 21.17 W;1, 0 %, 3 MiB, 23.77 W;2, 0 %, 3 MiB, 12.06 W;3, 0 %, 3 MiB, 6.45 W; @1786717609
0, 0 %, 22040 MiB, 21.24 W;1, 0 %, 3 MiB, 24.32 W;2, 0 %, 3 MiB, 12.26 W;3, 0 %, 3 MiB, 6.77 W; @1786717613
0, 0 %, 22040 MiB, 21.24 W;1, 0 %, 3 MiB, 23.31 W;2, 0 %, 3 MiB, 11.96 W;3, 0 %, 3 MiB, 6.20 W; @1786717616
0, 0 %, 22040 MiB, 21.19 W;1, 0 %, 3 MiB, 24.02 W;2, 0 %, 3 MiB, 12.15 W;3, 0 %, 3 MiB, 6.30 W; @1786717620
0, 0 %, 22040 MiB, 21.09 W;1, 0 %, 3 MiB, 24.06 W;2, 0 %, 3 MiB, 12.13 W;3, 0 %, 3 MiB, 6.17 W; @1786717623
0, 0 %, 22040 MiB, 20.72 W;1, 0 %, 3 MiB, 22.92 W;2, 0 %, 3 MiB, 11.96 W;3, 0 %, 3 MiB, 6.03 W; @1786717626
0, 0 %, 22040 MiB, 20.93 W;1, 0 %, 3 MiB, 23.10 W;2, 0 %, 3 MiB, 12.20 W;3, 0 %, 3 MiB, 6.04 W; @1786717630
0, 0 %, 22040 MiB, 20.75 W;1, 0 %, 3 MiB, 23.35 W;2, 0 %, 3 MiB, 12.06 W;3, 0 %, 3 MiB, 6.15 W; @1786717634
0, 0 %, 22040 MiB, 20.73 W;1, 0 %, 3 MiB, 23.60 W;2, 0 %, 3 MiB, 12.12 W;3, 0 %, 3 MiB, 6.19 W; @1786717637
0, 0 %, 22040 MiB, 20.80 W;1, 0 %, 3 MiB, 23.66 W;2, 0 %, 3 MiB, 12.18 W;3, 0 %, 3 MiB, 5.91 W; @1786717640
0, 0 %, 22040 MiB, 20.73 W;1, 0 %, 3 MiB, 23.97 W;2, 0 %, 3 MiB, 12.27 W;3, 0 %, 3 MiB, 6.16 W; @1786717644
0, 0 %, 22040 MiB, 20.70 W;1, 0 %, 3 MiB, 23.81 W;2, 0 %, 3 MiB, 12.03 W;3, 0 %, 3 MiB, 6.25 W; @1786717647
0, 0 %, 22040 MiB, 20.77 W;1, 0 %, 3 MiB, 24.00 W;2, 0 %, 3 MiB, 12.29 W;3, 0 %, 3 MiB, 6.26 W; @1786717650
0, 0 %, 22040 MiB, 21.33 W;1, 0 %, 3 MiB, 24.62 W;2, 0 %, 3 MiB, 12.04 W;3, 0 %, 3 MiB, 6.24 W; @1786717653
0, 0 %, 22040 MiB, 21.34 W;1, 0 %, 3 MiB, 23.97 W;2, 0 %, 3 MiB, 12.03 W;3, 0 %, 3 MiB, 6.15 W; @1786717656
0, 0 %, 22040 MiB, 21.15 W;1, 0 %, 3 MiB, 23.57 W;2, 0 %, 3 MiB, 12.05 W;3, 0 %, 3 MiB, 6.18 W; @1786717659
0, 0 %, 22040 MiB, 21.02 W;1, 0 %, 3 MiB, 24.32 W;2, 0 %, 3 MiB, 12.00 W;3, 0 %, 3 MiB, 6.40 W; @1786717663
0, 0 %, 22040 MiB, 20.85 W;1, 0 %, 3 MiB, 24.04 W;2, 0 %, 3 MiB, 11.79 W;3, 0 %, 3 MiB, 6.34 W; @1786717666
0, 0 %, 22040 MiB, 20.81 W;1, 0 %, 3 MiB, 23.97 W;2, 0 %, 3 MiB, 11.83 W;3, 0 %, 3 MiB, 6.28 W; @1786717669
0, 0 %, 22040 MiB, 21.16 W;1, 0 %, 3 MiB, 24.04 W;2, 0 %, 3 MiB, 12.00 W;3, 0 %, 3 MiB, 6.68 W; @1786717672
0, 0 %, 22040 MiB, 21.09 W;1, 0 %, 3 MiB, 24.33 W;2, 0 %, 3 MiB, 11.98 W;3, 0 %, 3 MiB, 6.36 W; @1786717675
0, 0 %, 22040 MiB, 20.99 W;1, 0 %, 3 MiB, 23.54 W;2, 0 %, 3 MiB, 11.77 W;3, 0 %, 3 MiB, 6.33 W; @1786717678
0, 0 %, 22040 MiB, 20.97 W;1, 0 %, 3 MiB, 24.02 W;2, 0 %, 3 MiB, 11.74 W;3, 0 %, 3 MiB, 6.45 W; @1786717681
0, 0 %, 22040 MiB, 21.02 W;1, 0 %, 3 MiB, 23.58 W;2, 0 %, 3 MiB, 12.12 W;3, 0 %, 3 MiB, 6.31 W; @1786717685
0, 0 %, 22040 MiB, 20.86 W;1, 0 %, 3 MiB, 23.81 W;2, 0 %, 3 MiB, 11.90 W;3, 0 %, 3 MiB, 6.42 W; @1786717688
0, 0 %, 22040 MiB, 21.19 W;1, 0 %, 3 MiB, 23.80 W;2, 0 %, 3 MiB, 11.95 W;3, 0 %, 3 MiB, 6.18 W; @1786717691
0, 0 %, 22040 MiB, 20.89 W;1, 0 %, 3 MiB, 23.51 W;2, 0 %, 3 MiB, 12.14 W;3, 0 %, 3 MiB, 6.19 W; @1786717695
0, 0 %, 22040 MiB, 20.91 W;1, 0 %, 3 MiB, 23.66 W;2, 0 %, 3 MiB, 11.98 W;3, 0 %, 3 MiB, 6.38 W; @1786717698
0, 0 %, 22040 MiB, 21.12 W;1, 0 %, 3 MiB, 23.37 W;2, 0 %, 3 MiB, 12.16 W;3, 0 %, 3 MiB, 6.60 W; @1786717701
0, 0 %, 22040 MiB, 21.21 W;1, 0 %, 3 MiB, 23.81 W;2, 0 %, 3 MiB, 12.27 W;3, 0 %, 3 MiB, 6.45 W; @1786717704
0, 0 %, 22040 MiB, 21.23 W;1, 0 %, 3 MiB, 23.19 W;2, 0 %, 3 MiB, 12.00 W;3, 0 %, 3 MiB, 6.42 W; @1786717707
0, 0 %, 22040 MiB, 21.26 W;1, 0 %, 3 MiB, 22.84 W;2, 0 %, 3 MiB, 12.18 W;3, 0 %, 3 MiB, 6.02 W; @1786717710
0, 0 %, 22040 MiB, 20.89 W;1, 0 %, 3 MiB, 23.14 W;2, 0 %, 3 MiB, 12.12 W;3, 0 %, 3 MiB, 5.75 W; @1786717713
0, 0 %, 22040 MiB, 21.24 W;1, 0 %, 3 MiB, 23.90 W;2, 0 %, 3 MiB, 11.96 W;3, 0 %, 3 MiB, 5.76 W; @1786717717
0, 0 %, 22040 MiB, 20.75 W;1, 0 %, 3 MiB, 23.66 W;2, 0 %, 3 MiB, 12.04 W;3, 0 %, 3 MiB, 6.08 W; @1786717720
0, 0 %, 22040 MiB, 20.83 W;1, 0 %, 3 MiB, 23.43 W;2, 0 %, 3 MiB, 12.17 W;3, 0 %, 3 MiB, 6.28 W; @1786717723
0, 0 %, 22040 MiB, 20.72 W;1, 0 %, 3 MiB, 23.46 W;2, 0 %, 3 MiB, 12.02 W;3, 0 %, 3 MiB, 6.17 W; @1786717726
0, 0 %, 22118 MiB, 62.86 W;1, 0 %, 3 MiB, 23.57 W;2, 0 %, 3 MiB, 12.10 W;3, 0 %, 3 MiB, 5.48 W; @1786717729
0, 0 %, 22396 MiB, 89.09 W;1, 0 %, 3 MiB, 23.39 W;2, 0 %, 3 MiB, 12.09 W;3, 0 %, 3 MiB, 6.28 W; @1786717732
0, 0 %, 22396 MiB, 62.85 W;1, 0 %, 3 MiB, 23.32 W;2, 0 %, 3 MiB, 11.96 W;3, 0 %, 3 MiB, 6.01 W; @1786717735
0, 0 %, 22396 MiB, 62.93 W;1, 0 %, 3 MiB, 23.19 W;2, 0 %, 3 MiB, 12.15 W;3, 0 %, 3 MiB, 5.86 W; @1786717738
0, 0 %, 22396 MiB, 62.82 W;1, 0 %, 3 MiB, 23.37 W;2, 0 %, 3 MiB, 12.07 W;3, 0 %, 3 MiB, 6.01 W; @1786717741
0, 0 %, 22396 MiB, 63.14 W;1, 0 %, 3 MiB, 22.79 W;2, 0 %, 3 MiB, 12.05 W;3, 0 %, 3 MiB, 5.86 W; @1786717745
0, 0 %, 22396 MiB, 63.21 W;1, 0 %, 3 MiB, 23.22 W;2, 0 %, 3 MiB, 12.17 W;3, 0 %, 3 MiB, 5.92 W; @1786717748
0, 0 %, 22396 MiB, 63.10 W;1, 0 %, 3 MiB, 22.25 W;2, 0 %, 3 MiB, 12.19 W;3, 0 %, 3 MiB, 6.18 W; @1786717751
0, 0 %, 22396 MiB, 64.02 W;1, 0 %, 3 MiB, 22.38 W;2, 0 %, 3 MiB, 12.07 W;3, 0 %, 3 MiB, 5.97 W; @1786717754
0, 0 %, 22532 MiB, 92.58 W;1, 0 %, 3 MiB, 22.37 W;2, 0 %, 3 MiB, 12.16 W;3, 0 %, 3 MiB, 5.41 W; @1786717757
0, 0 %, 22534 MiB, 85.76 W;1, 0 %, 3 MiB, 23.51 W;2, 0 %, 3 MiB, 12.80 W;3, 0 %, 3 MiB, 6.73 W; @1786717760
0, 23 %, 22534 MiB, 183.45 W;1, 0 %, 3 MiB, 23.91 W;2, 0 %, 3 MiB, 13.57 W;3, 0 %, 3 MiB, 8.01 W; @1786717763
0, 23 %, 22534 MiB, 173.98 W;1, 0 %, 3 MiB, 23.21 W;2, 0 %, 3 MiB, 13.51 W;3, 0 %, 3 MiB, 8.15 W; @1786717766
0, 26 %, 22534 MiB, 181.46 W;1, 0 %, 3 MiB, 23.06 W;2, 0 %, 3 MiB, 13.53 W;3, 0 %, 3 MiB, 8.39 W; @1786717769
0, 31 %, 22534 MiB, 162.47 W;1, 0 %, 3 MiB, 22.52 W;2, 0 %, 3 MiB, 13.12 W;3, 0 %, 3 MiB, 7.99 W; @1786717772
0, 15 %, 22534 MiB, 137.65 W;1, 0 %, 3 MiB, 23.15 W;2, 0 %, 3 MiB, 12.60 W;3, 0 %, 3 MiB, 7.01 W; @1786717776
0, 0 %, 22534 MiB, 63.94 W;1, 0 %, 3 MiB, 23.31 W;2, 0 %, 3 MiB, 12.46 W;3, 0 %, 3 MiB, 6.36 W; @1786717779
0, 15 %, 22534 MiB, 142.56 W;1, 0 %, 3 MiB, 22.83 W;2, 0 %, 3 MiB, 12.49 W;3, 0 %, 3 MiB, 7.19 W; @1786717782
0, 1 %, 24272 MiB, 93.56 W;1, 0 %, 3 MiB, 23.54 W;2, 0 %, 3 MiB, 12.48 W;3, 0 %, 3 MiB, 7.13 W; @1786717785
0, 99 %, 24272 MiB, 529.53 W;1, 0 %, 3 MiB, 23.03 W;2, 0 %, 3 MiB, 12.48 W;3, 0 %, 3 MiB, 6.95 W; @1786717788
0, 98 %, 24272 MiB, 527.42 W;1, 0 %, 3 MiB, 22.58 W;2, 0 %, 3 MiB, 12.53 W;3, 0 %, 3 MiB, 7.66 W; @1786717791
0, 98 %, 24272 MiB, 532.88 W;1, 0 %, 3 MiB, 22.42 W;2, 0 %, 3 MiB, 12.44 W;3, 0 %, 3 MiB, 7.72 W; @1786717794
0, 98 %, 24272 MiB, 534.59 W;1, 0 %, 3 MiB, 23.05 W;2, 0 %, 3 MiB, 12.40 W;3, 0 %, 3 MiB, 7.60 W; @1786717797
0, 98 %, 24272 MiB, 392.52 W;1, 0 %, 3 MiB, 22.96 W;2, 0 %, 3 MiB, 12.29 W;3, 0 %, 3 MiB, 7.78 W; @1786717800
0, 99 %, 24778 MiB, 551.53 W;1, 0 %, 509 MiB, 28.14 W;2, 0 %, 3 MiB, 13.05 W;3, 0 %, 3 MiB, 8.73 W; @1786717804
0, 98 %, 24272 MiB, 557.28 W;1, 0 %, 3 MiB, 54.28 W;2, 0 %, 3 MiB, 53.79 W;3, 0 %, 3 MiB, 43.05 W; @1786717807
0, 98 %, 24272 MiB, 560.33 W;1, 0 %, 3 MiB, 23.46 W;2, 0 %, 3 MiB, 13.93 W;3, 0 %, 3 MiB, 7.93 W; @1786717810
0, 98 %, 26652 MiB, 451.78 W;1, 0 %, 3 MiB, 22.44 W;2, 0 %, 3 MiB, 12.50 W;3, 0 %, 3 MiB, 7.58 W; @1786717813
0, 99 %, 29016 MiB, 532.22 W;1, 0 %, 3 MiB, 22.58 W;2, 0 %, 3 MiB, 12.44 W;3, 0 %, 3 MiB, 7.66 W; @1786717816
0, 99 %, 29276 MiB, 535.26 W;1, 0 %, 3 MiB, 23.01 W;2, 0 %, 3 MiB, 12.25 W;3, 0 %, 3 MiB, 7.53 W; @1786717819
0, 99 %, 29438 MiB, 530.62 W;1, 0 %, 3 MiB, 22.85 W;2, 0 %, 3 MiB, 12.10 W;3, 0 %, 3 MiB, 7.85 W; @1786717822
0, 99 %, 29598 MiB, 534.89 W;1, 0 %, 3 MiB, 22.20 W;2, 0 %, 3 MiB, 12.18 W;3, 0 %, 3 MiB, 7.79 W; @1786717825
0, 100 %, 29598 MiB, 557.63 W;1, 0 %, 3 MiB, 22.39 W;2, 0 %, 3 MiB, 12.14 W;3, 0 %, 3 MiB, 7.97 W; @1786717828
0, 98 %, 29778 MiB, 545.02 W;1, 0 %, 3 MiB, 22.78 W;2, 0 %, 3 MiB, 12.15 W;3, 0 %, 3 MiB, 7.85 W; @1786717832
0, 99 %, 29938 MiB, 551.36 W;1, 0 %, 3 MiB, 22.87 W;2, 0 %, 3 MiB, 12.23 W;3, 0 %, 3 MiB, 7.90 W; @1786717835
0, 99 %, 30098 MiB, 552.74 W;1, 0 %, 3 MiB, 22.60 W;2, 0 %, 3 MiB, 12.28 W;3, 0 %, 3 MiB, 8.02 W; @1786717838
0, 99 %, 30238 MiB, 545.19 W;1, 0 %, 3 MiB, 22.50 W;2, 0 %, 3 MiB, 12.34 W;3, 0 %, 3 MiB, 7.98 W; @1786717841
0, 98 %, 30238 MiB, 408.28 W;1, 0 %, 3 MiB, 22.76 W;2, 0 %, 3 MiB, 12.38 W;3, 0 %, 3 MiB, 6.82 W; @1786717844
0, 99 %, 30378 MiB, 550.09 W;1, 0 %, 3 MiB, 22.90 W;2, 0 %, 3 MiB, 12.38 W;3, 0 %, 3 MiB, 7.57 W; @1786717847
0, 99 %, 30538 MiB, 547.07 W;1, 0 %, 3 MiB, 22.57 W;2, 0 %, 3 MiB, 12.52 W;3, 0 %, 3 MiB, 7.64 W; @1786717850
0, 99 %, 30678 MiB, 546.07 W;1, 0 %, 3 MiB, 22.73 W;2, 0 %, 3 MiB, 12.37 W;3, 0 %, 3 MiB, 7.62 W; @1786717853
0, 99 %, 30758 MiB, 542.84 W;1, 0 %, 3 MiB, 22.43 W;2, 0 %, 3 MiB, 12.34 W;3, 0 %, 3 MiB, 7.80 W; @1786717856
0, 3 %, 25250 MiB, 108.81 W;1, 0 %, 3 MiB, 22.62 W;2, 0 %, 3 MiB, 12.39 W;3, 0 %, 3 MiB, 7.10 W; @1786717860
0, 100 %, 23592 MiB, 196.54 W;1, 0 %, 3 MiB, 22.51 W;2, 0 %, 3 MiB, 12.13 W;3, 0 %, 3 MiB, 6.88 W; @1786717863
0, 26 %, 23876 MiB, 216.20 W;1, 0 %, 3 MiB, 23.28 W;2, 0 %, 3 MiB, 14.10 W;3, 0 %, 3 MiB, 9.46 W; @1786717866
0, 27 %, 23876 MiB, 214.08 W;1, 0 %, 3 MiB, 23.65 W;2, 0 %, 3 MiB, 13.76 W;3, 0 %, 3 MiB, 9.21 W; @1786717869
0, 26 %, 23876 MiB, 208.22 W;1, 0 %, 3 MiB, 23.52 W;2, 0 %, 3 MiB, 13.78 W;3, 0 %, 3 MiB, 9.57 W; @1786717872
0, 32 %, 23878 MiB, 214.12 W;1, 0 %, 3 MiB, 23.37 W;2, 0 %, 3 MiB, 13.59 W;3, 0 %, 3 MiB, 9.01 W; @1786717875
0, 19 %, 23878 MiB, 162.97 W;1, 0 %, 3 MiB, 22.67 W;2, 0 %, 3 MiB, 13.00 W;3, 0 %, 3 MiB, 8.54 W; @1786717878
0, 16 %, 23878 MiB, 143.01 W;1, 0 %, 3 MiB, 22.99 W;2, 0 %, 3 MiB, 12.32 W;3, 0 %, 3 MiB, 7.42 W; @1786717881
0, 14 %, 25444 MiB, 239.38 W;1, 0 %, 3 MiB, 23.24 W;2, 0 %, 3 MiB, 12.55 W;3, 0 %, 3 MiB, 7.46 W; @1786717884
0, 98 %, 25864 MiB, 543.86 W;1, 0 %, 3 MiB, 22.47 W;2, 0 %, 3 MiB, 12.28 W;3, 0 %, 3 MiB, 7.68 W; @1786717888
0, 98 %, 25864 MiB, 548.72 W;1, 0 %, 3 MiB, 22.30 W;2, 0 %, 3 MiB, 12.35 W;3, 0 %, 3 MiB, 7.64 W; @1786717891
0, 98 %, 25864 MiB, 549.53 W;1, 0 %, 3 MiB, 22.46 W;2, 0 %, 3 MiB, 12.50 W;3, 0 %, 3 MiB, 7.88 W; @1786717894
0, 99 %, 25864 MiB, 551.10 W;1, 0 %, 3 MiB, 23.00 W;2, 0 %, 3 MiB, 12.23 W;3, 0 %, 3 MiB, 7.67 W; @1786717897
0, 77 %, 25864 MiB, 303.10 W;1, 0 %, 3 MiB, 22.72 W;2, 0 %, 3 MiB, 12.45 W;3, 0 %, 3 MiB, 6.26 W; @1786717900
0, 99 %, 25864 MiB, 562.13 W;1, 0 %, 3 MiB, 22.89 W;2, 0 %, 3 MiB, 12.14 W;3, 0 %, 3 MiB, 7.61 W; @1786717903
0, 99 %, 25864 MiB, 561.98 W;1, 0 %, 3 MiB, 22.98 W;2, 0 %, 3 MiB, 12.40 W;3, 0 %, 3 MiB, 7.60 W; @1786717906
0, 98 %, 25864 MiB, 562.99 W;1, 0 %, 3 MiB, 23.36 W;2, 0 %, 3 MiB, 12.42 W;3, 0 %, 3 MiB, 7.51 W; @1786717909
0, 98 %, 25864 MiB, 563.70 W;1, 0 %, 3 MiB, 22.75 W;2, 0 %, 3 MiB, 12.53 W;3, 0 %, 3 MiB, 7.64 W; @1786717912
0, 99 %, 30102 MiB, 565.63 W;1, 0 %, 3 MiB, 22.75 W;2, 0 %, 3 MiB, 12.46 W;3, 0 %, 3 MiB, 7.52 W; @1786717915
0, 99 %, 30162 MiB, 570.16 W;1, 0 %, 3 MiB, 23.19 W;2, 0 %, 3 MiB, 12.53 W;3, 0 %, 3 MiB, 7.84 W; @1786717919
0, 99 %, 30844 MiB, 573.60 W;1, 0 %, 3 MiB, 23.10 W;2, 0 %, 3 MiB, 12.40 W;3, 0 %, 3 MiB, 7.53 W; @1786717922
0, 99 %, 31004 MiB, 551.58 W;1, 0 %, 3 MiB, 23.11 W;2, 0 %, 3 MiB, 12.28 W;3, 0 %, 3 MiB, 7.08 W; @1786717925
0, 99 %, 31164 MiB, 554.73 W;1, 0 %, 3 MiB, 23.00 W;2, 0 %, 3 MiB, 12.27 W;3, 0 %, 3 MiB, 8.05 W; @1786717928
0, 98 %, 31164 MiB, 569.88 W;1, 0 %, 3 MiB, 23.22 W;2, 0 %, 3 MiB, 12.32 W;3, 0 %, 3 MiB, 7.70 W; @1786717931
0, 99 %, 31264 MiB, 575.00 W;1, 0 %, 3 MiB, 23.15 W;2, 0 %, 3 MiB, 12.31 W;3, 0 %, 3 MiB, 7.49 W; @1786717934
0, 99 %, 31664 MiB, 573.61 W;1, 0 %, 3 MiB, 22.50 W;2, 0 %, 3 MiB, 12.23 W;3, 0 %, 3 MiB, 7.62 W; @1786717937
0, 100 %, 31824 MiB, 549.59 W;1, 0 %, 3 MiB, 22.82 W;2, 0 %, 3 MiB, 12.44 W;3, 0 %, 3 MiB, 7.72 W; @1786717940
0, 54 %, 31824 MiB, 368.52 W;1, 0 %, 3 MiB, 22.87 W;2, 0 %, 3 MiB, 12.28 W;3, 0 %, 3 MiB, 7.82 W; @1786717943
0, 98 %, 31824 MiB, 568.78 W;1, 0 %, 3 MiB, 22.87 W;2, 0 %, 3 MiB, 12.32 W;3, 0 %, 3 MiB, 7.84 W; @1786717947
0, 99 %, 31884 MiB, 575.01 W;1, 0 %, 3 MiB, 23.45 W;2, 0 %, 3 MiB, 12.22 W;3, 0 %, 3 MiB, 7.61 W; @1786717950
0, 99 %, 32024 MiB, 567.30 W;1, 0 %, 3 MiB, 23.44 W;2, 0 %, 3 MiB, 12.18 W;3, 0 %, 3 MiB, 7.61 W; @1786717953
0, 99 %, 32024 MiB, 554.61 W;1, 0 %, 3 MiB, 22.84 W;2, 0 %, 3 MiB, 12.32 W;3, 0 %, 3 MiB, 7.70 W; @1786717956
0, 99 %, 32024 MiB, 556.04 W;1, 0 %, 3 MiB, 22.68 W;2, 0 %, 3 MiB, 12.31 W;3, 0 %, 3 MiB, 8.08 W; @1786717959
0, 4 %, 22710 MiB, 111.50 W;1, 0 %, 3 MiB, 22.89 W;2, 0 %, 3 MiB, 12.48 W;3, 0 %, 3 MiB, 7.20 W; @1786717962
0, 100 %, 23644 MiB, 510.79 W;1, 0 %, 3 MiB, 23.11 W;2, 0 %, 3 MiB, 12.29 W;3, 0 %, 3 MiB, 6.81 W; @1786717965
0, 25 %, 23646 MiB, 197.68 W;1, 0 %, 3 MiB, 23.67 W;2, 0 %, 3 MiB, 13.62 W;3, 0 %, 3 MiB, 9.30 W; @1786717968
0, 25 %, 23646 MiB, 217.20 W;1, 0 %, 3 MiB, 23.22 W;2, 0 %, 3 MiB, 13.66 W;3, 0 %, 3 MiB, 9.52 W; @1786717971
0, 16 %, 23646 MiB, 143.94 W;1, 0 %, 3 MiB, 22.33 W;2, 0 %, 3 MiB, 12.52 W;3, 0 %, 3 MiB, 7.72 W; @1786717974
0, 24 %, 23646 MiB, 162.82 W;1, 0 %, 3 MiB, 23.41 W;2, 0 %, 3 MiB, 12.67 W;3, 0 %, 3 MiB, 7.45 W; @1786717978
0, 23 %, 23646 MiB, 155.40 W;1, 0 %, 3 MiB, 23.05 W;2, 0 %, 3 MiB, 12.94 W;3, 0 %, 3 MiB, 8.35 W; @1786717981
0, 99 %, 25832 MiB, 214.71 W;1, 0 %, 3 MiB, 23.03 W;2, 0 %, 3 MiB, 12.55 W;3, 0 %, 3 MiB, 7.76 W; @1786717984
0, 99 %, 25832 MiB, 551.72 W;1, 0 %, 3 MiB, 23.05 W;2, 0 %, 3 MiB, 12.33 W;3, 0 %, 3 MiB, 8.24 W; @1786717987
0, 98 %, 25832 MiB, 553.28 W;1, 0 %, 3 MiB, 23.26 W;2, 0 %, 3 MiB, 12.47 W;3, 0 %, 3 MiB, 8.21 W; @1786717990
0, 98 %, 25832 MiB, 552.92 W;1, 0 %, 3 MiB, 23.34 W;2, 0 %, 3 MiB, 12.46 W;3, 0 %, 3 MiB, 8.24 W; @1786717993
0, 99 %, 25832 MiB, 554.23 W;1, 0 %, 3 MiB, 22.92 W;2, 0 %, 3 MiB, 12.44 W;3, 0 %, 3 MiB, 8.11 W; @1786717996
0, 98 %, 25832 MiB, 558.32 W;1, 0 %, 3 MiB, 23.22 W;2, 0 %, 3 MiB, 12.26 W;3, 0 %, 3 MiB, 7.94 W; @1786717999
0, 98 %, 25832 MiB, 560.80 W;1, 0 %, 3 MiB, 22.62 W;2, 0 %, 3 MiB, 12.39 W;3, 0 %, 3 MiB, 7.90 W; @1786718002
0, 99 %, 25832 MiB, 562.08 W;1, 0 %, 3 MiB, 22.36 W;2, 0 %, 3 MiB, 12.34 W;3, 0 %, 3 MiB, 7.68 W; @1786718006
0, 99 %, 25832 MiB, 564.18 W;1, 0 %, 3 MiB, 22.98 W;2, 0 %, 3 MiB, 12.35 W;3, 0 %, 3 MiB, 7.65 W; @1786718009
0, 99 %, 29952 MiB, 566.64 W;1, 0 %, 3 MiB, 23.11 W;2, 0 %, 3 MiB, 12.22 W;3, 0 %, 3 MiB, 7.47 W; @1786718012
0, 99 %, 30230 MiB, 547.04 W;1, 0 %, 3 MiB, 23.28 W;2, 0 %, 3 MiB, 12.06 W;3, 0 %, 3 MiB, 7.95 W; @1786718015
0, 98 %, 30390 MiB, 555.73 W;1, 0 %, 3 MiB, 23.02 W;2, 0 %, 3 MiB, 12.48 W;3, 0 %, 3 MiB, 7.91 W; @1786718018
0, 98 %, 30392 MiB, 566.22 W;1, 0 %, 3 MiB, 23.01 W;2, 0 %, 3 MiB, 12.58 W;3, 0 %, 3 MiB, 8.00 W; @1786718021
0, 99 %, 30552 MiB, 573.45 W;1, 0 %, 3 MiB, 23.05 W;2, 0 %, 3 MiB, 12.10 W;3, 0 %, 3 MiB, 7.94 W; @1786718024
0, 99 %, 30772 MiB, 573.42 W;1, 0 %, 3 MiB, 22.95 W;2, 0 %, 3 MiB, 12.16 W;3, 0 %, 3 MiB, 7.95 W; @1786718028
0, 99 %, 30912 MiB, 574.96 W;1, 0 %, 3 MiB, 23.34 W;2, 0 %, 3 MiB, 12.01 W;3, 0 %, 3 MiB, 7.56 W; @1786718031
0, 99 %, 31072 MiB, 549.37 W;1, 0 %, 3 MiB, 22.62 W;2, 0 %, 3 MiB, 12.15 W;3, 0 %, 3 MiB, 8.10 W; @1786718034
0, 100 %, 31212 MiB, 552.60 W;1, 0 %, 3 MiB, 23.26 W;2, 0 %, 3 MiB, 12.15 W;3, 0 %, 3 MiB, 8.04 W; @1786718037
0, 0 %, 31212 MiB, 348.22 W;1, 0 %, 3 MiB, 23.25 W;2, 0 %, 3 MiB, 12.20 W;3, 0 %, 3 MiB, 8.09 W; @1786718040
0, 99 %, 31372 MiB, 575.77 W;1, 0 %, 3 MiB, 22.72 W;2, 0 %, 3 MiB, 12.39 W;3, 0 %, 3 MiB, 7.76 W; @1786718043
0, 99 %, 31532 MiB, 575.38 W;1, 0 %, 3 MiB, 23.49 W;2, 0 %, 3 MiB, 12.27 W;3, 0 %, 3 MiB, 7.87 W; @1786718046
0, 99 %, 31672 MiB, 575.15 W;1, 0 %, 3 MiB, 23.22 W;2, 0 %, 3 MiB, 12.15 W;3, 0 %, 3 MiB, 7.86 W; @1786718050
0, 99 %, 31732 MiB, 552.18 W;1, 0 %, 3 MiB, 23.09 W;2, 0 %, 3 MiB, 12.31 W;3, 0 %, 3 MiB, 7.99 W; @1786718053
0, 2 %, 23854 MiB, 114.09 W;1, 0 %, 3 MiB, 22.82 W;2, 0 %, 3 MiB, 12.15 W;3, 0 %, 3 MiB, 6.77 W; @1786718056
0, 0 %, 22710 MiB, 72.79 W;1, 0 %, 3 MiB, 22.80 W;2, 0 %, 3 MiB, 11.91 W;3, 0 %, 3 MiB, 6.07 W; @1786718059
0, 0 %, 22710 MiB, 71.13 W;1, 0 %, 3 MiB, 22.35 W;2, 0 %, 3 MiB, 11.98 W;3, 0 %, 3 MiB, 6.05 W; @1786718062
0, 100 %, 23658 MiB, 458.83 W;1, 0 %, 3 MiB, 23.24 W;2, 0 %, 3 MiB, 12.09 W;3, 0 %, 3 MiB, 6.78 W; @1786718065
0, 23 %, 23660 MiB, 192.89 W;1, 0 %, 3 MiB, 23.65 W;2, 0 %, 3 MiB, 13.90 W;3, 0 %, 3 MiB, 9.53 W; @1786718069
0, 31 %, 23660 MiB, 200.62 W;1, 0 %, 3 MiB, 23.56 W;2, 0 %, 3 MiB, 13.95 W;3, 0 %, 3 MiB, 9.48 W; @1786718072
0, 21 %, 23660 MiB, 201.53 W;1, 0 %, 3 MiB, 23.86 W;2, 0 %, 3 MiB, 13.73 W;3, 0 %, 3 MiB, 9.25 W; @1786718075
0, 21 %, 23660 MiB, 167.76 W;1, 0 %, 3 MiB, 24.13 W;2, 0 %, 3 MiB, 13.48 W;3, 0 %, 3 MiB, 9.01 W; @1786718078
0, 21 %, 23660 MiB, 184.50 W;1, 0 %, 3 MiB, 23.93 W;2, 0 %, 3 MiB, 13.45 W;3, 0 %, 3 MiB, 8.94 W; @1786718081
0, 22 %, 23660 MiB, 161.68 W;1, 0 %, 3 MiB, 23.16 W;2, 0 %, 3 MiB, 12.86 W;3, 0 %, 3 MiB, 8.59 W; @1786718084
0, 12 %, 23660 MiB, 137.62 W;1, 0 %, 3 MiB, 22.93 W;2, 0 %, 3 MiB, 12.81 W;3, 0 %, 3 MiB, 8.25 W; @1786718087
0, 13 %, 23660 MiB, 133.88 W;1, 0 %, 3 MiB, 23.03 W;2, 0 %, 3 MiB, 12.33 W;3, 0 %, 3 MiB, 7.69 W; @1786718091
0, 98 %, 25206 MiB, 534.77 W;1, 0 %, 3 MiB, 22.88 W;2, 0 %, 3 MiB, 12.63 W;3, 0 %, 3 MiB, 8.19 W; @1786718094
0, 99 %, 25666 MiB, 548.97 W;1, 0 %, 3 MiB, 22.88 W;2, 0 %, 3 MiB, 12.51 W;3, 0 %, 3 MiB, 8.12 W; @1786718097
0, 99 %, 25686 MiB, 546.53 W;1, 0 %, 3 MiB, 23.04 W;2, 0 %, 3 MiB, 12.41 W;3, 0 %, 3 MiB, 8.48 W; @1786718100
0, 98 %, 25686 MiB, 547.96 W;1, 0 %, 3 MiB, 22.49 W;2, 0 %, 3 MiB, 12.45 W;3, 0 %, 3 MiB, 8.36 W; @1786718103
0, 98 %, 25686 MiB, 540.85 W;1, 0 %, 3 MiB, 22.26 W;2, 0 %, 3 MiB, 12.52 W;3, 0 %, 3 MiB, 7.90 W; @1786718106
0, 98 %, 25686 MiB, 559.10 W;1, 0 %, 3 MiB, 22.50 W;2, 0 %, 3 MiB, 12.66 W;3, 0 %, 3 MiB, 7.93 W; @1786718109
0, 99 %, 25686 MiB, 563.09 W;1, 0 %, 3 MiB, 22.82 W;2, 0 %, 3 MiB, 12.56 W;3, 0 %, 3 MiB, 7.93 W; @1786718113
0, 99 %, 25686 MiB, 560.73 W;1, 0 %, 3 MiB, 23.06 W;2, 0 %, 3 MiB, 12.64 W;3, 0 %, 3 MiB, 8.12 W; @1786718116
0, 100 %, 25686 MiB, 565.93 W;1, 0 %, 3 MiB, 23.51 W;2, 0 %, 3 MiB, 12.31 W;3, 0 %, 3 MiB, 8.05 W; @1786718119
0, 88 %, 29366 MiB, 465.02 W;1, 0 %, 3 MiB, 23.33 W;2, 0 %, 3 MiB, 12.55 W;3, 0 %, 3 MiB, 9.00 W; @1786718122
0, 99 %, 29782 MiB, 545.11 W;1, 0 %, 3 MiB, 22.96 W;2, 0 %, 3 MiB, 12.82 W;3, 0 %, 3 MiB, 9.53 W; @1786718125
0, 99 %, 30642 MiB, 572.25 W;1, 0 %, 3 MiB, 23.14 W;2, 0 %, 3 MiB, 12.81 W;3, 0 %, 3 MiB, 8.79 W; @1786718128
0, 99 %, 30942 MiB, 567.93 W;1, 0 %, 3 MiB, 22.88 W;2, 0 %, 3 MiB, 12.27 W;3, 0 %, 3 MiB, 7.72 W; @1786718131
0, 99 %, 31102 MiB, 574.94 W;1, 0 %, 3 MiB, 23.19 W;2, 0 %, 3 MiB, 12.40 W;3, 0 %, 3 MiB, 8.90 W; @1786718134
0, 99 %, 31282 MiB, 550.80 W;1, 0 %, 3 MiB, 22.48 W;2, 0 %, 3 MiB, 12.48 W;3, 0 %, 3 MiB, 8.77 W; @1786718137
0, 99 %, 31362 MiB, 549.72 W;1, 0 %, 3 MiB, 23.26 W;2, 0 %, 3 MiB, 12.61 W;3, 0 %, 3 MiB, 7.96 W; @1786718141
0, 99 %, 31362 MiB, 567.50 W;1, 0 %, 3 MiB, 22.41 W;2, 0 %, 3 MiB, 12.39 W;3, 0 %, 3 MiB, 7.98 W; @1786718144
0, 99 %, 31622 MiB, 574.50 W;1, 0 %, 3 MiB, 22.75 W;2, 0 %, 3 MiB, 12.31 W;3, 0 %, 3 MiB, 8.76 W; @1786718147
0, 99 %, 31782 MiB, 574.23 W;1, 0 %, 3 MiB, 22.59 W;2, 0 %, 3 MiB, 12.35 W;3, 0 %, 3 MiB, 8.76 W; @1786718150
0, 99 %, 31842 MiB, 552.65 W;1, 0 %, 3 MiB, 22.66 W;2, 0 %, 3 MiB, 12.65 W;3, 0 %, 3 MiB, 7.74 W; @1786718153
0, 84 %, 31842 MiB, 568.38 W;1, 0 %, 3 MiB, 23.05 W;2, 0 %, 3 MiB, 12.18 W;3, 0 %, 3 MiB, 7.53 W; @1786718156
0, 99 %, 32002 MiB, 574.51 W;1, 0 %, 3 MiB, 23.34 W;2, 0 %, 3 MiB, 12.61 W;3, 0 %, 3 MiB, 8.97 W; @1786718159
0, 99 %, 32042 MiB, 570.39 W;1, 0 %, 3 MiB, 22.45 W;2, 0 %, 3 MiB, 12.43 W;3, 0 %, 3 MiB, 8.77 W; @1786718162
0, 87 %, 32044 MiB, 549.38 W;1, 0 %, 3 MiB, 22.95 W;2, 0 %, 3 MiB, 12.99 W;3, 0 %, 3 MiB, 8.55 W; @1786718165
0, 99 %, 32044 MiB, 556.52 W;1, 0 %, 3 MiB, 23.04 W;2, 0 %, 3 MiB, 12.62 W;3, 0 %, 3 MiB, 7.68 W; @1786718169
0, 0 %, 22710 MiB, 110.89 W;1, 0 %, 3 MiB, 23.69 W;2, 0 %, 3 MiB, 12.39 W;3, 0 %, 3 MiB, 6.23 W; @1786718172
0, 26 %, 23686 MiB, 491.10 W;1, 0 %, 3 MiB, 23.62 W;2, 0 %, 3 MiB, 12.02 W;3, 0 %, 3 MiB, 7.57 W; @1786718175
0, 25 %, 23688 MiB, 203.13 W;1, 0 %, 3 MiB, 23.14 W;2, 0 %, 3 MiB, 13.71 W;3, 0 %, 3 MiB, 9.09 W; @1786718178
0, 22 %, 23688 MiB, 187.61 W;1, 0 %, 3 MiB, 23.08 W;2, 0 %, 3 MiB, 13.44 W;3, 0 %, 3 MiB, 8.05 W; @1786718181
0, 24 %, 23688 MiB, 187.21 W;1, 0 %, 3 MiB, 22.95 W;2, 0 %, 3 MiB, 13.50 W;3, 0 %, 3 MiB, 8.46 W; @1786718184
0, 20 %, 23688 MiB, 181.73 W;1, 0 %, 3 MiB, 23.41 W;2, 0 %, 3 MiB, 13.01 W;3, 0 %, 3 MiB, 7.86 W; @1786718187
0, 17 %, 23688 MiB, 151.64 W;1, 0 %, 3 MiB, 23.02 W;2, 0 %, 3 MiB, 12.69 W;3, 0 %, 3 MiB, 7.32 W; @1786718190
0, 16 %, 23688 MiB, 147.48 W;1, 0 %, 3 MiB, 23.50 W;2, 0 %, 3 MiB, 12.59 W;3, 0 %, 3 MiB, 7.43 W; @1786718193
0, 16 %, 23688 MiB, 146.10 W;1, 0 %, 3 MiB, 23.44 W;2, 0 %, 3 MiB, 12.50 W;3, 0 %, 3 MiB, 7.77 W; @1786718197
0, 16 %, 23688 MiB, 149.88 W;1, 0 %, 3 MiB, 23.06 W;2, 0 %, 3 MiB, 12.68 W;3, 0 %, 3 MiB, 7.83 W; @1786718200
0, 16 %, 23688 MiB, 152.78 W;1, 0 %, 3 MiB, 23.25 W;2, 0 %, 3 MiB, 13.12 W;3, 0 %, 3 MiB, 7.54 W; @1786718203
0, 16 %, 23688 MiB, 145.90 W;1, 0 %, 3 MiB, 23.06 W;2, 0 %, 3 MiB, 12.81 W;3, 0 %, 3 MiB, 7.49 W; @1786718206
0, 16 %, 23688 MiB, 144.35 W;1, 0 %, 3 MiB, 23.54 W;2, 0 %, 3 MiB, 12.61 W;3, 0 %, 3 MiB, 7.41 W; @1786718209
0, 15 %, 23688 MiB, 135.84 W;1, 0 %, 3 MiB, 23.70 W;2, 0 %, 3 MiB, 12.52 W;3, 0 %, 3 MiB, 8.07 W; @1786718212
0, 100 %, 25854 MiB, 537.60 W;1, 0 %, 3 MiB, 23.49 W;2, 0 %, 3 MiB, 12.21 W;3, 0 %, 3 MiB, 8.07 W; @1786718215
0, 99 %, 25854 MiB, 546.39 W;1, 0 %, 3 MiB, 22.76 W;2, 0 %, 3 MiB, 12.51 W;3, 0 %, 3 MiB, 8.03 W; @1786718218
0, 88 %, 25854 MiB, 547.81 W;1, 0 %, 3 MiB, 22.90 W;2, 0 %, 3 MiB, 12.36 W;3, 0 %, 3 MiB, 7.86 W; @1786718221
0, 98 %, 25854 MiB, 546.24 W;1, 0 %, 3 MiB, 23.26 W;2, 0 %, 3 MiB, 12.38 W;3, 0 %, 3 MiB, 9.13 W; @1786718225
0, 100 %, 25854 MiB, 555.84 W;1, 0 %, 3 MiB, 23.04 W;2, 0 %, 3 MiB, 12.49 W;3, 0 %, 3 MiB, 9.26 W; @1786718228
0, 99 %, 25854 MiB, 560.89 W;1, 0 %, 3 MiB, 23.60 W;2, 0 %, 3 MiB, 12.28 W;3, 0 %, 3 MiB, 7.59 W; @1786718231
0, 98 %, 25854 MiB, 561.85 W;1, 0 %, 3 MiB, 23.11 W;2, 0 %, 3 MiB, 12.41 W;3, 0 %, 3 MiB, 7.85 W; @1786718234
0, 99 %, 25854 MiB, 560.20 W;1, 0 %, 3 MiB, 23.66 W;2, 0 %, 3 MiB, 12.47 W;3, 0 %, 3 MiB, 8.94 W; @1786718237
0, 99 %, 25854 MiB, 562.76 W;1, 0 %, 3 MiB, 22.89 W;2, 0 %, 3 MiB, 12.16 W;3, 0 %, 3 MiB, 8.71 W; @1786718240
0, 99 %, 30158 MiB, 570.73 W;1, 0 %, 3 MiB, 23.17 W;2, 0 %, 3 MiB, 12.30 W;3, 0 %, 3 MiB, 7.60 W; @1786718243
0, 93 %, 30692 MiB, 545.04 W;1, 0 %, 3 MiB, 23.34 W;2, 0 %, 3 MiB, 12.38 W;3, 0 %, 3 MiB, 7.94 W; @1786718246
0, 98 %, 30694 MiB, 564.24 W;1, 0 %, 3 MiB, 23.47 W;2, 0 %, 3 MiB, 12.27 W;3, 0 %, 3 MiB, 8.77 W; @1786718249
0, 99 %, 30854 MiB, 565.72 W;1, 0 %, 3 MiB, 23.83 W;2, 0 %, 3 MiB, 12.14 W;3, 0 %, 3 MiB, 8.72 W; @1786718253
0, 99 %, 31014 MiB, 570.73 W;1, 0 %, 3 MiB, 23.08 W;2, 0 %, 3 MiB, 12.17 W;3, 0 %, 3 MiB, 7.89 W; @1786718256
0, 99 %, 31214 MiB, 567.48 W;1, 0 %, 3 MiB, 22.99 W;2, 0 %, 3 MiB, 12.62 W;3, 0 %, 3 MiB, 8.07 W; @1786718259
0, 99 %, 31454 MiB, 551.56 W;1, 0 %, 3 MiB, 23.65 W;2, 0 %, 3 MiB, 12.45 W;3, 0 %, 3 MiB, 9.15 W; @1786718262
0, 98 %, 31454 MiB, 569.07 W;1, 0 %, 3 MiB, 23.94 W;2, 0 %, 3 MiB, 12.43 W;3, 0 %, 3 MiB, 9.09 W; @1786718265
0, 99 %, 31614 MiB, 568.18 W;1, 0 %, 3 MiB, 23.62 W;2, 0 %, 3 MiB, 12.44 W;3, 0 %, 3 MiB, 7.64 W; @1786718268
0, 99 %, 31694 MiB, 574.14 W;1, 0 %, 3 MiB, 22.82 W;2, 0 %, 3 MiB, 12.13 W;3, 0 %, 3 MiB, 7.47 W; @1786718271
0, 88 %, 31834 MiB, 546.91 W;1, 0 %, 3 MiB, 22.78 W;2, 0 %, 3 MiB, 12.05 W;3, 0 %, 3 MiB, 7.27 W; @1786718274
0, 98 %, 31834 MiB, 569.91 W;1, 0 %, 3 MiB, 23.22 W;2, 0 %, 3 MiB, 12.28 W;3, 0 %, 3 MiB, 8.50 W; @1786718277
0, 99 %, 31994 MiB, 569.58 W;1, 0 %, 3 MiB, 23.25 W;2, 0 %, 3 MiB, 12.45 W;3, 0 %, 3 MiB, 8.81 W; @1786718281
0, 99 %, 32014 MiB, 575.60 W;1, 0 %, 3 MiB, 23.16 W;2, 0 %, 3 MiB, 12.18 W;3, 0 %, 3 MiB, 7.77 W; @1786718284
0, 99 %, 32050 MiB, 575.47 W;1, 0 %, 3 MiB, 22.77 W;2, 0 %, 3 MiB, 12.40 W;3, 0 %, 3 MiB, 8.04 W; @1786718287
0, 0 %, 22710 MiB, 109.46 W;1, 0 %, 3 MiB, 23.81 W;2, 0 %, 3 MiB, 12.09 W;3, 0 %, 3 MiB, 6.90 W; @1786718290
0, 25 %, 23358 MiB, 360.94 W;1, 0 %, 3 MiB, 23.37 W;2, 0 %, 3 MiB, 12.78 W;3, 0 %, 3 MiB, 8.15 W; @1786718293
0, 35 %, 23360 MiB, 214.84 W;1, 0 %, 3 MiB, 23.99 W;2, 0 %, 3 MiB, 13.95 W;3, 0 %, 3 MiB, 9.20 W; @1786718296
0, 23 %, 23360 MiB, 216.09 W;1, 0 %, 3 MiB, 23.71 W;2, 0 %, 3 MiB, 13.90 W;3, 0 %, 3 MiB, 9.60 W; @1786718299
0, 20 %, 23360 MiB, 177.21 W;1, 0 %, 3 MiB, 23.70 W;2, 0 %, 3 MiB, 13.34 W;3, 0 %, 3 MiB, 9.04 W; @1786718302
0, 24 %, 23360 MiB, 177.42 W;1, 0 %, 3 MiB, 24.05 W;2, 0 %, 3 MiB, 13.32 W;3, 0 %, 3 MiB, 8.11 W; @1786718305
0, 29 %, 23360 MiB, 177.08 W;1, 0 %, 3 MiB, 23.38 W;2, 0 %, 3 MiB, 13.36 W;3, 0 %, 3 MiB, 8.37 W; @1786718309
0, 14 %, 23360 MiB, 146.83 W;1, 0 %, 3 MiB, 23.67 W;2, 0 %, 3 MiB, 12.60 W;3, 0 %, 3 MiB, 8.35 W; @1786718312
0, 99 %, 25486 MiB, 539.65 W;1, 0 %, 3 MiB, 23.60 W;2, 0 %, 3 MiB, 12.76 W;3, 0 %, 3 MiB, 7.70 W; @1786718315
0, 99 %, 25486 MiB, 552.72 W;1, 0 %, 3 MiB, 22.86 W;2, 0 %, 3 MiB, 12.38 W;3, 0 %, 3 MiB, 7.77 W; @1786718318
0, 98 %, 25486 MiB, 554.90 W;1, 0 %, 3 MiB, 23.61 W;2, 0 %, 3 MiB, 12.60 W;3, 0 %, 3 MiB, 9.29 W; @1786718321
0, 98 %, 25486 MiB, 558.60 W;1, 0 %, 3 MiB, 23.40 W;2, 0 %, 3 MiB, 12.34 W;3, 0 %, 3 MiB, 9.02 W; @1786718324
0, 98 %, 25486 MiB, 557.30 W;1, 0 %, 3 MiB, 24.25 W;2, 0 %, 3 MiB, 12.32 W;3, 0 %, 3 MiB, 9.09 W; @1786718327
0, 100 %, 25486 MiB, 561.98 W;1, 0 %, 3 MiB, 23.54 W;2, 0 %, 3 MiB, 12.10 W;3, 0 %, 3 MiB, 7.81 W; @1786718330
0, 100 %, 25486 MiB, 565.04 W;1, 0 %, 3 MiB, 24.30 W;2, 0 %, 3 MiB, 12.02 W;3, 0 %, 3 MiB, 7.48 W; @1786718333
0, 99 %, 25486 MiB, 564.24 W;1, 0 %, 3 MiB, 23.22 W;2, 0 %, 3 MiB, 11.99 W;3, 0 %, 3 MiB, 7.45 W; @1786718337
0, 99 %, 25486 MiB, 562.42 W;1, 0 %, 3 MiB, 23.67 W;2, 0 %, 3 MiB, 12.02 W;3, 0 %, 3 MiB, 7.93 W; @1786718340
0, 99 %, 29842 MiB, 568.95 W;1, 0 %, 3 MiB, 23.24 W;2, 0 %, 3 MiB, 12.04 W;3, 0 %, 3 MiB, 7.45 W; @1786718343
0, 99 %, 30106 MiB, 550.99 W;1, 0 %, 3 MiB, 23.02 W;2, 0 %, 3 MiB, 12.05 W;3, 0 %, 3 MiB, 7.69 W; @1786718346
0, 98 %, 30426 MiB, 570.67 W;1, 0 %, 3 MiB, 23.65 W;2, 0 %, 3 MiB, 12.44 W;3, 0 %, 3 MiB, 8.94 W; @1786718349
0, 99 %, 30426 MiB, 569.93 W;1, 0 %, 3 MiB, 23.17 W;2, 0 %, 3 MiB, 12.46 W;3, 0 %, 3 MiB, 8.83 W; @1786718352
0, 99 %, 30486 MiB, 575.56 W;1, 0 %, 3 MiB, 23.31 W;2, 0 %, 3 MiB, 12.22 W;3, 0 %, 3 MiB, 8.02 W; @1786718355
0, 99 %, 30766 MiB, 572.09 W;1, 0 %, 3 MiB, 23.32 W;2, 0 %, 3 MiB, 11.99 W;3, 0 %, 3 MiB, 7.15 W; @1786718358
0, 93 %, 31066 MiB, 553.15 W;1, 0 %, 3 MiB, 22.91 W;2, 0 %, 3 MiB, 12.08 W;3, 0 %, 3 MiB, 7.55 W; @1786718361
0, 98 %, 31066 MiB, 563.05 W;1, 0 %, 3 MiB, 22.99 W;2, 0 %, 3 MiB, 12.03 W;3, 0 %, 3 MiB, 7.46 W; @1786718365
0, 98 %, 31166 MiB, 571.27 W;1, 0 %, 3 MiB, 23.14 W;2, 0 %, 3 MiB, 12.12 W;3, 0 %, 3 MiB, 7.57 W; @1786718368
0, 99 %, 31206 MiB, 575.39 W;1, 0 %, 3 MiB, 22.87 W;2, 0 %, 3 MiB, 12.07 W;3, 0 %, 3 MiB, 7.72 W; @1786718371
0, 99 %, 31306 MiB, 553.77 W;1, 0 %, 3 MiB, 22.88 W;2, 0 %, 3 MiB, 12.04 W;3, 0 %, 3 MiB, 7.17 W; @1786718374
0, 100 %, 31446 MiB, 562.61 W;1, 0 %, 3 MiB, 23.51 W;2, 0 %, 3 MiB, 12.01 W;3, 0 %, 3 MiB, 7.60 W; @1786718377
0, 99 %, 31446 MiB, 571.61 W;1, 0 %, 3 MiB, 24.14 W;2, 0 %, 3 MiB, 11.92 W;3, 0 %, 3 MiB, 7.25 W; @1786718380
0, 99 %, 31606 MiB, 575.04 W;1, 0 %, 3 MiB, 23.42 W;2, 0 %, 3 MiB, 12.01 W;3, 0 %, 3 MiB, 7.29 W; @1786718383
0, 99 %, 31826 MiB, 575.12 W;1, 0 %, 3 MiB, 23.29 W;2, 0 %, 3 MiB, 12.32 W;3, 0 %, 3 MiB, 8.52 W; @1786718386
0, 0 %, 22710 MiB, 95.05 W;1, 0 %, 3 MiB, 23.55 W;2, 0 %, 3 MiB, 11.69 W;3, 0 %, 3 MiB, 7.60 W; @1786718390
0, 26 %, 23612 MiB, 209.16 W;1, 0 %, 3 MiB, 23.84 W;2, 0 %, 3 MiB, 12.00 W;3, 0 %, 3 MiB, 8.91 W; @1786718393
0, 46 %, 23614 MiB, 217.58 W;1, 0 %, 3 MiB, 23.80 W;2, 0 %, 3 MiB, 13.49 W;3, 0 %, 3 MiB, 9.06 W; @1786718396
0, 25 %, 23614 MiB, 226.09 W;1, 0 %, 3 MiB, 23.38 W;2, 0 %, 3 MiB, 13.48 W;3, 0 %, 3 MiB, 9.06 W; @1786718399
0, 31 %, 23614 MiB, 181.96 W;1, 0 %, 3 MiB, 23.74 W;2, 0 %, 3 MiB, 12.70 W;3, 0 %, 3 MiB, 8.11 W; @1786718402
0, 24 %, 23614 MiB, 184.44 W;1, 0 %, 3 MiB, 23.58 W;2, 0 %, 3 MiB, 13.07 W;3, 0 %, 3 MiB, 8.69 W; @1786718405
0, 24 %, 23614 MiB, 176.56 W;1, 0 %, 3 MiB, 23.24 W;2, 0 %, 3 MiB, 12.58 W;3, 0 %, 3 MiB, 8.72 W; @1786718408
0, 18 %, 23614 MiB, 155.38 W;1, 0 %, 3 MiB, 23.05 W;2, 0 %, 3 MiB, 12.38 W;3, 0 %, 3 MiB, 8.69 W; @1786718411
0, 16 %, 23614 MiB, 149.08 W;1, 0 %, 3 MiB, 23.51 W;2, 0 %, 3 MiB, 12.40 W;3, 0 %, 3 MiB, 7.34 W; @1786718414
0, 19 %, 23614 MiB, 146.75 W;1, 0 %, 3 MiB, 23.44 W;2, 0 %, 3 MiB, 12.74 W;3, 0 %, 3 MiB, 8.02 W; @1786718418
0, 24 %, 23614 MiB, 153.84 W;1, 0 %, 3 MiB, 23.36 W;2, 0 %, 3 MiB, 12.41 W;3, 0 %, 3 MiB, 8.14 W; @1786718421
0, 16 %, 23614 MiB, 145.61 W;1, 0 %, 3 MiB, 23.69 W;2, 0 %, 3 MiB, 12.54 W;3, 0 %, 3 MiB, 7.90 W; @1786718424
0, 17 %, 23614 MiB, 149.47 W;1, 0 %, 3 MiB, 22.99 W;2, 0 %, 3 MiB, 12.59 W;3, 0 %, 3 MiB, 7.55 W; @1786718427
0, 17 %, 23614 MiB, 152.96 W;1, 0 %, 3 MiB, 22.98 W;2, 0 %, 3 MiB, 12.63 W;3, 0 %, 3 MiB, 8.12 W; @1786718430
0, 17 %, 23614 MiB, 145.41 W;1, 0 %, 3 MiB, 23.16 W;2, 0 %, 3 MiB, 12.41 W;3, 0 %, 3 MiB, 8.06 W; @1786718433
0, 14 %, 23614 MiB, 135.01 W;1, 0 %, 3 MiB, 23.45 W;2, 0 %, 3 MiB, 12.43 W;3, 0 %, 3 MiB, 7.84 W; @1786718436
0, 15 %, 23614 MiB, 142.94 W;1, 0 %, 3 MiB, 23.72 W;2, 0 %, 3 MiB, 12.25 W;3, 0 %, 3 MiB, 7.23 W; @1786718439
0, 98 %, 25640 MiB, 538.64 W;1, 0 %, 3 MiB, 23.45 W;2, 0 %, 3 MiB, 12.75 W;3, 0 %, 3 MiB, 8.48 W; @1786718442
0, 88 %, 25640 MiB, 543.16 W;1, 0 %, 3 MiB, 23.53 W;2, 0 %, 3 MiB, 12.53 W;3, 0 %, 3 MiB, 9.27 W; @1786718446
0, 99 %, 25640 MiB, 545.78 W;1, 0 %, 3 MiB, 23.19 W;2, 0 %, 3 MiB, 12.41 W;3, 0 %, 3 MiB, 7.97 W; @1786718449
0, 98 %, 25640 MiB, 545.84 W;1, 0 %, 3 MiB, 23.01 W;2, 0 %, 3 MiB, 12.29 W;3, 0 %, 3 MiB, 7.96 W; @1786718452
0, 98 %, 25640 MiB, 548.41 W;1, 0 %, 3 MiB, 22.95 W;2, 0 %, 3 MiB, 12.58 W;3, 0 %, 3 MiB, 9.22 W; @1786718455
0, 99 %, 25640 MiB, 564.28 W;1, 0 %, 3 MiB, 22.79 W;2, 0 %, 3 MiB, 12.27 W;3, 0 %, 3 MiB, 9.28 W; @1786718458
0, 99 %, 25640 MiB, 561.60 W;1, 0 %, 3 MiB, 23.27 W;2, 0 %, 3 MiB, 11.99 W;3, 0 %, 3 MiB, 8.15 W; @1786718461
0, 99 %, 25640 MiB, 562.17 W;1, 0 %, 3 MiB, 22.24 W;2, 0 %, 3 MiB, 12.15 W;3, 0 %, 3 MiB, 8.11 W; @1786718464
0, 98 %, 25640 MiB, 562.06 W;1, 0 %, 3 MiB, 22.37 W;2, 0 %, 3 MiB, 12.32 W;3, 0 %, 3 MiB, 8.15 W; @1786718467
0, 88 %, 29700 MiB, 540.00 W;1, 0 %, 3 MiB, 23.47 W;2, 0 %, 3 MiB, 12.06 W;3, 0 %, 3 MiB, 9.14 W; @1786718471
0, 98 %, 29998 MiB, 550.52 W;1, 0 %, 3 MiB, 23.15 W;2, 0 %, 3 MiB, 12.53 W;3, 0 %, 3 MiB, 9.11 W; @1786718474
0, 99 %, 30538 MiB, 549.59 W;1, 0 %, 3 MiB, 23.48 W;2, 0 %, 3 MiB, 12.59 W;3, 0 %, 3 MiB, 8.05 W; @1786718477
0, 99 %, 30538 MiB, 563.71 W;1, 0 %, 3 MiB, 23.25 W;2, 0 %, 3 MiB, 12.15 W;3, 0 %, 3 MiB, 8.33 W; @1786718480
0, 99 %, 30780 MiB, 571.66 W;1, 0 %, 3 MiB, 22.92 W;2, 0 %, 3 MiB, 12.21 W;3, 0 %, 3 MiB, 9.05 W; @1786718483
0, 99 %, 30960 MiB, 574.26 W;1, 0 %, 3 MiB, 23.21 W;2, 0 %, 3 MiB, 12.28 W;3, 0 %, 3 MiB, 9.02 W; @1786718486
0, 99 %, 31300 MiB, 557.24 W;1, 0 %, 3 MiB, 22.99 W;2, 0 %, 3 MiB, 11.99 W;3, 0 %, 3 MiB, 7.81 W; @1786718489
0, 98 %, 31500 MiB, 559.60 W;1, 0 %, 3 MiB, 22.67 W;2, 0 %, 3 MiB, 12.05 W;3, 0 %, 3 MiB, 7.66 W; @1786718492
0, 99 %, 31560 MiB, 568.81 W;1, 0 %, 3 MiB, 22.56 W;2, 0 %, 3 MiB, 12.31 W;3, 0 %, 3 MiB, 7.91 W; @1786718495
0, 99 %, 31720 MiB, 575.25 W;1, 0 %, 3 MiB, 22.90 W;2, 0 %, 3 MiB, 12.32 W;3, 0 %, 3 MiB, 8.80 W; @1786718498
0, 100 %, 31780 MiB, 549.73 W;1, 0 %, 3 MiB, 22.90 W;2, 0 %, 3 MiB, 11.88 W;3, 0 %, 3 MiB, 8.78 W; @1786718502
0, 99 %, 31860 MiB, 560.37 W;1, 0 %, 3 MiB, 22.78 W;2, 0 %, 3 MiB, 12.08 W;3, 0 %, 3 MiB, 8.12 W; @1786718505
0, 98 %, 31860 MiB, 569.28 W;1, 0 %, 3 MiB, 22.85 W;2, 0 %, 3 MiB, 11.98 W;3, 0 %, 3 MiB, 7.97 W; @1786718508
0, 99 %, 32000 MiB, 574.80 W;1, 0 %, 3 MiB, 23.25 W;2, 0 %, 3 MiB, 12.09 W;3, 0 %, 3 MiB, 7.86 W; @1786718511
0, 99 %, 32000 MiB, 575.16 W;1, 0 %, 3 MiB, 22.94 W;2, 0 %, 3 MiB, 12.25 W;3, 0 %, 3 MiB, 7.80 W; @1786718514
0, 99 %, 32000 MiB, 574.93 W;1, 0 %, 3 MiB, 22.65 W;2, 0 %, 3 MiB, 12.17 W;3, 0 %, 3 MiB, 7.74 W; @1786718517
0, 0 %, 22710 MiB, 92.06 W;1, 0 %, 3 MiB, 22.77 W;2, 0 %, 3 MiB, 12.13 W;3, 0 %, 3 MiB, 6.29 W; @1786718520
0, 26 %, 23632 MiB, 249.85 W;1, 0 %, 3 MiB, 23.38 W;2, 0 %, 3 MiB, 12.34 W;3, 0 %, 3 MiB, 8.38 W; @1786718523
0, 25 %, 23634 MiB, 224.19 W;1, 0 %, 3 MiB, 23.68 W;2, 0 %, 3 MiB, 13.70 W;3, 0 %, 3 MiB, 10.25 W; @1786718526
0, 21 %, 23634 MiB, 223.43 W;1, 0 %, 3 MiB, 23.58 W;2, 0 %, 3 MiB, 14.02 W;3, 0 %, 3 MiB, 10.09 W; @1786718530
0, 25 %, 23634 MiB, 218.23 W;1, 0 %, 3 MiB, 23.44 W;2, 0 %, 3 MiB, 13.77 W;3, 0 %, 3 MiB, 9.44 W; @1786718533
0, 25 %, 23634 MiB, 219.11 W;1, 0 %, 3 MiB, 23.06 W;2, 0 %, 3 MiB, 13.59 W;3, 0 %, 3 MiB, 9.86 W; @1786718536
0, 26 %, 23634 MiB, 196.16 W;1, 0 %, 3 MiB, 23.24 W;2, 0 %, 3 MiB, 13.05 W;3, 0 %, 3 MiB, 9.45 W; @1786718539
0, 26 %, 23634 MiB, 186.94 W;1, 0 %, 3 MiB, 23.39 W;2, 0 %, 3 MiB, 13.37 W;3, 0 %, 3 MiB, 9.07 W; @1786718542
0, 17 %, 23634 MiB, 154.07 W;1, 0 %, 3 MiB, 23.50 W;2, 0 %, 3 MiB, 12.66 W;3, 0 %, 3 MiB, 8.09 W; @1786718545
0, 16 %, 23634 MiB, 148.87 W;1, 0 %, 3 MiB, 23.68 W;2, 0 %, 3 MiB, 12.67 W;3, 0 %, 3 MiB, 8.07 W; @1786718548
0, 16 %, 23634 MiB, 152.82 W;1, 0 %, 3 MiB, 23.71 W;2, 0 %, 3 MiB, 12.56 W;3, 0 %, 3 MiB, 8.60 W; @1786718551
0, 21 %, 23634 MiB, 148.46 W;1, 0 %, 3 MiB, 23.36 W;2, 0 %, 3 MiB, 12.54 W;3, 0 %, 3 MiB, 8.65 W; @1786718554
0, 16 %, 23634 MiB, 139.40 W;1, 0 %, 3 MiB, 23.49 W;2, 0 %, 3 MiB, 12.31 W;3, 0 %, 3 MiB, 7.62 W; @1786718558
0, 15 %, 23634 MiB, 135.42 W;1, 0 %, 3 MiB, 22.49 W;2, 0 %, 3 MiB, 12.00 W;3, 0 %, 3 MiB, 7.18 W; @1786718561
0, 14 %, 23634 MiB, 138.99 W;1, 0 %, 3 MiB, 22.74 W;2, 0 %, 3 MiB, 12.41 W;3, 0 %, 3 MiB, 7.81 W; @1786718564
0, 1 %, 23634 MiB, 143.34 W;1, 0 %, 3 MiB, 22.83 W;2, 0 %, 3 MiB, 12.39 W;3, 0 %, 3 MiB, 8.04 W; @1786718567
0, 98 %, 25780 MiB, 544.25 W;1, 0 %, 3 MiB, 22.69 W;2, 0 %, 3 MiB, 12.25 W;3, 0 %, 3 MiB, 9.03 W; @1786718570
0, 99 %, 25800 MiB, 547.13 W;1, 0 %, 3 MiB, 22.81 W;2, 0 %, 3 MiB, 12.12 W;3, 0 %, 3 MiB, 7.87 W; @1786718573
0, 99 %, 25800 MiB, 546.61 W;1, 0 %, 3 MiB, 22.87 W;2, 0 %, 3 MiB, 12.28 W;3, 0 %, 3 MiB, 7.81 W; @1786718576
0, 99 %, 25800 MiB, 551.88 W;1, 0 %, 3 MiB, 23.39 W;2, 0 %, 3 MiB, 12.37 W;3, 0 %, 3 MiB, 9.03 W; @1786718579
0, 98 %, 25800 MiB, 550.54 W;1, 0 %, 3 MiB, 23.17 W;2, 0 %, 3 MiB, 12.25 W;3, 0 %, 3 MiB, 9.23 W; @1786718582
0, 99 %, 25800 MiB, 565.90 W;1, 0 %, 3 MiB, 22.76 W;2, 0 %, 3 MiB, 12.34 W;3, 0 %, 3 MiB, 8.05 W; @1786718586
0, 100 %, 25800 MiB, 564.54 W;1, 0 %, 3 MiB, 22.67 W;2, 0 %, 3 MiB, 12.73 W;3, 0 %, 3 MiB, 7.88 W; @1786718589
0, 99 %, 25800 MiB, 561.26 W;1, 0 %, 3 MiB, 23.26 W;2, 0 %, 3 MiB, 12.23 W;3, 0 %, 3 MiB, 8.65 W; @1786718592
0, 98 %, 25800 MiB, 560.33 W;1, 0 %, 3 MiB, 22.58 W;2, 0 %, 3 MiB, 12.11 W;3, 0 %, 3 MiB, 8.83 W; @1786718595
0, 99 %, 29734 MiB, 545.59 W;1, 0 %, 3 MiB, 22.32 W;2, 0 %, 3 MiB, 12.32 W;3, 0 %, 3 MiB, 7.92 W; @1786718598
0, 99 %, 30076 MiB, 562.44 W;1, 0 %, 3 MiB, 21.74 W;2, 0 %, 3 MiB, 12.39 W;3, 0 %, 3 MiB, 7.92 W; @1786718601
0, 98 %, 30078 MiB, 568.48 W;1, 0 %, 3 MiB, 22.53 W;2, 0 %, 3 MiB, 12.37 W;3, 0 %, 3 MiB, 7.97 W; @1786718604
0, 99 %, 30978 MiB, 573.89 W;1, 0 %, 3 MiB, 22.48 W;2, 0 %, 3 MiB, 11.93 W;3, 0 %, 3 MiB, 7.79 W; @1786718607
0, 99 %, 31238 MiB, 575.86 W;1, 0 %, 3 MiB, 22.58 W;2, 0 %, 3 MiB, 11.98 W;3, 0 %, 3 MiB, 7.54 W; @1786718610
0, 100 %, 31418 MiB, 548.56 W;1, 0 %, 3 MiB, 22.47 W;2, 0 %, 3 MiB, 12.26 W;3, 0 %, 3 MiB, 8.16 W; @1786718614
0, 99 %, 31418 MiB, 573.14 W;1, 0 %, 3 MiB, 22.34 W;2, 0 %, 3 MiB, 12.23 W;3, 0 %, 3 MiB, 7.72 W; @1786718617
0, 92 %, 31698 MiB, 574.32 W;1, 0 %, 3 MiB, 22.18 W;2, 0 %, 3 MiB, 12.19 W;3, 0 %, 3 MiB, 8.08 W; @1786718620
0, 99 %, 31878 MiB, 575.79 W;1, 0 %, 3 MiB, 22.08 W;2, 0 %, 3 MiB, 12.05 W;3, 0 %, 3 MiB, 7.55 W; @1786718623
0, 99 %, 32038 MiB, 550.11 W;1, 0 %, 3 MiB, 22.66 W;2, 0 %, 3 MiB, 12.30 W;3, 0 %, 3 MiB, 7.80 W; @1786718626
0, 0 %, 32038 MiB, 376.27 W;1, 0 %, 3 MiB, 22.51 W;2, 0 %, 3 MiB, 12.20 W;3, 0 %, 3 MiB, 7.81 W; @1786718629
0, 99 %, 31932 MiB, 574.92 W;1, 0 %, 3 MiB, 22.80 W;2, 0 %, 3 MiB, 12.44 W;3, 0 %, 3 MiB, 8.09 W; @1786718632
0, 99 %, 32112 MiB, 575.95 W;1, 0 %, 3 MiB, 22.16 W;2, 0 %, 3 MiB, 12.30 W;3, 0 %, 3 MiB, 8.20 W; @1786718636
0, 99 %, 31792 MiB, 534.40 W;1, 0 %, 3 MiB, 22.28 W;2, 0 %, 3 MiB, 12.09 W;3, 0 %, 3 MiB, 8.22 W; @1786718639
0, 99 %, 31792 MiB, 570.82 W;1, 0 %, 3 MiB, 22.81 W;2, 0 %, 3 MiB, 12.52 W;3, 0 %, 3 MiB, 8.23 W; @1786718642
0, 98 %, 31796 MiB, 569.79 W;1, 0 %, 3 MiB, 22.83 W;2, 0 %, 3 MiB, 12.41 W;3, 0 %, 3 MiB, 8.08 W; @1786718645
0, 7 %, 23842 MiB, 339.05 W;1, 0 %, 3 MiB, 22.79 W;2, 0 %, 3 MiB, 12.45 W;3, 0 %, 3 MiB, 8.03 W; @1786718648
0, 0 %, 22710 MiB, 73.39 W;1, 0 %, 3 MiB, 22.99 W;2, 0 %, 3 MiB, 12.44 W;3, 0 %, 3 MiB, 6.70 W; @1786718651
0, 23 %, 23628 MiB, 292.47 W;1, 0 %, 3 MiB, 21.93 W;2, 0 %, 3 MiB, 12.29 W;3, 0 %, 3 MiB, 8.08 W; @1786718655
0, 25 %, 23630 MiB, 210.34 W;1, 0 %, 3 MiB, 23.48 W;2, 0 %, 3 MiB, 13.92 W;3, 0 %, 3 MiB, 9.50 W; @1786718658
0, 25 %, 23630 MiB, 204.84 W;1, 0 %, 3 MiB, 23.07 W;2, 0 %, 3 MiB, 13.94 W;3, 0 %, 3 MiB, 9.81 W; @1786718661
0, 24 %, 23630 MiB, 172.88 W;1, 0 %, 3 MiB, 22.60 W;2, 0 %, 3 MiB, 13.56 W;3, 0 %, 3 MiB, 8.42 W; @1786718664
0, 22 %, 23630 MiB, 151.65 W;1, 0 %, 3 MiB, 22.72 W;2, 0 %, 3 MiB, 12.94 W;3, 0 %, 3 MiB, 7.78 W; @1786718667
0, 16 %, 23630 MiB, 147.82 W;1, 0 %, 3 MiB, 22.69 W;2, 0 %, 3 MiB, 12.98 W;3, 0 %, 3 MiB, 7.70 W; @1786718670
0, 13 %, 23630 MiB, 137.35 W;1, 0 %, 3 MiB, 22.41 W;2, 0 %, 3 MiB, 13.12 W;3, 0 %, 3 MiB, 7.19 W; @1786718674
0, 13 %, 23630 MiB, 139.18 W;1, 0 %, 3 MiB, 22.89 W;2, 0 %, 3 MiB, 13.18 W;3, 0 %, 3 MiB, 7.60 W; @1786718677
0, 13 %, 23630 MiB, 134.32 W;1, 0 %, 3 MiB, 22.06 W;2, 0 %, 3 MiB, 12.82 W;3, 0 %, 3 MiB, 7.59 W; @1786718680
0, 0 %, 23630 MiB, 67.36 W;1, 0 %, 3 MiB, 22.60 W;2, 0 %, 3 MiB, 12.69 W;3, 0 %, 3 MiB, 7.06 W; @1786718683
0, 96 %, 25756 MiB, 344.65 W;1, 0 %, 3 MiB, 22.34 W;2, 0 %, 3 MiB, 12.42 W;3, 0 %, 3 MiB, 7.82 W; @1786718687
0, 100 %, 25756 MiB, 547.10 W;1, 0 %, 3 MiB, 22.17 W;2, 0 %, 3 MiB, 12.49 W;3, 0 %, 3 MiB, 8.39 W; @1786718690
0, 98 %, 25756 MiB, 544.58 W;1, 0 %, 3 MiB, 22.59 W;2, 0 %, 3 MiB, 12.71 W;3, 0 %, 3 MiB, 8.44 W; @1786718693
0, 83 %, 25756 MiB, 548.33 W;1, 0 %, 3 MiB, 22.98 W;2, 0 %, 3 MiB, 12.79 W;3, 0 %, 3 MiB, 8.65 W; @1786718696
0, 98 %, 25756 MiB, 568.92 W;1, 0 %, 3 MiB, 22.45 W;2, 0 %, 3 MiB, 12.81 W;3, 0 %, 3 MiB, 8.53 W; @1786718699
0, 100 %, 25756 MiB, 561.81 W;1, 0 %, 3 MiB, 22.64 W;2, 0 %, 3 MiB, 12.70 W;3, 0 %, 3 MiB, 8.65 W; @1786718703
0, 98 %, 26262 MiB, 558.42 W;1, 0 %, 509 MiB, 53.36 W;2, 0 %, 509 MiB, 13.44 W;3, 0 %, 11 MiB, 9.30 W; @1786718706
0, 98 %, 25756 MiB, 560.55 W;1, 0 %, 3 MiB, 61.33 W;2, 0 %, 3 MiB, 53.76 W;3, 0 %, 3 MiB, 49.86 W; @1786718709
0, 99 %, 25756 MiB, 564.37 W;1, 0 %, 3 MiB, 24.13 W;2, 0 %, 3 MiB, 12.43 W;3, 0 %, 3 MiB, 9.09 W; @1786718712
0, 99 %, 30132 MiB, 546.52 W;1, 0 %, 3 MiB, 23.19 W;2, 0 %, 3 MiB, 12.38 W;3, 0 %, 3 MiB, 8.21 W; @1786718715
0, 98 %, 30334 MiB, 563.95 W;1, 0 %, 3 MiB, 22.77 W;2, 0 %, 3 MiB, 12.33 W;3, 0 %, 3 MiB, 7.95 W; @1786718718
0, 99 %, 30614 MiB, 565.38 W;1, 0 %, 3 MiB, 22.23 W;2, 0 %, 3 MiB, 12.23 W;3, 0 %, 3 MiB, 8.03 W; @1786718721
0, 99 %, 30854 MiB, 571.99 W;1, 0 %, 3 MiB, 22.70 W;2, 0 %, 3 MiB, 12.39 W;3, 0 %, 3 MiB, 7.79 W; @1786718724
0, 99 %, 31096 MiB, 554.17 W;1, 0 %, 3 MiB, 22.73 W;2, 0 %, 3 MiB, 12.21 W;3, 0 %, 3 MiB, 8.04 W; @1786718728
0, 99 %, 31256 MiB, 550.51 W;1, 0 %, 3 MiB, 22.48 W;2, 0 %, 3 MiB, 12.37 W;3, 0 %, 3 MiB, 7.78 W; @1786718731
0, 99 %, 31256 MiB, 569.17 W;1, 0 %, 3 MiB, 22.68 W;2, 0 %, 3 MiB, 12.44 W;3, 0 %, 3 MiB, 7.95 W; @1786718734
0, 99 %, 31416 MiB, 574.24 W;1, 0 %, 3 MiB, 22.37 W;2, 0 %, 3 MiB, 12.35 W;3, 0 %, 3 MiB, 7.93 W; @1786718737
0, 99 %, 31576 MiB, 575.53 W;1, 0 %, 3 MiB, 22.64 W;2, 0 %, 3 MiB, 12.36 W;3, 0 %, 3 MiB, 7.90 W; @1786718740
0, 98 %, 31736 MiB, 572.05 W;1, 0 %, 3 MiB, 23.20 W;2, 0 %, 3 MiB, 12.35 W;3, 0 %, 3 MiB, 7.83 W; @1786718743
0, 98 %, 31896 MiB, 393.78 W;1, 0 %, 3 MiB, 23.28 W;2, 0 %, 3 MiB, 12.43 W;3, 0 %, 3 MiB, 7.39 W; @1786718746
0, 99 %, 31896 MiB, 568.41 W;1, 0 %, 3 MiB, 22.21 W;2, 0 %, 3 MiB, 12.58 W;3, 0 %, 3 MiB, 8.13 W; @1786718750
0, 99 %, 32056 MiB, 575.76 W;1, 0 %, 3 MiB, 22.90 W;2, 0 %, 3 MiB, 12.34 W;3, 0 %, 3 MiB, 8.11 W; @1786718753
0, 99 %, 31792 MiB, 575.83 W;1, 0 %, 3 MiB, 23.24 W;2, 0 %, 3 MiB, 12.43 W;3, 0 %, 3 MiB, 8.01 W; @1786718756
0, 99 %, 31812 MiB, 526.49 W;1, 0 %, 3 MiB, 22.87 W;2, 0 %, 3 MiB, 12.55 W;3, 0 %, 3 MiB, 8.33 W; @1786718759
0, 4 %, 25678 MiB, 142.29 W;1, 0 %, 3 MiB, 22.02 W;2, 0 %, 3 MiB, 12.49 W;3, 0 %, 3 MiB, 7.43 W; @1786718762
0, 100 %, 23708 MiB, 325.98 W;1, 0 %, 3 MiB, 23.02 W;2, 0 %, 3 MiB, 12.32 W;3, 0 %, 3 MiB, 6.66 W; @1786718765
0, 24 %, 23710 MiB, 228.12 W;1, 0 %, 3 MiB, 23.22 W;2, 0 %, 3 MiB, 14.31 W;3, 0 %, 3 MiB, 9.34 W; @1786718768
0, 25 %, 23710 MiB, 209.70 W;1, 0 %, 3 MiB, 23.50 W;2, 0 %, 3 MiB, 14.11 W;3, 0 %, 3 MiB, 9.74 W; @1786718771
0, 24 %, 23710 MiB, 193.38 W;1, 0 %, 3 MiB, 23.32 W;2, 0 %, 3 MiB, 14.09 W;3, 0 %, 3 MiB, 9.37 W; @1786718774
0, 25 %, 23710 MiB, 187.16 W;1, 0 %, 3 MiB, 22.86 W;2, 0 %, 3 MiB, 13.93 W;3, 0 %, 3 MiB, 9.08 W; @1786718777
0, 20 %, 23710 MiB, 186.65 W;1, 0 %, 3 MiB, 23.36 W;2, 0 %, 3 MiB, 13.51 W;3, 0 %, 3 MiB, 9.06 W; @1786718781
0, 24 %, 23710 MiB, 179.92 W;1, 0 %, 3 MiB, 22.88 W;2, 0 %, 3 MiB, 13.48 W;3, 0 %, 3 MiB, 8.68 W; @1786718784
0, 24 %, 23710 MiB, 174.42 W;1, 0 %, 3 MiB, 23.25 W;2, 0 %, 3 MiB, 13.54 W;3, 0 %, 3 MiB, 8.79 W; @1786718787
0, 25 %, 23710 MiB, 185.94 W;1, 0 %, 3 MiB, 23.09 W;2, 0 %, 3 MiB, 13.33 W;3, 0 %, 3 MiB, 8.87 W; @1786718790
0, 25 %, 23710 MiB, 175.79 W;1, 0 %, 3 MiB, 22.96 W;2, 0 %, 3 MiB, 13.47 W;3, 0 %, 3 MiB, 8.16 W; @1786718793
0, 24 %, 23710 MiB, 163.12 W;1, 0 %, 3 MiB, 22.53 W;2, 0 %, 3 MiB, 13.39 W;3, 0 %, 3 MiB, 8.07 W; @1786718796
0, 17 %, 23710 MiB, 153.30 W;1, 0 %, 3 MiB, 23.43 W;2, 0 %, 3 MiB, 13.34 W;3, 0 %, 3 MiB, 8.52 W; @1786718799
0, 17 %, 23710 MiB, 151.25 W;1, 0 %, 3 MiB, 23.39 W;2, 0 %, 3 MiB, 12.98 W;3, 0 %, 3 MiB, 8.19 W; @1786718802
0, 17 %, 23710 MiB, 149.34 W;1, 0 %, 3 MiB, 23.17 W;2, 0 %, 3 MiB, 13.06 W;3, 0 %, 3 MiB, 7.89 W; @1786718805
0, 17 %, 23710 MiB, 144.87 W;1, 0 %, 3 MiB, 22.90 W;2, 0 %, 3 MiB, 12.39 W;3, 0 %, 3 MiB, 7.64 W; @1786718809
0, 16 %, 23710 MiB, 138.89 W;1, 0 %, 3 MiB, 23.17 W;2, 0 %, 3 MiB, 12.25 W;3, 0 %, 3 MiB, 7.54 W; @1786718812
0, 14 %, 25696 MiB, 135.34 W;1, 0 %, 3 MiB, 22.72 W;2, 0 %, 3 MiB, 12.39 W;3, 0 %, 3 MiB, 7.47 W; @1786718815
0, 99 %, 25856 MiB, 541.99 W;1, 0 %, 3 MiB, 22.47 W;2, 0 %, 3 MiB, 12.30 W;3, 0 %, 3 MiB, 8.05 W; @1786718818
0, 99 %, 25876 MiB, 548.58 W;1, 0 %, 3 MiB, 22.37 W;2, 0 %, 3 MiB, 12.29 W;3, 0 %, 3 MiB, 8.43 W; @1786718821
0, 99 %, 25876 MiB, 549.83 W;1, 0 %, 3 MiB, 22.58 W;2, 0 %, 3 MiB, 12.56 W;3, 0 %, 3 MiB, 8.05 W; @1786718824
0, 98 %, 25876 MiB, 555.09 W;1, 0 %, 3 MiB, 22.18 W;2, 0 %, 3 MiB, 12.51 W;3, 0 %, 3 MiB, 8.07 W; @1786718827
0, 98 %, 25876 MiB, 468.31 W;1, 0 %, 3 MiB, 22.49 W;2, 0 %, 3 MiB, 12.50 W;3, 0 %, 3 MiB, 8.50 W; @1786718830
0, 99 %, 25876 MiB, 558.96 W;1, 0 %, 3 MiB, 22.77 W;2, 0 %, 3 MiB, 12.62 W;3, 0 %, 3 MiB, 8.47 W; @1786718833
0, 99 %, 25876 MiB, 561.58 W;1, 0 %, 3 MiB, 22.66 W;2, 0 %, 3 MiB, 12.56 W;3, 0 %, 3 MiB, 8.05 W; @1786718836
0, 99 %, 25876 MiB, 562.64 W;1, 0 %, 3 MiB, 23.09 W;2, 0 %, 3 MiB, 12.56 W;3, 0 %, 3 MiB, 8.12 W; @1786718840
0, 100 %, 25876 MiB, 562.49 W;1, 0 %, 3 MiB, 22.78 W;2, 0 %, 3 MiB, 12.46 W;3, 0 %, 3 MiB, 8.15 W; @1786718843
0, 98 %, 29836 MiB, 549.11 W;1, 0 %, 3 MiB, 23.11 W;2, 0 %, 3 MiB, 12.50 W;3, 0 %, 3 MiB, 7.74 W; @1786718846
0, 99 %, 30172 MiB, 554.32 W;1, 0 %, 3 MiB, 22.82 W;2, 0 %, 3 MiB, 12.55 W;3, 0 %, 3 MiB, 8.74 W; @1786718849
0, 99 %, 30174 MiB, 567.88 W;1, 0 %, 3 MiB, 22.48 W;2, 0 %, 3 MiB, 12.52 W;3, 0 %, 3 MiB, 8.79 W; @1786718852
0, 99 %, 30894 MiB, 575.73 W;1, 0 %, 3 MiB, 22.84 W;2, 0 %, 3 MiB, 12.31 W;3, 0 %, 3 MiB, 8.61 W; @1786718855
0, 99 %, 31074 MiB, 576.59 W;1, 0 %, 3 MiB, 22.72 W;2, 0 %, 3 MiB, 12.35 W;3, 0 %, 3 MiB, 8.39 W; @1786718858
0, 99 %, 31274 MiB, 554.36 W;1, 0 %, 3 MiB, 22.04 W;2, 0 %, 3 MiB, 12.52 W;3, 0 %, 3 MiB, 8.37 W; @1786718861
0, 99 %, 31434 MiB, 572.71 W;1, 0 %, 3 MiB, 22.68 W;2, 0 %, 3 MiB, 12.25 W;3, 0 %, 3 MiB, 8.33 W; @1786718864
0, 99 %, 31554 MiB, 567.95 W;1, 0 %, 3 MiB, 22.56 W;2, 0 %, 3 MiB, 12.28 W;3, 0 %, 3 MiB, 8.03 W; @1786718868
0, 99 %, 31854 MiB, 575.56 W;1, 0 %, 3 MiB, 22.61 W;2, 0 %, 3 MiB, 12.16 W;3, 0 %, 3 MiB, 8.23 W; @1786718871
0, 100 %, 32014 MiB, 549.43 W;1, 0 %, 3 MiB, 23.07 W;2, 0 %, 3 MiB, 12.47 W;3, 0 %, 3 MiB, 8.52 W; @1786718874
0, 99 %, 32014 MiB, 389.66 W;1, 0 %, 3 MiB, 23.10 W;2, 0 %, 3 MiB, 12.23 W;3, 0 %, 3 MiB, 8.24 W; @1786718877
0, 99 %, 32054 MiB, 574.52 W;1, 0 %, 3 MiB, 22.87 W;2, 0 %, 3 MiB, 12.30 W;3, 0 %, 3 MiB, 8.04 W; @1786718880
0, 99 %, 32074 MiB, 576.00 W;1, 0 %, 3 MiB, 23.05 W;2, 0 %, 3 MiB, 12.24 W;3, 0 %, 3 MiB, 7.86 W; @1786718883
0, 90 %, 32068 MiB, 534.12 W;1, 0 %, 3 MiB, 22.66 W;2, 0 %, 3 MiB, 12.48 W;3, 0 %, 3 MiB, 7.94 W; @1786718886
0, 98 %, 32068 MiB, 565.77 W;1, 0 %, 3 MiB, 22.64 W;2, 0 %, 3 MiB, 12.30 W;3, 0 %, 3 MiB, 7.90 W; @1786718889
0, 98 %, 31572 MiB, 570.71 W;1, 0 %, 3 MiB, 22.13 W;2, 0 %, 3 MiB, 12.51 W;3, 0 %, 3 MiB, 7.92 W; @1786718892
0, 99 %, 23918 MiB, 557.22 W;1, 0 %, 3 MiB, 23.36 W;2, 0 %, 3 MiB, 12.54 W;3, 0 %, 3 MiB, 8.27 W; @1786718896
0, 0 %, 23064 MiB, 73.85 W;1, 0 %, 3 MiB, 22.54 W;2, 0 %, 3 MiB, 12.31 W;3, 0 %, 3 MiB, 6.91 W; @1786718899
0, 26 %, 23692 MiB, 224.39 W;1, 0 %, 3 MiB, 23.12 W;2, 0 %, 3 MiB, 14.42 W;3, 0 %, 3 MiB, 8.98 W; @1786718902
0, 28 %, 23692 MiB, 217.02 W;1, 0 %, 3 MiB, 22.97 W;2, 0 %, 3 MiB, 14.37 W;3, 0 %, 3 MiB, 9.95 W; @1786718905
0, 26 %, 23692 MiB, 255.45 W;1, 0 %, 3 MiB, 23.13 W;2, 0 %, 3 MiB, 14.19 W;3, 0 %, 3 MiB, 9.92 W; @1786718908
0, 24 %, 23692 MiB, 175.52 W;1, 0 %, 3 MiB, 22.67 W;2, 0 %, 3 MiB, 13.71 W;3, 0 %, 3 MiB, 9.21 W; @1786718911
0, 24 %, 23692 MiB, 218.95 W;1, 0 %, 3 MiB, 23.00 W;2, 0 %, 3 MiB, 13.73 W;3, 0 %, 3 MiB, 8.98 W; @1786718914
0, 21 %, 23692 MiB, 158.94 W;1, 0 %, 3 MiB, 22.97 W;2, 0 %, 3 MiB, 13.53 W;3, 0 %, 3 MiB, 8.13 W; @1786718917
0, 18 %, 23692 MiB, 153.55 W;1, 0 %, 3 MiB, 23.27 W;2, 0 %, 3 MiB, 13.22 W;3, 0 %, 3 MiB, 7.98 W; @1786718920
0, 28 %, 23692 MiB, 177.34 W;1, 0 %, 3 MiB, 23.49 W;2, 0 %, 3 MiB, 12.98 W;3, 0 %, 3 MiB, 7.70 W; @1786718923
0, 17 %, 23692 MiB, 156.27 W;1, 0 %, 3 MiB, 23.30 W;2, 0 %, 3 MiB, 13.19 W;3, 0 %, 3 MiB, 7.74 W; @1786718927
0, 22 %, 23692 MiB, 150.87 W;1, 0 %, 3 MiB, 23.13 W;2, 0 %, 3 MiB, 12.89 W;3, 0 %, 3 MiB, 7.98 W; @1786718930
0, 18 %, 23692 MiB, 151.01 W;1, 0 %, 3 MiB, 23.17 W;2, 0 %, 3 MiB, 13.19 W;3, 0 %, 3 MiB, 7.72 W; @1786718933
0, 17 %, 23692 MiB, 146.26 W;1, 0 %, 3 MiB, 22.93 W;2, 0 %, 3 MiB, 13.14 W;3, 0 %, 3 MiB, 8.06 W; @1786718936
0, 18 %, 23692 MiB, 150.00 W;1, 0 %, 3 MiB, 23.02 W;2, 0 %, 3 MiB, 13.07 W;3, 0 %, 3 MiB, 8.06 W; @1786718939
0, 15 %, 23692 MiB, 138.33 W;1, 0 %, 3 MiB, 22.84 W;2, 0 %, 3 MiB, 12.67 W;3, 0 %, 3 MiB, 7.63 W; @1786718942
0, 16 %, 23692 MiB, 135.36 W;1, 0 %, 3 MiB, 22.84 W;2, 0 %, 3 MiB, 12.73 W;3, 0 %, 3 MiB, 7.35 W; @1786718945
0, 98 %, 25338 MiB, 409.64 W;1, 0 %, 3 MiB, 22.82 W;2, 0 %, 3 MiB, 12.61 W;3, 0 %, 3 MiB, 7.00 W; @1786718948
0, 98 %, 25718 MiB, 543.12 W;1, 0 %, 3 MiB, 22.57 W;2, 0 %, 3 MiB, 12.61 W;3, 0 %, 3 MiB, 7.71 W; @1786718951
0, 99 %, 25738 MiB, 562.16 W;1, 0 %, 3 MiB, 22.33 W;2, 0 %, 3 MiB, 12.59 W;3, 0 %, 3 MiB, 7.66 W; @1786718955
0, 100 %, 25738 MiB, 549.09 W;1, 0 %, 3 MiB, 22.08 W;2, 0 %, 3 MiB, 12.77 W;3, 0 %, 3 MiB, 7.90 W; @1786718958
0, 99 %, 25738 MiB, 549.38 W;1, 0 %, 3 MiB, 22.61 W;2, 0 %, 3 MiB, 12.62 W;3, 0 %, 3 MiB, 7.89 W; @1786718961
0, 0 %, 25738 MiB, 498.24 W;1, 0 %, 3 MiB, 22.28 W;2, 0 %, 3 MiB, 12.75 W;3, 0 %, 3 MiB, 7.52 W; @1786718964
0, 99 %, 25738 MiB, 556.41 W;1, 0 %, 3 MiB, 22.30 W;2, 0 %, 3 MiB, 12.43 W;3, 0 %, 3 MiB, 7.57 W; @1786718967
0, 100 %, 25738 MiB, 561.53 W;1, 0 %, 3 MiB, 22.63 W;2, 0 %, 3 MiB, 12.32 W;3, 0 %, 3 MiB, 7.57 W; @1786718970
0, 99 %, 25738 MiB, 560.21 W;1, 0 %, 3 MiB, 22.52 W;2, 0 %, 3 MiB, 12.48 W;3, 0 %, 3 MiB, 7.47 W; @1786718973
0, 99 %, 25738 MiB, 565.43 W;1, 0 %, 3 MiB, 22.33 W;2, 0 %, 3 MiB, 12.45 W;3, 0 %, 3 MiB, 7.54 W; @1786718976
0, 99 %, 29950 MiB, 570.65 W;1, 0 %, 3 MiB, 22.70 W;2, 0 %, 3 MiB, 12.44 W;3, 0 %, 3 MiB, 7.90 W; @1786718979
0, 99 %, 30076 MiB, 571.97 W;1, 0 %, 3 MiB, 23.55 W;2, 0 %, 3 MiB, 12.67 W;3, 0 %, 3 MiB, 7.50 W; @1786718983
0, 99 %, 30896 MiB, 571.94 W;1, 0 %, 3 MiB, 22.80 W;2, 0 %, 3 MiB, 12.39 W;3, 0 %, 3 MiB, 7.77 W; @1786718986
0, 99 %, 31056 MiB, 549.77 W;1, 0 %, 3 MiB, 22.49 W;2, 0 %, 3 MiB, 12.45 W;3, 0 %, 3 MiB, 7.62 W; @1786718989
0, 85 %, 31056 MiB, 576.13 W;1, 0 %, 3 MiB, 23.32 W;2, 0 %, 3 MiB, 12.31 W;3, 0 %, 3 MiB, 7.83 W; @1786718992
0, 95 %, 31196 MiB, 572.04 W;1, 0 %, 3 MiB, 23.51 W;2, 0 %, 3 MiB, 12.15 W;3, 0 %, 3 MiB, 7.55 W; @1786718995
0, 99 %, 31536 MiB, 574.18 W;1, 0 %, 3 MiB, 23.30 W;2, 0 %, 3 MiB, 12.11 W;3, 0 %, 3 MiB, 7.08 W; @1786718998
0, 99 %, 31796 MiB, 551.55 W;1, 0 %, 3 MiB, 22.59 W;2, 0 %, 3 MiB, 12.31 W;3, 0 %, 3 MiB, 7.25 W; @1786719001
0, 99 %, 31796 MiB, 570.59 W;1, 0 %, 3 MiB, 22.37 W;2, 0 %, 3 MiB, 12.33 W;3, 0 %, 3 MiB, 7.31 W; @1786719004
0, 99 %, 31956 MiB, 568.18 W;1, 0 %, 3 MiB, 23.02 W;2, 0 %, 3 MiB, 12.13 W;3, 0 %, 3 MiB, 6.86 W; @1786719007
0, 99 %, 32016 MiB, 573.59 W;1, 0 %, 3 MiB, 22.84 W;2, 0 %, 3 MiB, 12.42 W;3, 0 %, 3 MiB, 7.32 W; @1786719010
0, 99 %, 32016 MiB, 554.61 W;1, 0 %, 3 MiB, 23.02 W;2, 0 %, 3 MiB, 12.37 W;3, 0 %, 3 MiB, 7.50 W; @1786719014
0, 85 %, 32016 MiB, 569.88 W;1, 0 %, 3 MiB, 23.07 W;2, 0 %, 3 MiB, 12.14 W;3, 0 %, 3 MiB, 7.81 W; @1786719017
0, 99 %, 32050 MiB, 574.58 W;1, 0 %, 3 MiB, 23.06 W;2, 0 %, 3 MiB, 12.29 W;3, 0 %, 3 MiB, 7.73 W; @1786719020
0, 99 %, 32054 MiB, 575.30 W;1, 0 %, 3 MiB, 22.54 W;2, 0 %, 3 MiB, 12.20 W;3, 0 %, 3 MiB, 7.82 W; @1786719023
0, 99 %, 31594 MiB, 574.65 W;1, 0 %, 3 MiB, 22.88 W;2, 0 %, 3 MiB, 12.17 W;3, 0 %, 3 MiB, 7.61 W; @1786719026
0, 0 %, 22710 MiB, 87.95 W;1, 0 %, 3 MiB, 24.27 W;2, 0 %, 3 MiB, 11.99 W;3, 0 %, 3 MiB, 6.29 W; @1786719029
0, 24 %, 23616 MiB, 308.71 W;1, 0 %, 3 MiB, 23.50 W;2, 0 %, 3 MiB, 12.97 W;3, 0 %, 3 MiB, 8.45 W; @1786719032
0, 31 %, 23618 MiB, 244.01 W;1, 0 %, 3 MiB, 23.46 W;2, 0 %, 3 MiB, 14.12 W;3, 0 %, 3 MiB, 9.33 W; @1786719035
0, 31 %, 23618 MiB, 232.64 W;1, 0 %, 3 MiB, 23.30 W;2, 0 %, 3 MiB, 14.04 W;3, 0 %, 3 MiB, 9.33 W; @1786719038
0, 26 %, 23618 MiB, 201.66 W;1, 0 %, 3 MiB, 23.49 W;2, 0 %, 3 MiB, 14.25 W;3, 0 %, 3 MiB, 9.25 W; @1786719042
0, 24 %, 23618 MiB, 172.35 W;1, 0 %, 3 MiB, 23.41 W;2, 0 %, 3 MiB, 13.67 W;3, 0 %, 3 MiB, 8.13 W; @1786719045
0, 24 %, 23618 MiB, 189.77 W;1, 0 %, 3 MiB, 22.82 W;2, 0 %, 3 MiB, 13.86 W;3, 0 %, 3 MiB, 8.81 W; @1786719048
0, 24 %, 23618 MiB, 185.02 W;1, 0 %, 3 MiB, 22.86 W;2, 0 %, 3 MiB, 13.40 W;3, 0 %, 3 MiB, 8.99 W; @1786719051
0, 19 %, 23618 MiB, 158.06 W;1, 0 %, 3 MiB, 23.45 W;2, 0 %, 3 MiB, 13.33 W;3, 0 %, 3 MiB, 8.14 W; @1786719054
0, 17 %, 23618 MiB, 153.04 W;1, 0 %, 3 MiB, 23.06 W;2, 0 %, 3 MiB, 12.89 W;3, 0 %, 3 MiB, 8.21 W; @1786719057
0, 17 %, 23618 MiB, 147.31 W;1, 0 %, 3 MiB, 22.84 W;2, 0 %, 3 MiB, 12.22 W;3, 0 %, 3 MiB, 7.92 W; @1786719060
0, 16 %, 23618 MiB, 144.83 W;1, 0 %, 3 MiB, 23.10 W;2, 0 %, 3 MiB, 12.31 W;3, 0 %, 3 MiB, 7.52 W; @1786719063
0, 16 %, 23618 MiB, 142.27 W;1, 0 %, 3 MiB, 22.98 W;2, 0 %, 3 MiB, 12.24 W;3, 0 %, 3 MiB, 6.85 W; @1786719066
0, 15 %, 23618 MiB, 134.13 W;1, 0 %, 3 MiB, 23.38 W;2, 0 %, 3 MiB, 12.28 W;3, 0 %, 3 MiB, 6.33 W; @1786719070
0, 15 %, 23618 MiB, 141.44 W;1, 0 %, 3 MiB, 22.91 W;2, 0 %, 3 MiB, 12.88 W;3, 0 %, 3 MiB, 6.96 W; @1786719073
0, 14 %, 23618 MiB, 143.49 W;1, 0 %, 3 MiB, 23.59 W;2, 0 %, 3 MiB, 12.74 W;3, 0 %, 3 MiB, 7.25 W; @1786719076
0, 14 %, 25584 MiB, 242.54 W;1, 0 %, 3 MiB, 23.47 W;2, 0 %, 3 MiB, 12.63 W;3, 0 %, 3 MiB, 7.05 W; @1786719079
0, 93 %, 25744 MiB, 544.44 W;1, 0 %, 3 MiB, 23.13 W;2, 0 %, 3 MiB, 12.59 W;3, 0 %, 3 MiB, 7.63 W; @1786719082
0, 99 %, 25764 MiB, 546.96 W;1, 0 %, 3 MiB, 22.96 W;2, 0 %, 3 MiB, 12.28 W;3, 0 %, 3 MiB, 7.40 W; @1786719085
0, 96 %, 25764 MiB, 560.23 W;1, 0 %, 3 MiB, 23.19 W;2, 0 %, 3 MiB, 12.26 W;3, 0 %, 3 MiB, 7.68 W; @1786719088
0, 98 %, 25764 MiB, 546.25 W;1, 0 %, 3 MiB, 23.32 W;2, 0 %, 3 MiB, 12.37 W;3, 0 %, 3 MiB, 7.47 W; @1786719091
0, 14 %, 25764 MiB, 417.45 W;1, 0 %, 3 MiB, 23.00 W;2, 0 %, 3 MiB, 12.31 W;3, 0 %, 3 MiB, 7.66 W; @1786719094
0, 99 %, 25764 MiB, 562.97 W;1, 0 %, 3 MiB, 23.24 W;2, 0 %, 3 MiB, 12.18 W;3, 0 %, 3 MiB, 7.73 W; @1786719098
0, 88 %, 25764 MiB, 560.98 W;1, 0 %, 3 MiB, 23.13 W;2, 0 %, 3 MiB, 12.16 W;3, 0 %, 3 MiB, 7.75 W; @1786719101
0, 99 %, 25764 MiB, 562.99 W;1, 0 %, 3 MiB, 23.08 W;2, 0 %, 3 MiB, 11.93 W;3, 0 %, 3 MiB, 7.64 W; @1786719104
0, 98 %, 25764 MiB, 563.75 W;1, 0 %, 3 MiB, 23.30 W;2, 0 %, 3 MiB, 12.13 W;3, 0 %, 3 MiB, 7.64 W; @1786719107
0, 99 %, 29840 MiB, 569.79 W;1, 0 %, 3 MiB, 23.12 W;2, 0 %, 3 MiB, 12.12 W;3, 0 %, 3 MiB, 7.72 W; @1786719110
0, 99 %, 30062 MiB, 567.51 W;1, 0 %, 3 MiB, 22.92 W;2, 0 %, 3 MiB, 12.39 W;3, 0 %, 3 MiB, 7.36 W; @1786719113
0, 99 %, 30642 MiB, 546.52 W;1, 0 %, 3 MiB, 22.94 W;2, 0 %, 3 MiB, 12.15 W;3, 0 %, 3 MiB, 7.68 W; @1786719116
0, 98 %, 30642 MiB, 568.34 W;1, 0 %, 3 MiB, 23.08 W;2, 0 %, 3 MiB, 12.22 W;3, 0 %, 3 MiB, 7.98 W; @1786719119
0, 99 %, 30902 MiB, 569.13 W;1, 0 %, 3 MiB, 22.91 W;2, 0 %, 3 MiB, 12.15 W;3, 0 %, 3 MiB, 7.50 W; @1786719122
0, 99 %, 31122 MiB, 574.85 W;1, 0 %, 3 MiB, 23.27 W;2, 0 %, 3 MiB, 12.14 W;3, 0 %, 3 MiB, 7.68 W; @1786719125
0, 99 %, 31382 MiB, 559.01 W;1, 0 %, 3 MiB, 23.23 W;2, 0 %, 3 MiB, 12.19 W;3, 0 %, 3 MiB, 7.85 W; @1786719129
0, 99 %, 31542 MiB, 566.62 W;1, 0 %, 3 MiB, 22.99 W;2, 0 %, 3 MiB, 12.10 W;3, 0 %, 3 MiB, 7.95 W; @1786719132
0, 99 %, 31542 MiB, 569.15 W;1, 0 %, 3 MiB, 22.76 W;2, 0 %, 3 MiB, 12.23 W;3, 0 %, 3 MiB, 7.94 W; @1786719135
0, 99 %, 31722 MiB, 575.33 W;1, 0 %, 3 MiB, 23.26 W;2, 0 %, 3 MiB, 12.19 W;3, 0 %, 3 MiB, 7.85 W; @1786719138
0, 99 %, 31882 MiB, 559.13 W;1, 0 %, 3 MiB, 23.08 W;2, 0 %, 3 MiB, 12.04 W;3, 0 %, 3 MiB, 7.68 W; @1786719141
0, 93 %, 31882 MiB, 572.05 W;1, 0 %, 3 MiB, 22.56 W;2, 0 %, 3 MiB, 12.21 W;3, 0 %, 3 MiB, 7.96 W; @1786719144
0, 98 %, 31882 MiB, 568.71 W;1, 0 %, 3 MiB, 22.05 W;2, 0 %, 3 MiB, 12.22 W;3, 0 %, 3 MiB, 8.19 W; @1786719147
0, 99 %, 32022 MiB, 575.42 W;1, 0 %, 3 MiB, 22.39 W;2, 0 %, 3 MiB, 12.09 W;3, 0 %, 3 MiB, 7.86 W; @1786719150
0, 99 %, 32022 MiB, 575.53 W;1, 0 %, 3 MiB, 22.79 W;2, 0 %, 3 MiB, 11.98 W;3, 0 %, 3 MiB, 7.74 W; @1786719153
0, 99 %, 32022 MiB, 573.96 W;1, 0 %, 3 MiB, 22.26 W;2, 0 %, 3 MiB, 12.15 W;3, 0 %, 3 MiB, 8.20 W; @1786719157
0, 0 %, 31402 MiB, 104.92 W;1, 0 %, 3 MiB, 23.31 W;2, 0 %, 3 MiB, 11.97 W;3, 0 %, 3 MiB, 6.80 W; @1786719160
0, 2 %, 31402 MiB, 73.35 W;1, 0 %, 3 MiB, 23.00 W;2, 0 %, 3 MiB, 11.65 W;3, 0 %, 3 MiB, 6.41 W; @1786719163
0, 2 %, 31402 MiB, 71.48 W;1, 0 %, 3 MiB, 22.63 W;2, 0 %, 3 MiB, 12.05 W;3, 0 %, 3 MiB, 6.47 W; @1786719166
0, 2 %, 31402 MiB, 69.88 W;1, 0 %, 3 MiB, 23.17 W;2, 0 %, 3 MiB, 11.98 W;3, 0 %, 3 MiB, 6.41 W; @1786719169
0, 2 %, 31402 MiB, 69.54 W;1, 0 %, 3 MiB, 22.88 W;2, 0 %, 3 MiB, 11.85 W;3, 0 %, 3 MiB, 6.53 W; @1786719172
0, 2 %, 31402 MiB, 68.63 W;1, 0 %, 3 MiB, 23.06 W;2, 0 %, 3 MiB, 11.94 W;3, 0 %, 3 MiB, 6.42 W; @1786719175
0, 0 %, 31402 MiB, 67.81 W;1, 0 %, 3 MiB, 23.72 W;2, 0 %, 3 MiB, 12.12 W;3, 0 %, 3 MiB, 6.51 W; @1786719178
0, 0 %, 22710 MiB, 71.46 W;1, 0 %, 3 MiB, 23.50 W;2, 0 %, 3 MiB, 12.22 W;3, 0 %, 3 MiB, 6.29 W; @1786719181
0, 0 %, 3 MiB, 66.02 W;1, 0 %, 3 MiB, 23.36 W;2, 0 %, 3 MiB, 12.18 W;3, 0 %, 3 MiB, 6.09 W; @1786719185
0, 0 %, 0 MiB, 29.31 W;1, 0 %, 0 MiB, 25.74 W;2, 0 %, 0 MiB, 13.57 W;3, 0 %, 0 MiB, 8.84 W; @1786719188
0, 0 %, 0 MiB, 23.01 W;1, 0 %, 0 MiB, 23.22 W;2, 0 %, 0 MiB, 12.28 W;3, 0 %, 0 MiB, 6.95 W; @1786719191
0, 0 %, 0 MiB, 22.57 W;1, 0 %, 0 MiB, 22.56 W;2, 0 %, 0 MiB, 12.14 W;3, 0 %, 0 MiB, 6.94 W; @1786719194
0, 0 %, 0 MiB, 22.33 W;1, 0 %, 0 MiB, 22.88 W;2, 0 %, 0 MiB, 12.18 W;3, 0 %, 0 MiB, 6.81 W; @1786719197
0, 0 %, 0 MiB, 21.99 W;1, 0 %, 0 MiB, 23.11 W;2, 0 %, 0 MiB, 12.17 W;3, 0 %, 0 MiB, 6.82 W; @1786719200
0, 0 %, 0 MiB, 22.32 W;1, 0 %, 0 MiB, 23.78 W;2, 0 %, 0 MiB, 12.19 W;3, 0 %, 0 MiB, 6.48 W; @1786719203
0, 0 %, 3 MiB, 22.40 W;1, 0 %, 3 MiB, 26.62 W;2, 0 %, 3 MiB, 13.91 W;3, 0 %, 3 MiB, 8.72 W; @1786719207
0, 0 %, 3 MiB, 22.13 W;1, 0 %, 3 MiB, 22.78 W;2, 0 %, 3 MiB, 12.25 W;3, 0 %, 3 MiB, 6.40 W; @1786719210
0, 0 %, 3 MiB, 22.13 W;1, 0 %, 3 MiB, 22.66 W;2, 0 %, 3 MiB, 12.16 W;3, 0 %, 3 MiB, 6.61 W; @1786719213
0, 0 %, 3 MiB, 22.25 W;1, 0 %, 3 MiB, 22.86 W;2, 0 %, 3 MiB, 12.44 W;3, 0 %, 3 MiB, 6.56 W; @1786719216
0, 0 %, 3 MiB, 22.02 W;1, 0 %, 3 MiB, 22.97 W;2, 0 %, 3 MiB, 12.23 W;3, 0 %, 3 MiB, 6.32 W; @1786719219
0, 0 %, 3 MiB, 22.47 W;1, 0 %, 3 MiB, 23.02 W;2, 0 %, 3 MiB, 12.32 W;3, 0 %, 3 MiB, 6.42 W; @1786719223
0, 0 %, 3 MiB, 22.17 W;1, 0 %, 3 MiB, 22.50 W;2, 0 %, 3 MiB, 12.12 W;3, 0 %, 3 MiB, 6.55 W; @1786719226
0, 0 %, 3 MiB, 21.81 W;1, 0 %, 3 MiB, 22.64 W;2, 0 %, 3 MiB, 12.32 W;3, 0 %, 3 MiB, 6.41 W; @1786719229
0, 0 %, 3 MiB, 22.26 W;1, 0 %, 3 MiB, 23.74 W;2, 0 %, 3 MiB, 12.48 W;3, 0 %, 3 MiB, 6.54 W; @1786719232
0, 0 %, 3 MiB, 21.92 W;1, 0 %, 3 MiB, 22.23 W;2, 0 %, 3 MiB, 12.35 W;3, 0 %, 3 MiB, 6.50 W; @1786719235
0, 0 %, 3 MiB, 21.67 W;1, 0 %, 3 MiB, 23.25 W;2, 0 %, 3 MiB, 12.34 W;3, 0 %, 3 MiB, 6.65 W; @1786719238
0, 0 %, 3 MiB, 21.70 W;1, 0 %, 3 MiB, 22.82 W;2, 0 %, 3 MiB, 12.16 W;3, 0 %, 3 MiB, 6.58 W; @1786719242
0, 0 %, 3 MiB, 21.90 W;1, 0 %, 3 MiB, 23.39 W;2, 0 %, 3 MiB, 12.44 W;3, 0 %, 3 MiB, 6.35 W; @1786719245
0, 0 %, 3 MiB, 21.58 W;1, 0 %, 3 MiB, 23.06 W;2, 0 %, 3 MiB, 12.41 W;3, 0 %, 3 MiB, 6.61 W; @1786719248
0, 0 %, 3 MiB, 21.81 W;1, 0 %, 3 MiB, 23.53 W;2, 0 %, 3 MiB, 12.21 W;3, 0 %, 3 MiB, 6.65 W; @1786719251
0, 0 %, 3 MiB, 22.09 W;1, 0 %, 3 MiB, 23.26 W;2, 0 %, 3 MiB, 12.22 W;3, 0 %, 3 MiB, 6.63 W; @1786719254
0, 0 %, 3 MiB, 21.67 W;1, 0 %, 3 MiB, 23.56 W;2, 0 %, 3 MiB, 11.99 W;3, 0 %, 3 MiB, 6.97 W; @1786719257
0, 0 %, 3 MiB, 21.71 W;1, 0 %, 3 MiB, 23.79 W;2, 0 %, 3 MiB, 11.87 W;3, 0 %, 3 MiB, 7.23 W; @1786719261
0, 0 %, 3 MiB, 21.54 W;1, 0 %, 3 MiB, 23.67 W;2, 0 %, 3 MiB, 12.09 W;3, 0 %, 3 MiB, 6.83 W; @1786719264
0, 0 %, 3 MiB, 21.98 W;1, 0 %, 3 MiB, 23.65 W;2, 0 %, 3 MiB, 12.21 W;3, 0 %, 3 MiB, 6.43 W; @1786719267
0, 0 %, 3 MiB, 22.15 W;1, 0 %, 3 MiB, 24.03 W;2, 0 %, 3 MiB, 11.74 W;3, 0 %, 3 MiB, 7.41 W; @1786719270
0, 0 %, 3 MiB, 21.98 W;1, 0 %, 3 MiB, 23.99 W;2, 0 %, 3 MiB, 12.08 W;3, 0 %, 3 MiB, 7.58 W; @1786719274
0, 0 %, 3 MiB, 22.11 W;1, 0 %, 3 MiB, 23.87 W;2, 0 %, 3 MiB, 11.94 W;3, 0 %, 3 MiB, 7.41 W; @1786719277
0, 0 %, 3 MiB, 21.70 W;1, 0 %, 3 MiB, 23.40 W;2, 0 %, 3 MiB, 12.05 W;3, 0 %, 3 MiB, 7.49 W; @1786719280
0, 0 %, 3 MiB, 22.09 W;1, 0 %, 3 MiB, 24.14 W;2, 0 %, 3 MiB, 12.00 W;3, 0 %, 3 MiB, 7.39 W; @1786719283
0, 0 %, 3 MiB, 21.87 W;1, 0 %, 3 MiB, 23.94 W;2, 0 %, 3 MiB, 12.06 W;3, 0 %, 3 MiB, 6.90 W; @1786719286
0, 0 %, 3 MiB, 22.08 W;1, 0 %, 3 MiB, 23.65 W;2, 0 %, 3 MiB, 12.24 W;3, 0 %, 3 MiB, 7.11 W; @1786719289
0, 0 %, 3 MiB, 22.31 W;1, 0 %, 3 MiB, 23.96 W;2, 0 %, 3 MiB, 12.24 W;3, 0 %, 3 MiB, 7.84 W; @1786719293
0, 0 %, 3 MiB, 21.89 W;1, 0 %, 3 MiB, 24.08 W;2, 0 %, 3 MiB, 12.26 W;3, 0 %, 3 MiB, 7.14 W; @1786719296
0, 0 %, 3 MiB, 21.75 W;1, 0 %, 3 MiB, 23.82 W;2, 0 %, 3 MiB, 11.94 W;3, 0 %, 3 MiB, 6.70 W; @1786719299
0, 0 %, 3 MiB, 21.38 W;1, 0 %, 3 MiB, 23.67 W;2, 0 %, 3 MiB, 12.04 W;3, 0 %, 3 MiB, 7.42 W; @1786719302
0, 0 %, 3 MiB, 21.91 W;1, 0 %, 3 MiB, 23.47 W;2, 0 %, 3 MiB, 12.00 W;3, 0 %, 3 MiB, 7.32 W; @1786719305
0, 0 %, 3 MiB, 22.02 W;1, 0 %, 3 MiB, 23.83 W;2, 0 %, 3 MiB, 12.18 W;3, 0 %, 3 MiB, 7.26 W; @1786719308
0, 0 %, 3 MiB, 21.89 W;1, 0 %, 3 MiB, 24.24 W;2, 0 %, 3 MiB, 11.94 W;3, 0 %, 3 MiB, 7.39 W; @1786719311
0, 0 %, 3 MiB, 21.77 W;1, 0 %, 3 MiB, 23.76 W;2, 0 %, 3 MiB, 11.94 W;3, 0 %, 3 MiB, 7.62 W; @1786719315
0, 0 %, 3 MiB, 22.35 W;1, 0 %, 3 MiB, 23.92 W;2, 0 %, 3 MiB, 12.38 W;3, 0 %, 3 MiB, 7.58 W; @1786719318
0, 0 %, 3 MiB, 22.48 W;1, 0 %, 3 MiB, 23.68 W;2, 0 %, 3 MiB, 12.26 W;3, 0 %, 3 MiB, 7.66 W; @1786719321
0, 0 %, 3 MiB, 21.69 W;1, 0 %, 3 MiB, 23.92 W;2, 0 %, 3 MiB, 12.24 W;3, 0 %, 3 MiB, 7.60 W; @1786719324
0, 0 %, 3 MiB, 21.79 W;1, 0 %, 3 MiB, 23.07 W;2, 0 %, 3 MiB, 12.12 W;3, 0 %, 3 MiB, 9.18 W; @1786719327
0, 0 %, 3 MiB, 22.04 W;1, 0 %, 3 MiB, 23.56 W;2, 0 %, 3 MiB, 12.32 W;3, 0 %, 3 MiB, 9.37 W; @1786719330
0, 0 %, 3 MiB, 22.27 W;1, 0 %, 3 MiB, 23.88 W;2, 0 %, 3 MiB, 12.35 W;3, 0 %, 3 MiB, 9.05 W; @1786719334
0, 0 %, 3 MiB, 22.10 W;1, 0 %, 3 MiB, 23.78 W;2, 0 %, 3 MiB, 12.36 W;3, 0 %, 3 MiB, 8.77 W; @1786719337
0, 0 %, 3 MiB, 22.11 W;1, 0 %, 3 MiB, 24.49 W;2, 0 %, 3 MiB, 12.41 W;3, 0 %, 3 MiB, 9.09 W; @1786719340
0, 0 %, 3 MiB, 22.18 W;1, 0 %, 3 MiB, 23.82 W;2, 0 %, 3 MiB, 12.15 W;3, 0 %, 3 MiB, 8.77 W; @1786719343
0, 0 %, 3 MiB, 22.26 W;1, 0 %, 3 MiB, 23.45 W;2, 0 %, 3 MiB, 12.17 W;3, 0 %, 3 MiB, 8.81 W; @1786719346
0, 0 %, 3 MiB, 22.21 W;1, 0 %, 3 MiB, 23.52 W;2, 0 %, 3 MiB, 12.28 W;3, 0 %, 3 MiB, 8.77 W; @1786719349
0, 0 %, 3 MiB, 22.78 W;1, 0 %, 3 MiB, 24.10 W;2, 0 %, 3 MiB, 12.59 W;3, 0 %, 3 MiB, 9.30 W; @1786719352
0, 0 %, 3 MiB, 22.14 W;1, 0 %, 3 MiB, 23.68 W;2, 0 %, 3 MiB, 12.18 W;3, 0 %, 3 MiB, 7.68 W; @1786719356
0, 0 %, 3 MiB, 22.45 W;1, 0 %, 3 MiB, 23.44 W;2, 0 %, 3 MiB, 12.36 W;3, 0 %, 3 MiB, 7.99 W; @1786719359
0, 0 %, 3 MiB, 22.81 W;1, 0 %, 3 MiB, 23.59 W;2, 0 %, 3 MiB, 12.37 W;3, 0 %, 3 MiB, 8.56 W; @1786719362
0, 0 %, 3 MiB, 22.48 W;1, 0 %, 3 MiB, 23.85 W;2, 0 %, 3 MiB, 12.38 W;3, 0 %, 3 MiB, 9.17 W; @1786719365
0, 0 %, 3 MiB, 21.86 W;1, 0 %, 3 MiB, 24.41 W;2, 0 %, 3 MiB, 12.10 W;3, 0 %, 3 MiB, 8.93 W; @1786719368
0, 0 %, 3 MiB, 22.24 W;1, 0 %, 3 MiB, 24.05 W;2, 0 %, 3 MiB, 12.05 W;3, 0 %, 3 MiB, 9.21 W; @1786719371
0, 0 %, 3 MiB, 22.05 W;1, 0 %, 3 MiB, 23.67 W;2, 0 %, 3 MiB, 12.32 W;3, 0 %, 3 MiB, 9.19 W; @1786719375
0, 0 %, 3 MiB, 22.08 W;1, 0 %, 3 MiB, 24.14 W;2, 0 %, 3 MiB, 12.16 W;3, 0 %, 3 MiB, 9.19 W; @1786719378
0, 0 %, 3 MiB, 22.03 W;1, 0 %, 3 MiB, 23.33 W;2, 0 %, 3 MiB, 12.37 W;3, 0 %, 3 MiB, 9.07 W; @1786719381
0, 0 %, 3 MiB, 22.29 W;1, 0 %, 3 MiB, 23.48 W;2, 0 %, 3 MiB, 12.32 W;3, 0 %, 3 MiB, 9.30 W; @1786719384
0, 0 %, 3 MiB, 22.26 W;1, 0 %, 3 MiB, 23.52 W;2, 0 %, 3 MiB, 12.44 W;3, 0 %, 3 MiB, 9.52 W; @1786719387
0, 0 %, 3 MiB, 21.93 W;1, 0 %, 3 MiB, 23.43 W;2, 0 %, 3 MiB, 12.27 W;3, 0 %, 3 MiB, 8.82 W; @1786719391
0, 0 %, 3 MiB, 22.18 W;1, 0 %, 3 MiB, 23.42 W;2, 0 %, 3 MiB, 12.71 W;3, 0 %, 3 MiB, 9.07 W; @1786719394
0, 0 %, 3 MiB, 22.30 W;1, 0 %, 3 MiB, 24.21 W;2, 0 %, 3 MiB, 12.62 W;3, 0 %, 3 MiB, 8.79 W; @1786719397
0, 0 %, 3 MiB, 22.29 W;1, 0 %, 3 MiB, 24.47 W;2, 0 %, 3 MiB, 12.98 W;3, 0 %, 3 MiB, 9.70 W; @1786719400
0, 0 %, 3 MiB, 21.74 W;1, 0 %, 3 MiB, 23.23 W;2, 0 %, 3 MiB, 12.23 W;3, 0 %, 3 MiB, 9.11 W; @1786719403
0, 0 %, 3 MiB, 21.82 W;1, 0 %, 3 MiB, 23.30 W;2, 0 %, 3 MiB, 12.32 W;3, 0 %, 3 MiB, 9.31 W; @1786719406
0, 0 %, 3 MiB, 21.67 W;1, 0 %, 3 MiB, 23.36 W;2, 0 %, 3 MiB, 12.32 W;3, 0 %, 3 MiB, 9.08 W; @1786719410
0, 0 %, 3 MiB, 21.90 W;1, 0 %, 3 MiB, 23.77 W;2, 0 %, 3 MiB, 12.72 W;3, 0 %, 3 MiB, 9.28 W; @1786719413
0, 0 %, 3 MiB, 21.73 W;1, 0 %, 3 MiB, 23.54 W;2, 0 %, 3 MiB, 12.52 W;3, 0 %, 3 MiB, 8.69 W; @1786719416
0, 0 %, 3 MiB, 21.89 W;1, 0 %, 3 MiB, 23.27 W;2, 0 %, 3 MiB, 12.46 W;3, 0 %, 3 MiB, 9.23 W; @1786719419
0, 0 %, 3 MiB, 21.79 W;1, 0 %, 3 MiB, 23.23 W;2, 0 %, 3 MiB, 12.50 W;3, 0 %, 3 MiB, 9.22 W; @1786719422
0, 0 %, 3 MiB, 21.83 W;1, 0 %, 3 MiB, 23.17 W;2, 0 %, 3 MiB, 12.68 W;3, 0 %, 3 MiB, 9.00 W; @1786719425
0, 0 %, 3 MiB, 21.92 W;1, 0 %, 3 MiB, 23.18 W;2, 0 %, 3 MiB, 12.42 W;3, 0 %, 3 MiB, 7.91 W; @1786719429
0, 0 %, 3 MiB, 22.23 W;1, 0 %, 3 MiB, 23.72 W;2, 0 %, 3 MiB, 12.43 W;3, 0 %, 3 MiB, 8.66 W; @1786719432
0, 5 %, 1511 MiB, 26.85 W;1, 0 %, 3 MiB, 23.90 W;2, 0 %, 3 MiB, 12.26 W;3, 0 %, 3 MiB, 9.44 W; @1786719435
0, 0 %, 1511 MiB, 63.96 W;1, 0 %, 3 MiB, 23.14 W;2, 0 %, 3 MiB, 12.30 W;3, 0 %, 3 MiB, 9.45 W; @1786719438
0, 0 %, 1511 MiB, 64.07 W;1, 0 %, 3 MiB, 22.93 W;2, 0 %, 3 MiB, 12.18 W;3, 0 %, 3 MiB, 8.98 W; @1786719441
0, 0 %, 1511 MiB, 63.93 W;1, 0 %, 3 MiB, 22.95 W;2, 0 %, 3 MiB, 12.23 W;3, 0 %, 3 MiB, 8.77 W; @1786719444
0, 0 %, 1511 MiB, 63.73 W;1, 0 %, 3 MiB, 22.92 W;2, 0 %, 3 MiB, 11.98 W;3, 0 %, 3 MiB, 8.82 W; @1786719448
0, 0 %, 1511 MiB, 63.82 W;1, 0 %, 3 MiB, 22.86 W;2, 0 %, 3 MiB, 12.09 W;3, 0 %, 3 MiB, 9.01 W; @1786719451
0, 0 %, 1511 MiB, 29.12 W;1, 0 %, 3 MiB, 23.35 W;2, 0 %, 3 MiB, 12.27 W;3, 0 %, 3 MiB, 8.95 W; @1786719454
0, 0 %, 1511 MiB, 22.27 W;1, 0 %, 3 MiB, 22.60 W;2, 0 %, 3 MiB, 12.22 W;3, 0 %, 3 MiB, 9.31 W; @1786719457
0, 0 %, 1511 MiB, 22.10 W;1, 0 %, 3 MiB, 23.31 W;2, 0 %, 3 MiB, 12.13 W;3, 0 %, 3 MiB, 9.29 W; @1786719460
0, 0 %, 1511 MiB, 22.19 W;1, 0 %, 3 MiB, 22.34 W;2, 0 %, 3 MiB, 11.87 W;3, 0 %, 3 MiB, 8.66 W; @1786719464
0, 0 %, 1511 MiB, 22.20 W;1, 0 %, 3 MiB, 23.08 W;2, 0 %, 3 MiB, 12.10 W;3, 0 %, 3 MiB, 8.10 W; @1786719467
0, 0 %, 1511 MiB, 22.35 W;1, 0 %, 3 MiB, 23.23 W;2, 0 %, 3 MiB, 12.64 W;3, 0 %, 3 MiB, 8.60 W; @1786719470
0, 0 %, 1511 MiB, 21.81 W;1, 0 %, 3 MiB, 23.29 W;2, 0 %, 3 MiB, 12.39 W;3, 0 %, 3 MiB, 9.05 W; @1786719473
0, 0 %, 1511 MiB, 21.87 W;1, 0 %, 3 MiB, 23.31 W;2, 0 %, 3 MiB, 12.24 W;3, 0 %, 3 MiB, 9.00 W; @1786719476
0, 0 %, 1511 MiB, 21.51 W;1, 0 %, 3 MiB, 22.94 W;2, 0 %, 3 MiB, 12.22 W;3, 0 %, 3 MiB, 9.02 W; @1786719479
0, 0 %, 1511 MiB, 22.06 W;1, 0 %, 3 MiB, 23.16 W;2, 0 %, 3 MiB, 12.19 W;3, 0 %, 3 MiB, 8.96 W; @1786719483
0, 0 %, 1511 MiB, 22.06 W;1, 0 %, 3 MiB, 23.32 W;2, 0 %, 3 MiB, 12.27 W;3, 0 %, 3 MiB, 9.14 W; @1786719486
0, 0 %, 1511 MiB, 21.95 W;1, 0 %, 3 MiB, 22.80 W;2, 0 %, 3 MiB, 12.17 W;3, 0 %, 3 MiB, 8.72 W; @1786719489
0, 0 %, 1511 MiB, 21.94 W;1, 0 %, 3 MiB, 23.44 W;2, 0 %, 3 MiB, 12.32 W;3, 0 %, 3 MiB, 8.98 W; @1786719492
0, 0 %, 1511 MiB, 22.12 W;1, 0 %, 3 MiB, 23.08 W;2, 0 %, 3 MiB, 12.27 W;3, 0 %, 3 MiB, 9.03 W; @1786719495
0, 0 %, 1511 MiB, 21.85 W;1, 0 %, 3 MiB, 22.79 W;2, 0 %, 3 MiB, 12.49 W;3, 0 %, 3 MiB, 8.65 W; @1786719499
0, 0 %, 1511 MiB, 22.27 W;1, 0 %, 3 MiB, 23.34 W;2, 0 %, 3 MiB, 12.51 W;3, 0 %, 3 MiB, 7.94 W; @1786719502
0, 0 %, 1511 MiB, 22.42 W;1, 0 %, 3 MiB, 23.72 W;2, 0 %, 3 MiB, 13.51 W;3, 0 %, 3 MiB, 9.10 W; @1786719505
0, 2 %, 4157 MiB, 47.02 W;1, 0 %, 3 MiB, 23.21 W;2, 0 %, 3 MiB, 12.52 W;3, 0 %, 3 MiB, 9.39 W; @1786719508
0, 2 %, 6221 MiB, 65.22 W;1, 0 %, 3 MiB, 22.69 W;2, 0 %, 3 MiB, 12.53 W;3, 0 %, 3 MiB, 8.85 W; @1786719511
0, 2 %, 7553 MiB, 64.68 W;1, 0 %, 3 MiB, 23.31 W;2, 0 %, 3 MiB, 12.38 W;3, 0 %, 3 MiB, 8.75 W; @1786719514
0, 8 %, 9329 MiB, 65.64 W;1, 0 %, 3 MiB, 23.36 W;2, 0 %, 3 MiB, 12.44 W;3, 0 %, 3 MiB, 8.90 W; @1786719518
0, 2 %, 11111 MiB, 65.77 W;1, 0 %, 3 MiB, 23.21 W;2, 0 %, 3 MiB, 12.52 W;3, 0 %, 3 MiB, 8.61 W; @1786719521
0, 2 %, 12887 MiB, 65.36 W;1, 0 %, 3 MiB, 22.64 W;2, 0 %, 3 MiB, 12.30 W;3, 0 %, 3 MiB, 8.98 W; @1786719524
0, 2 %, 14075 MiB, 65.53 W;1, 0 %, 3 MiB, 23.05 W;2, 0 %, 3 MiB, 12.41 W;3, 0 %, 3 MiB, 8.41 W; @1786719527
0, 4 %, 15851 MiB, 64.01 W;1, 0 %, 3 MiB, 23.76 W;2, 0 %, 3 MiB, 12.28 W;3, 0 %, 3 MiB, 8.94 W; @1786719530
0, 2 %, 17183 MiB, 65.63 W;1, 0 %, 3 MiB, 23.94 W;2, 0 %, 3 MiB, 12.57 W;3, 0 %, 3 MiB, 8.75 W; @1786719533
0, 2 %, 18965 MiB, 65.70 W;1, 0 %, 3 MiB, 23.27 W;2, 0 %, 3 MiB, 12.13 W;3, 0 %, 3 MiB, 7.53 W; @1786719536
0, 2 %, 20741 MiB, 65.93 W;1, 0 %, 3 MiB, 23.55 W;2, 0 %, 3 MiB, 12.55 W;3, 0 %, 3 MiB, 8.37 W; @1786719540
0, 2 %, 22523 MiB, 64.25 W;1, 0 %, 3 MiB, 23.90 W;2, 0 %, 3 MiB, 12.48 W;3, 0 %, 3 MiB, 8.98 W; @1786719543
0, 2 %, 23705 MiB, 64.17 W;1, 0 %, 3 MiB, 23.58 W;2, 0 %, 3 MiB, 12.48 W;3, 0 %, 3 MiB, 8.96 W; @1786719546
0, 2 %, 25487 MiB, 65.41 W;1, 0 %, 3 MiB, 24.23 W;2, 0 %, 3 MiB, 12.25 W;3, 0 %, 3 MiB, 9.09 W; @1786719549
0, 2 %, 28295 MiB, 63.90 W;1, 0 %, 3 MiB, 24.22 W;2, 0 %, 3 MiB, 12.58 W;3, 0 %, 3 MiB, 9.01 W; @1786719552
0, 0 %, 27719 MiB, 67.90 W;1, 0 %, 3 MiB, 23.81 W;2, 0 %, 3 MiB, 12.37 W;3, 0 %, 3 MiB, 8.95 W; @1786719555
0, 0 %, 27719 MiB, 63.95 W;1, 0 %, 3 MiB, 23.46 W;2, 0 %, 3 MiB, 12.55 W;3, 0 %, 3 MiB, 9.02 W; @1786719558
0, 0 %, 27719 MiB, 63.68 W;1, 0 %, 3 MiB, 23.57 W;2, 0 %, 3 MiB, 12.23 W;3, 0 %, 3 MiB, 8.94 W; @1786719562
0, 0 %, 27719 MiB, 63.65 W;1, 0 %, 3 MiB, 23.96 W;2, 0 %, 3 MiB, 12.35 W;3, 0 %, 3 MiB, 8.90 W; @1786719565
0, 0 %, 27719 MiB, 63.83 W;1, 0 %, 3 MiB, 23.27 W;2, 0 %, 3 MiB, 12.36 W;3, 0 %, 3 MiB, 8.88 W; @1786719568
0, 0 %, 27719 MiB, 63.66 W;1, 0 %, 3 MiB, 23.59 W;2, 0 %, 3 MiB, 12.19 W;3, 0 %, 3 MiB, 8.27 W; @1786719571
0, 0 %, 27719 MiB, 23.16 W;1, 0 %, 3 MiB, 23.68 W;2, 0 %, 3 MiB, 12.64 W;3, 0 %, 3 MiB, 7.86 W; @1786719574
0, 0 %, 27719 MiB, 22.53 W;1, 0 %, 3 MiB, 24.06 W;2, 0 %, 3 MiB, 13.31 W;3, 0 %, 3 MiB, 8.50 W; @1786719578
0, 0 %, 27719 MiB, 22.25 W;1, 0 %, 3 MiB, 24.91 W;2, 0 %, 3 MiB, 13.49 W;3, 0 %, 3 MiB, 10.09 W; @1786719581
0, 0 %, 27719 MiB, 22.36 W;1, 0 %, 3 MiB, 24.24 W;2, 0 %, 3 MiB, 12.38 W;3, 0 %, 3 MiB, 8.74 W; @1786719584
0, 0 %, 27719 MiB, 21.85 W;1, 0 %, 3 MiB, 23.64 W;2, 0 %, 3 MiB, 12.34 W;3, 0 %, 3 MiB, 8.63 W; @1786719587
0, 0 %, 27719 MiB, 22.36 W;1, 0 %, 3 MiB, 23.90 W;2, 0 %, 3 MiB, 12.44 W;3, 0 %, 3 MiB, 8.72 W; @1786719590
0, 0 %, 27719 MiB, 22.31 W;1, 0 %, 3 MiB, 23.40 W;2, 0 %, 3 MiB, 12.49 W;3, 0 %, 3 MiB, 8.84 W; @1786719593
0, 0 %, 27719 MiB, 22.03 W;1, 0 %, 3 MiB, 23.99 W;2, 0 %, 3 MiB, 12.42 W;3, 0 %, 3 MiB, 8.81 W; @1786719596
0, 0 %, 27719 MiB, 21.71 W;1, 0 %, 3 MiB, 23.52 W;2, 0 %, 3 MiB, 12.57 W;3, 0 %, 3 MiB, 8.84 W; @1786719600
0, 0 %, 27719 MiB, 22.22 W;1, 0 %, 3 MiB, 24.18 W;2, 0 %, 3 MiB, 13.09 W;3, 0 %, 3 MiB, 9.28 W; @1786719603
0, 0 %, 27719 MiB, 64.28 W;1, 0 %, 3 MiB, 63.30 W;2, 0 %, 3 MiB, 54.36 W;3, 0 %, 3 MiB, 50.98 W; @1786719606
0, 0 %, 27719 MiB, 22.90 W;1, 0 %, 3 MiB, 27.73 W;2, 0 %, 3 MiB, 15.10 W;3, 0 %, 3 MiB, 28.13 W; @1786719609
0, 0 %, 27719 MiB, 22.08 W;1, 0 %, 3 MiB, 23.97 W;2, 0 %, 3 MiB, 12.72 W;3, 0 %, 3 MiB, 8.18 W; @1786719612
0, 0 %, 27719 MiB, 21.90 W;1, 0 %, 3 MiB, 24.59 W;2, 0 %, 3 MiB, 12.39 W;3, 0 %, 3 MiB, 9.12 W; @1786719615
0, 0 %, 27719 MiB, 21.98 W;1, 0 %, 3 MiB, 24.03 W;2, 0 %, 3 MiB, 12.33 W;3, 0 %, 3 MiB, 9.18 W; @1786719618
0, 0 %, 27719 MiB, 21.79 W;1, 0 %, 3 MiB, 23.40 W;2, 0 %, 3 MiB, 12.35 W;3, 0 %, 3 MiB, 8.96 W; @1786719622
0, 0 %, 27719 MiB, 21.77 W;1, 0 %, 3 MiB, 23.93 W;2, 0 %, 3 MiB, 12.21 W;3, 0 %, 3 MiB, 8.89 W; @1786719625
0, 0 %, 27719 MiB, 22.10 W;1, 0 %, 3 MiB, 23.33 W;2, 0 %, 3 MiB, 12.16 W;3, 0 %, 3 MiB, 9.01 W; @1786719628
0, 0 %, 27719 MiB, 22.08 W;1, 0 %, 3 MiB, 23.93 W;2, 0 %, 3 MiB, 12.06 W;3, 0 %, 3 MiB, 9.31 W; @1786719631
0, 0 %, 27719 MiB, 21.77 W;1, 0 %, 3 MiB, 24.00 W;2, 0 %, 3 MiB, 11.97 W;3, 0 %, 3 MiB, 8.99 W; @1786719634
0, 0 %, 27719 MiB, 21.74 W;1, 0 %, 3 MiB, 23.35 W;2, 0 %, 3 MiB, 12.09 W;3, 0 %, 3 MiB, 8.93 W; @1786719637
0, 0 %, 27719 MiB, 21.86 W;1, 0 %, 3 MiB, 23.89 W;2, 0 %, 3 MiB, 12.15 W;3, 0 %, 3 MiB, 8.85 W; @1786719640
0, 0 %, 27719 MiB, 22.40 W;1, 0 %, 3 MiB, 23.20 W;2, 0 %, 3 MiB, 12.23 W;3, 0 %, 3 MiB, 8.74 W; @1786719643
0, 0 %, 27719 MiB, 22.03 W;1, 0 %, 3 MiB, 23.54 W;2, 0 %, 3 MiB, 12.52 W;3, 0 %, 3 MiB, 8.42 W; @1786719646
0, 0 %, 27719 MiB, 22.69 W;1, 0 %, 3 MiB, 23.31 W;2, 0 %, 3 MiB, 12.88 W;3, 0 %, 3 MiB, 8.45 W; @1786719650
0, 0 %, 27719 MiB, 22.41 W;1, 0 %, 3 MiB, 24.06 W;2, 0 %, 3 MiB, 12.22 W;3, 0 %, 3 MiB, 8.98 W; @1786719653
0, 0 %, 27719 MiB, 22.12 W;1, 0 %, 3 MiB, 23.58 W;2, 0 %, 3 MiB, 12.19 W;3, 0 %, 3 MiB, 9.09 W; @1786719656
0, 0 %, 27719 MiB, 22.15 W;1, 0 %, 3 MiB, 23.93 W;2, 0 %, 3 MiB, 12.43 W;3, 0 %, 3 MiB, 9.27 W; @1786719659
0, 0 %, 27719 MiB, 22.29 W;1, 0 %, 3 MiB, 23.28 W;2, 0 %, 3 MiB, 12.66 W;3, 0 %, 3 MiB, 8.83 W; @1786719662
0, 0 %, 27719 MiB, 22.19 W;1, 0 %, 3 MiB, 23.63 W;2, 0 %, 3 MiB, 12.66 W;3, 0 %, 3 MiB, 8.34 W; @1786719665
0, 0 %, 27719 MiB, 22.21 W;1, 0 %, 3 MiB, 24.51 W;2, 0 %, 3 MiB, 12.48 W;3, 0 %, 3 MiB, 8.49 W; @1786719668
0, 0 %, 27719 MiB, 22.58 W;1, 0 %, 3 MiB, 23.86 W;2, 0 %, 3 MiB, 12.56 W;3, 0 %, 3 MiB, 8.56 W; @1786719671
0, 0 %, 27719 MiB, 22.03 W;1, 0 %, 3 MiB, 23.83 W;2, 0 %, 3 MiB, 12.36 W;3, 0 %, 3 MiB, 8.59 W; @1786719674
0, 0 %, 27719 MiB, 22.41 W;1, 0 %, 3 MiB, 24.05 W;2, 0 %, 3 MiB, 12.45 W;3, 0 %, 3 MiB, 8.57 W; @1786719678
0, 0 %, 27719 MiB, 22.13 W;1, 0 %, 3 MiB, 24.16 W;2, 0 %, 3 MiB, 12.04 W;3, 0 %, 3 MiB, 7.57 W; @1786719681
0, 0 %, 27719 MiB, 22.51 W;1, 0 %, 3 MiB, 23.77 W;2, 0 %, 3 MiB, 12.20 W;3, 0 %, 3 MiB, 7.99 W; @1786719684
0, 0 %, 27719 MiB, 22.59 W;1, 0 %, 3 MiB, 23.88 W;2, 0 %, 3 MiB, 12.54 W;3, 0 %, 3 MiB, 8.26 W; @1786719687
0, 0 %, 27719 MiB, 22.38 W;1, 0 %, 3 MiB, 24.04 W;2, 0 %, 3 MiB, 12.26 W;3, 0 %, 3 MiB, 8.79 W; @1786719690
0, 0 %, 27719 MiB, 22.48 W;1, 0 %, 3 MiB, 23.91 W;2, 0 %, 3 MiB, 12.25 W;3, 0 %, 3 MiB, 8.79 W; @1786719693
0, 0 %, 27719 MiB, 22.45 W;1, 0 %, 3 MiB, 24.00 W;2, 0 %, 3 MiB, 12.20 W;3, 0 %, 3 MiB, 8.09 W; @1786719696
0, 0 %, 27719 MiB, 22.29 W;1, 0 %, 3 MiB, 23.61 W;2, 0 %, 3 MiB, 12.40 W;3, 0 %, 3 MiB, 8.60 W; @1786719699
0, 0 %, 27719 MiB, 22.33 W;1, 0 %, 3 MiB, 23.94 W;2, 0 %, 3 MiB, 12.31 W;3, 0 %, 3 MiB, 8.43 W; @1786719702
0, 0 %, 27719 MiB, 22.27 W;1, 0 %, 3 MiB, 23.58 W;2, 0 %, 3 MiB, 12.35 W;3, 0 %, 3 MiB, 8.47 W; @1786719706
0, 0 %, 27719 MiB, 22.33 W;1, 0 %, 3 MiB, 24.11 W;2, 0 %, 3 MiB, 12.53 W;3, 0 %, 3 MiB, 8.68 W; @1786719709
0, 0 %, 27719 MiB, 21.99 W;1, 0 %, 3 MiB, 24.01 W;2, 0 %, 3 MiB, 12.33 W;3, 0 %, 3 MiB, 8.64 W; @1786719712
0, 0 %, 27719 MiB, 21.96 W;1, 0 %, 3 MiB, 24.08 W;2, 0 %, 3 MiB, 12.36 W;3, 0 %, 3 MiB, 8.50 W; @1786719715
0, 0 %, 27719 MiB, 22.08 W;1, 0 %, 3 MiB, 24.26 W;2, 0 %, 3 MiB, 12.19 W;3, 0 %, 3 MiB, 7.34 W; @1786719718
0, 0 %, 27719 MiB, 22.38 W;1, 0 %, 3 MiB, 23.78 W;2, 0 %, 3 MiB, 12.36 W;3, 0 %, 3 MiB, 7.99 W; @1786719721
0, 0 %, 27719 MiB, 21.75 W;1, 0 %, 3 MiB, 24.17 W;2, 0 %, 3 MiB, 12.86 W;3, 0 %, 3 MiB, 8.53 W; @1786719724
0, 0 %, 27719 MiB, 22.00 W;1, 0 %, 3 MiB, 23.85 W;2, 0 %, 3 MiB, 12.04 W;3, 0 %, 3 MiB, 8.62 W; @1786719727
0, 0 %, 27719 MiB, 22.24 W;1, 0 %, 3 MiB, 24.03 W;2, 0 %, 3 MiB, 12.15 W;3, 0 %, 3 MiB, 8.78 W; @1786719730
0, 0 %, 27719 MiB, 22.28 W;1, 0 %, 3 MiB, 23.85 W;2, 0 %, 3 MiB, 11.95 W;3, 0 %, 3 MiB, 8.81 W; @1786719733
0, 0 %, 27719 MiB, 22.36 W;1, 0 %, 3 MiB, 24.03 W;2, 0 %, 3 MiB, 12.07 W;3, 0 %, 3 MiB, 8.74 W; @1786719737
0, 0 %, 27719 MiB, 22.76 W;1, 0 %, 3 MiB, 24.17 W;2, 0 %, 3 MiB, 12.17 W;3, 0 %, 3 MiB, 8.82 W; @1786719740
0, 0 %, 27719 MiB, 22.51 W;1, 0 %, 3 MiB, 24.13 W;2, 0 %, 3 MiB, 11.97 W;3, 0 %, 3 MiB, 8.53 W; @1786719743
0, 0 %, 27719 MiB, 22.26 W;1, 0 %, 3 MiB, 24.11 W;2, 0 %, 3 MiB, 12.21 W;3, 0 %, 3 MiB, 8.83 W; @1786719746
0, 0 %, 27719 MiB, 22.44 W;1, 0 %, 3 MiB, 23.81 W;2, 0 %, 3 MiB, 12.10 W;3, 0 %, 3 MiB, 8.76 W; @1786719749
0, 0 %, 27719 MiB, 22.22 W;1, 0 %, 3 MiB, 23.83 W;2, 0 %, 3 MiB, 12.06 W;3, 0 %, 3 MiB, 8.10 W; @1786719752
0, 0 %, 27719 MiB, 22.37 W;1, 0 %, 3 MiB, 24.45 W;2, 0 %, 3 MiB, 12.18 W;3, 0 %, 3 MiB, 7.95 W; @1786719755
0, 0 %, 27719 MiB, 22.62 W;1, 0 %, 3 MiB, 24.34 W;2, 0 %, 3 MiB, 12.19 W;3, 0 %, 3 MiB, 8.09 W; @1786719758
0, 0 %, 27719 MiB, 22.09 W;1, 0 %, 3 MiB, 23.98 W;2, 0 %, 3 MiB, 12.28 W;3, 0 %, 3 MiB, 8.94 W; @1786719761
0, 0 %, 27719 MiB, 22.20 W;1, 0 %, 3 MiB, 23.84 W;2, 0 %, 3 MiB, 12.12 W;3, 0 %, 3 MiB, 8.88 W; @1786719765
0, 0 %, 27719 MiB, 22.34 W;1, 0 %, 3 MiB, 23.48 W;2, 0 %, 3 MiB, 12.07 W;3, 0 %, 3 MiB, 8.89 W; @1786719768
0, 0 %, 27719 MiB, 22.51 W;1, 0 %, 3 MiB, 23.19 W;2, 0 %, 3 MiB, 12.23 W;3, 0 %, 3 MiB, 9.04 W; @1786719771
0, 0 %, 27719 MiB, 22.54 W;1, 0 %, 3 MiB, 24.03 W;2, 0 %, 3 MiB, 12.01 W;3, 0 %, 3 MiB, 8.76 W; @1786719774
0, 0 %, 27719 MiB, 22.53 W;1, 0 %, 3 MiB, 23.66 W;2, 0 %, 3 MiB, 12.06 W;3, 0 %, 3 MiB, 9.11 W; @1786719778
0, 0 %, 27719 MiB, 22.38 W;1, 0 %, 3 MiB, 23.97 W;2, 0 %, 3 MiB, 12.09 W;3, 0 %, 3 MiB, 8.77 W; @1786719781
0, 0 %, 27719 MiB, 22.39 W;1, 0 %, 3 MiB, 23.53 W;2, 0 %, 3 MiB, 11.83 W;3, 0 %, 3 MiB, 8.76 W; @1786719784
0, 0 %, 27719 MiB, 22.17 W;1, 0 %, 3 MiB, 23.59 W;2, 0 %, 3 MiB, 11.76 W;3, 0 %, 3 MiB, 8.89 W; @1786719787
0, 0 %, 27719 MiB, 21.90 W;1, 0 %, 3 MiB, 23.55 W;2, 0 %, 3 MiB, 11.83 W;3, 0 %, 3 MiB, 7.32 W; @1786719790
0, 0 %, 27719 MiB, 22.33 W;1, 0 %, 3 MiB, 23.45 W;2, 0 %, 3 MiB, 12.30 W;3, 34 %, 8472 MiB, 54.89 W; @1786719793
0, 0 %, 27719 MiB, 22.55 W;1, 0 %, 3 MiB, 23.02 W;2, 0 %, 3 MiB, 12.38 W;3, 0 %, 24162 MiB, 201.88 W; @1786719796
0, 0 %, 27719 MiB, 22.07 W;1, 0 %, 3 MiB, 23.43 W;2, 0 %, 3 MiB, 11.74 W;3, 0 %, 24162 MiB, 50.70 W; @1786719799
0, 0 %, 27719 MiB, 22.04 W;1, 0 %, 3 MiB, 23.74 W;2, 0 %, 3 MiB, 12.14 W;3, 0 %, 24980 MiB, 193.99 W; @1786719803
0, 0 %, 27719 MiB, 22.42 W;1, 0 %, 3 MiB, 23.57 W;2, 0 %, 3 MiB, 12.18 W;3, 0 %, 24980 MiB, 50.82 W; @1786719806
0, 0 %, 27719 MiB, 22.07 W;1, 0 %, 3 MiB, 22.72 W;2, 0 %, 3 MiB, 11.80 W;3, 0 %, 24980 MiB, 50.76 W; @1786719809
0, 0 %, 31815 MiB, 63.83 W;1, 0 %, 3 MiB, 25.85 W;2, 0 %, 3 MiB, 13.15 W;3, 0 %, 24980 MiB, 51.04 W; @1786719812
0, 0 %, 31815 MiB, 64.21 W;1, 0 %, 3 MiB, 23.50 W;2, 0 %, 3 MiB, 12.19 W;3, 0 %, 24980 MiB, 50.97 W; @1786719815
0, 1 %, 3 MiB, 65.76 W;1, 0 %, 3 MiB, 23.82 W;2, 0 %, 3 MiB, 12.66 W;3, 0 %, 3 MiB, 45.22 W; @1786719818
0, 0 %, 0 MiB, 59.89 W;1, 0 %, 0 MiB, 24.22 W;2, 0 %, 0 MiB, 12.48 W;3, 0 %, 0 MiB, 14.56 W; @1786719821
0, 0 %, 0 MiB, 28.02 W;1, 0 %, 0 MiB, 23.62 W;2, 0 %, 0 MiB, 12.21 W;3, 0 %, 0 MiB, 8.85 W; @1786719824
0, 0 %, 0 MiB, 22.57 W;1, 0 %, 0 MiB, 23.24 W;2, 0 %, 0 MiB, 12.53 W;3, 0 %, 0 MiB, 7.80 W; @1786719828
0, 0 %, 0 MiB, 22.43 W;1, 0 %, 0 MiB, 23.93 W;2, 0 %, 0 MiB, 13.06 W;3, 0 %, 0 MiB, 8.26 W; @1786719831
0, 0 %, 0 MiB, 22.77 W;1, 0 %, 0 MiB, 23.81 W;2, 0 %, 0 MiB, 12.47 W;3, 0 %, 0 MiB, 8.85 W; @1786719834
0, 0 %, 0 MiB, 22.79 W;1, 0 %, 0 MiB, 23.82 W;2, 0 %, 0 MiB, 12.40 W;3, 0 %, 0 MiB, 8.24 W; @1786719837
0, 0 %, 0 MiB, 22.30 W;1, 0 %, 0 MiB, 23.52 W;2, 0 %, 0 MiB, 12.39 W;3, 0 %, 0 MiB, 7.70 W; @1786719840
0, 0 %, 0 MiB, 22.43 W;1, 0 %, 0 MiB, 23.81 W;2, 0 %, 0 MiB, 12.43 W;3, 0 %, 0 MiB, 7.55 W; @1786719843
0, 0 %, 0 MiB, 23.11 W;1, 0 %, 0 MiB, 23.32 W;2, 0 %, 0 MiB, 12.87 W;3, 0 %, 0 MiB, 8.70 W; @1786719846
0, 0 %, 0 MiB, 23.17 W;1, 0 %, 0 MiB, 23.26 W;2, 0 %, 0 MiB, 12.58 W;3, 0 %, 0 MiB, 9.12 W; @1786719849
0, 0 %, 0 MiB, 23.05 W;1, 0 %, 0 MiB, 23.26 W;2, 0 %, 0 MiB, 12.54 W;3, 0 %, 0 MiB, 8.77 W; @1786719853
0, 0 %, 0 MiB, 22.83 W;1, 0 %, 0 MiB, 23.16 W;2, 0 %, 0 MiB, 12.61 W;3, 0 %, 0 MiB, 8.96 W; @1786719856
0, 0 %, 0 MiB, 22.51 W;1, 0 %, 0 MiB, 22.97 W;2, 0 %, 0 MiB, 12.68 W;3, 0 %, 0 MiB, 8.38 W; @1786719859
0, 0 %, 0 MiB, 21.76 W;1, 0 %, 0 MiB, 23.22 W;2, 0 %, 0 MiB, 12.18 W;3, 0 %, 0 MiB, 7.24 W; @1786719862
0, 0 %, 0 MiB, 22.18 W;1, 0 %, 0 MiB, 23.52 W;2, 0 %, 0 MiB, 12.55 W;3, 0 %, 0 MiB, 7.03 W; @1786719865
0, 0 %, 0 MiB, 22.93 W;1, 0 %, 0 MiB, 23.60 W;2, 0 %, 0 MiB, 12.75 W;3, 0 %, 0 MiB, 7.34 W; @1786719868
0, 0 %, 0 MiB, 22.04 W;1, 0 %, 0 MiB, 24.21 W;2, 0 %, 0 MiB, 12.17 W;3, 0 %, 0 MiB, 7.46 W; @1786719871
0, 0 %, 0 MiB, 21.80 W;1, 0 %, 0 MiB, 23.72 W;2, 0 %, 0 MiB, 12.40 W;3, 0 %, 0 MiB, 7.46 W; @1786719874
0, 0 %, 0 MiB, 22.06 W;1, 0 %, 0 MiB, 23.49 W;2, 0 %, 0 MiB, 12.34 W;3, 0 %, 0 MiB, 7.59 W; @1786719878
0, 0 %, 0 MiB, 21.84 W;1, 0 %, 0 MiB, 24.04 W;2, 0 %, 0 MiB, 12.28 W;3, 0 %, 0 MiB, 8.03 W; @1786719881
0, 0 %, 0 MiB, 21.42 W;1, 0 %, 0 MiB, 23.56 W;2, 0 %, 0 MiB, 12.39 W;3, 0 %, 0 MiB, 7.57 W; @1786719884
0, 0 %, 0 MiB, 21.70 W;1, 0 %, 0 MiB, 23.50 W;2, 0 %, 0 MiB, 12.29 W;3, 0 %, 0 MiB, 7.70 W; @1786719887
0, 0 %, 0 MiB, 21.71 W;1, 0 %, 0 MiB, 23.15 W;2, 0 %, 0 MiB, 12.08 W;3, 0 %, 0 MiB, 7.48 W; @1786719890
0, 0 %, 0 MiB, 21.43 W;1, 0 %, 0 MiB, 23.65 W;2, 0 %, 0 MiB, 12.34 W;3, 0 %, 0 MiB, 7.50 W; @1786719893
0, 0 %, 0 MiB, 21.46 W;1, 0 %, 0 MiB, 23.21 W;2, 0 %, 0 MiB, 12.18 W;3, 0 %, 0 MiB, 7.65 W; @1786719896
0, 0 %, 0 MiB, 21.66 W;1, 0 %, 0 MiB, 23.78 W;2, 0 %, 0 MiB, 12.81 W;3, 0 %, 0 MiB, 7.33 W; @1786719900
0, 0 %, 0 MiB, 21.79 W;1, 0 %, 0 MiB, 23.94 W;2, 0 %, 0 MiB, 12.75 W;3, 0 %, 0 MiB, 7.27 W; @1786719903
0, 0 %, 0 MiB, 21.50 W;1, 0 %, 0 MiB, 23.36 W;2, 0 %, 0 MiB, 12.39 W;3, 0 %, 0 MiB, 7.71 W; @1786719906
0, 0 %, 0 MiB, 21.41 W;1, 0 %, 0 MiB, 23.03 W;2, 0 %, 0 MiB, 12.56 W;3, 0 %, 0 MiB, 7.65 W; @1786719909
0, 0 %, 0 MiB, 21.67 W;1, 0 %, 0 MiB, 23.77 W;2, 0 %, 0 MiB, 12.45 W;3, 0 %, 0 MiB, 7.54 W; @1786719912
0, 0 %, 0 MiB, 21.66 W;1, 0 %, 0 MiB, 23.43 W;2, 0 %, 0 MiB, 12.49 W;3, 0 %, 0 MiB, 7.31 W; @1786719915
0, 0 %, 0 MiB, 21.87 W;1, 0 %, 0 MiB, 23.30 W;2, 0 %, 0 MiB, 12.27 W;3, 0 %, 0 MiB, 7.42 W; @1786719918
0, 0 %, 0 MiB, 21.57 W;1, 0 %, 0 MiB, 23.35 W;2, 0 %, 0 MiB, 12.28 W;3, 0 %, 0 MiB, 7.62 W; @1786719921
0, 0 %, 0 MiB, 21.80 W;1, 0 %, 0 MiB, 23.95 W;2, 0 %, 0 MiB, 12.29 W;3, 0 %, 0 MiB, 7.70 W; @1786719925
0, 0 %, 0 MiB, 21.83 W;1, 0 %, 0 MiB, 24.01 W;2, 0 %, 0 MiB, 12.45 W;3, 0 %, 0 MiB, 7.70 W; @1786719928
0, 0 %, 0 MiB, 21.71 W;1, 0 %, 0 MiB, 24.08 W;2, 0 %, 0 MiB, 12.26 W;3, 0 %, 0 MiB, 7.59 W; @1786719931
0, 0 %, 0 MiB, 21.82 W;1, 0 %, 0 MiB, 23.80 W;2, 0 %, 0 MiB, 12.30 W;3, 0 %, 0 MiB, 7.27 W; @1786719934
0, 0 %, 0 MiB, 21.35 W;1, 0 %, 0 MiB, 23.55 W;2, 0 %, 0 MiB, 12.46 W;3, 0 %, 0 MiB, 7.57 W; @1786719937
0, 0 %, 0 MiB, 21.86 W;1, 0 %, 0 MiB, 24.46 W;2, 0 %, 0 MiB, 13.11 W;3, 0 %, 0 MiB, 7.82 W; @1786719940
0, 0 %, 0 MiB, 21.38 W;1, 0 %, 0 MiB, 23.84 W;2, 0 %, 0 MiB, 12.02 W;3, 0 %, 0 MiB, 7.87 W; @1786719943
0, 0 %, 0 MiB, 21.32 W;1, 0 %, 0 MiB, 23.91 W;2, 0 %, 0 MiB, 11.94 W;3, 0 %, 0 MiB, 7.73 W; @1786719946
0, 0 %, 0 MiB, 20.97 W;1, 0 %, 0 MiB, 23.93 W;2, 0 %, 0 MiB, 12.18 W;3, 0 %, 0 MiB, 8.03 W; @1786719950
0, 0 %, 0 MiB, 21.40 W;1, 0 %, 0 MiB, 23.70 W;2, 0 %, 0 MiB, 12.13 W;3, 0 %, 0 MiB, 7.96 W; @1786719953
0, 0 %, 0 MiB, 21.16 W;1, 0 %, 0 MiB, 23.65 W;2, 0 %, 0 MiB, 11.87 W;3, 0 %, 0 MiB, 7.76 W; @1786719956
0, 0 %, 0 MiB, 21.48 W;1, 0 %, 0 MiB, 23.27 W;2, 0 %, 0 MiB, 11.59 W;3, 0 %, 0 MiB, 7.63 W; @1786719959
0, 0 %, 0 MiB, 21.40 W;1, 0 %, 0 MiB, 22.77 W;2, 0 %, 0 MiB, 11.93 W;3, 0 %, 0 MiB, 7.45 W; @1786719962
0, 0 %, 0 MiB, 21.48 W;1, 0 %, 0 MiB, 23.49 W;2, 0 %, 0 MiB, 11.92 W;3, 0 %, 0 MiB, 7.43 W; @1786719965
0, 0 %, 0 MiB, 21.44 W;1, 0 %, 0 MiB, 23.59 W;2, 0 %, 0 MiB, 12.05 W;3, 0 %, 0 MiB, 7.33 W; @1786719968
0, 0 %, 0 MiB, 21.87 W;1, 0 %, 0 MiB, 23.53 W;2, 0 %, 0 MiB, 11.93 W;3, 0 %, 0 MiB, 7.43 W; @1786719972
0, 0 %, 0 MiB, 21.81 W;1, 0 %, 0 MiB, 23.45 W;2, 0 %, 0 MiB, 12.18 W;3, 0 %, 0 MiB, 6.99 W; @1786719975
0, 0 %, 0 MiB, 22.20 W;1, 0 %, 0 MiB, 23.00 W;2, 0 %, 0 MiB, 12.53 W;3, 0 %, 0 MiB, 7.48 W; @1786719978
0, 0 %, 0 MiB, 21.86 W;1, 0 %, 0 MiB, 23.05 W;2, 0 %, 0 MiB, 12.12 W;3, 0 %, 0 MiB, 7.45 W; @1786719981
0, 0 %, 0 MiB, 21.71 W;1, 0 %, 0 MiB, 23.59 W;2, 0 %, 0 MiB, 12.13 W;3, 0 %, 0 MiB, 7.53 W; @1786719984
0, 0 %, 0 MiB, 21.54 W;1, 0 %, 0 MiB, 23.86 W;2, 0 %, 0 MiB, 12.41 W;3, 0 %, 0 MiB, 7.86 W; @1786719987
0, 0 %, 0 MiB, 21.42 W;1, 0 %, 0 MiB, 24.13 W;2, 0 %, 0 MiB, 12.10 W;3, 0 %, 0 MiB, 7.77 W; @1786719990
0, 0 %, 0 MiB, 22.06 W;1, 0 %, 0 MiB, 24.01 W;2, 0 %, 0 MiB, 12.07 W;3, 0 %, 0 MiB, 7.65 W; @1786719993
0, 0 %, 0 MiB, 21.90 W;1, 0 %, 0 MiB, 23.50 W;2, 0 %, 0 MiB, 12.05 W;3, 0 %, 0 MiB, 7.36 W; @1786719997
0, 0 %, 0 MiB, 21.70 W;1, 0 %, 0 MiB, 23.65 W;2, 0 %, 0 MiB, 11.97 W;3, 0 %, 0 MiB, 7.39 W; @1786720000
0, 0 %, 0 MiB, 21.93 W;1, 0 %, 0 MiB, 23.59 W;2, 0 %, 0 MiB, 12.09 W;3, 0 %, 0 MiB, 6.92 W; @1786720003
0, 0 %, 0 MiB, 21.99 W;1, 0 %, 0 MiB, 24.12 W;2, 0 %, 0 MiB, 12.14 W;3, 0 %, 0 MiB, 7.32 W; @1786720006
0, 0 %, 0 MiB, 21.87 W;1, 0 %, 0 MiB, 23.46 W;2, 0 %, 0 MiB, 12.34 W;3, 0 %, 0 MiB, 6.80 W; @1786720009
0, 0 %, 0 MiB, 22.08 W;1, 0 %, 0 MiB, 24.43 W;2, 0 %, 0 MiB, 12.59 W;3, 0 %, 0 MiB, 7.10 W; @1786720012
0, 0 %, 0 MiB, 21.70 W;1, 0 %, 0 MiB, 23.86 W;2, 0 %, 0 MiB, 11.99 W;3, 0 %, 0 MiB, 7.69 W; @1786720015
0, 0 %, 0 MiB, 21.62 W;1, 0 %, 0 MiB, 23.98 W;2, 0 %, 0 MiB, 12.08 W;3, 0 %, 0 MiB, 7.83 W; @1786720018
0, 0 %, 0 MiB, 22.12 W;1, 0 %, 0 MiB, 24.15 W;2, 0 %, 0 MiB, 12.27 W;3, 0 %, 0 MiB, 7.68 W; @1786720021
0, 0 %, 0 MiB, 21.70 W;1, 0 %, 0 MiB, 24.30 W;2, 0 %, 0 MiB, 12.00 W;3, 0 %, 0 MiB, 7.47 W; @1786720025
0, 0 %, 0 MiB, 21.83 W;1, 0 %, 0 MiB, 23.85 W;2, 0 %, 0 MiB, 12.18 W;3, 0 %, 0 MiB, 7.36 W; @1786720028
0, 0 %, 0 MiB, 21.64 W;1, 0 %, 0 MiB, 24.55 W;2, 0 %, 0 MiB, 12.21 W;3, 0 %, 0 MiB, 7.58 W; @1786720031
0, 0 %, 0 MiB, 21.83 W;1, 0 %, 0 MiB, 24.40 W;2, 0 %, 0 MiB, 12.20 W;3, 0 %, 0 MiB, 7.45 W; @1786720034
0, 0 %, 0 MiB, 21.56 W;1, 0 %, 0 MiB, 24.21 W;2, 0 %, 0 MiB, 12.12 W;3, 0 %, 0 MiB, 7.45 W; @1786720037
0, 0 %, 0 MiB, 21.38 W;1, 0 %, 0 MiB, 24.53 W;2, 0 %, 0 MiB, 12.02 W;3, 0 %, 0 MiB, 7.58 W; @1786720040
0, 0 %, 0 MiB, 21.53 W;1, 0 %, 0 MiB, 24.05 W;2, 0 %, 0 MiB, 12.00 W;3, 0 %, 0 MiB, 7.59 W; @1786720043
0, 0 %, 0 MiB, 21.61 W;1, 0 %, 0 MiB, 23.90 W;2, 0 %, 0 MiB, 12.31 W;3, 0 %, 0 MiB, 7.26 W; @1786720046
0, 0 %, 0 MiB, 22.04 W;1, 0 %, 0 MiB, 23.56 W;2, 0 %, 0 MiB, 12.34 W;3, 0 %, 0 MiB, 6.81 W; @1786720050
0, 0 %, 0 MiB, 21.83 W;1, 0 %, 0 MiB, 23.86 W;2, 0 %, 0 MiB, 12.17 W;3, 0 %, 0 MiB, 7.42 W; @1786720053
0, 0 %, 0 MiB, 21.96 W;1, 0 %, 0 MiB, 23.39 W;2, 0 %, 0 MiB, 12.16 W;3, 0 %, 0 MiB, 7.43 W; @1786720056
0, 0 %, 0 MiB, 21.92 W;1, 0 %, 0 MiB, 23.59 W;2, 0 %, 0 MiB, 12.06 W;3, 0 %, 0 MiB, 7.58 W; @1786720059
0, 0 %, 0 MiB, 21.82 W;1, 0 %, 0 MiB, 24.15 W;2, 0 %, 0 MiB, 12.16 W;3, 0 %, 0 MiB, 7.58 W; @1786720062
0, 0 %, 0 MiB, 21.45 W;1, 0 %, 0 MiB, 24.53 W;2, 0 %, 0 MiB, 12.18 W;3, 0 %, 0 MiB, 7.56 W; @1786720065
0, 0 %, 0 MiB, 21.71 W;1, 0 %, 0 MiB, 24.32 W;2, 0 %, 0 MiB, 12.06 W;3, 0 %, 0 MiB, 7.97 W; @1786720068
0, 0 %, 0 MiB, 21.69 W;1, 0 %, 0 MiB, 24.43 W;2, 0 %, 0 MiB, 12.17 W;3, 0 %, 0 MiB, 7.51 W; @1786720071
0, 0 %, 0 MiB, 21.88 W;1, 0 %, 0 MiB, 24.35 W;2, 0 %, 0 MiB, 11.98 W;3, 0 %, 0 MiB, 7.54 W; @1786720075
0, 0 %, 0 MiB, 21.76 W;1, 0 %, 0 MiB, 24.31 W;2, 0 %, 0 MiB, 12.15 W;3, 0 %, 0 MiB, 7.75 W; @1786720078
0, 0 %, 0 MiB, 21.49 W;1, 0 %, 0 MiB, 23.55 W;2, 0 %, 0 MiB, 11.93 W;3, 0 %, 0 MiB, 7.23 W; @1786720081
0, 0 %, 0 MiB, 21.66 W;1, 0 %, 0 MiB, 23.81 W;2, 0 %, 0 MiB, 12.43 W;3, 0 %, 0 MiB, 6.98 W; @1786720084
0, 0 %, 0 MiB, 22.32 W;1, 0 %, 0 MiB, 24.60 W;2, 0 %, 0 MiB, 12.64 W;3, 0 %, 0 MiB, 7.54 W; @1786720087
0, 0 %, 0 MiB, 21.64 W;1, 0 %, 0 MiB, 24.01 W;2, 0 %, 0 MiB, 12.05 W;3, 0 %, 0 MiB, 7.55 W; @1786720090
0, 0 %, 0 MiB, 21.74 W;1, 0 %, 0 MiB, 24.84 W;2, 0 %, 0 MiB, 12.20 W;3, 0 %, 0 MiB, 7.44 W; @1786720093
0, 0 %, 0 MiB, 21.64 W;1, 0 %, 0 MiB, 24.04 W;2, 0 %, 0 MiB, 12.37 W;3, 0 %, 0 MiB, 7.49 W; @1786720096
0, 0 %, 0 MiB, 21.95 W;1, 0 %, 0 MiB, 23.50 W;2, 0 %, 0 MiB, 12.43 W;3, 0 %, 0 MiB, 7.37 W; @1786720100
0, 0 %, 0 MiB, 22.16 W;1, 0 %, 0 MiB, 23.76 W;2, 0 %, 0 MiB, 12.33 W;3, 0 %, 0 MiB, 7.34 W; @1786720103
0, 0 %, 0 MiB, 22.11 W;1, 0 %, 0 MiB, 23.86 W;2, 0 %, 0 MiB, 12.19 W;3, 0 %, 0 MiB, 7.76 W; @1786720106
0, 0 %, 0 MiB, 21.79 W;1, 0 %, 0 MiB, 23.98 W;2, 0 %, 0 MiB, 12.14 W;3, 0 %, 0 MiB, 7.36 W; @1786720109
0, 0 %, 0 MiB, 21.57 W;1, 0 %, 0 MiB, 23.56 W;2, 0 %, 0 MiB, 12.05 W;3, 0 %, 0 MiB, 7.51 W; @1786720112
0, 0 %, 0 MiB, 21.92 W;1, 0 %, 0 MiB, 23.61 W;2, 0 %, 0 MiB, 12.26 W;3, 0 %, 0 MiB, 7.69 W; @1786720115
0, 0 %, 0 MiB, 21.61 W;1, 0 %, 0 MiB, 23.75 W;2, 0 %, 0 MiB, 12.30 W;3, 0 %, 0 MiB, 6.62 W; @1786720118
0, 0 %, 0 MiB, 21.77 W;1, 0 %, 0 MiB, 23.71 W;2, 0 %, 0 MiB, 12.40 W;3, 0 %, 0 MiB, 7.51 W; @1786720121
0, 0 %, 0 MiB, 21.79 W;1, 0 %, 0 MiB, 22.97 W;2, 0 %, 0 MiB, 12.09 W;3, 0 %, 0 MiB, 7.66 W; @1786720125
0, 0 %, 0 MiB, 21.62 W;1, 0 %, 0 MiB, 22.77 W;2, 0 %, 0 MiB, 12.30 W;3, 0 %, 0 MiB, 7.81 W; @1786720128
0, 0 %, 0 MiB, 21.45 W;1, 0 %, 0 MiB, 23.61 W;2, 0 %, 0 MiB, 12.17 W;3, 0 %, 0 MiB, 7.51 W; @1786720131
0, 0 %, 0 MiB, 21.39 W;1, 0 %, 0 MiB, 23.55 W;2, 0 %, 0 MiB, 12.20 W;3, 0 %, 0 MiB, 7.83 W; @1786720134
0, 0 %, 0 MiB, 21.47 W;1, 0 %, 0 MiB, 23.64 W;2, 0 %, 0 MiB, 12.01 W;3, 0 %, 0 MiB, 8.01 W; @1786720137
0, 0 %, 0 MiB, 21.50 W;1, 0 %, 0 MiB, 23.86 W;2, 0 %, 0 MiB, 12.14 W;3, 0 %, 0 MiB, 7.72 W; @1786720140
0, 0 %, 0 MiB, 21.66 W;1, 0 %, 0 MiB, 23.52 W;2, 0 %, 0 MiB, 12.31 W;3, 0 %, 0 MiB, 7.68 W; @1786720143
0, 0 %, 0 MiB, 21.26 W;1, 0 %, 0 MiB, 23.08 W;2, 0 %, 0 MiB, 12.51 W;3, 0 %, 0 MiB, 7.90 W; @1786720147
0, 0 %, 0 MiB, 21.38 W;1, 0 %, 0 MiB, 23.29 W;2, 0 %, 0 MiB, 12.43 W;3, 0 %, 0 MiB, 7.99 W; @1786720150
0, 0 %, 0 MiB, 21.62 W;1, 0 %, 0 MiB, 23.23 W;2, 0 %, 0 MiB, 12.50 W;3, 0 %, 0 MiB, 7.17 W; @1786720153
0, 0 %, 0 MiB, 22.01 W;1, 0 %, 0 MiB, 22.80 W;2, 0 %, 0 MiB, 12.39 W;3, 0 %, 0 MiB, 7.05 W; @1786720156
0, 0 %, 0 MiB, 21.98 W;1, 0 %, 0 MiB, 23.38 W;2, 0 %, 0 MiB, 12.78 W;3, 0 %, 0 MiB, 7.22 W; @1786720159
0, 0 %, 0 MiB, 21.94 W;1, 0 %, 0 MiB, 23.28 W;2, 0 %, 0 MiB, 12.44 W;3, 0 %, 0 MiB, 7.65 W; @1786720162
0, 0 %, 0 MiB, 21.65 W;1, 0 %, 0 MiB, 23.15 W;2, 0 %, 0 MiB, 12.44 W;3, 0 %, 0 MiB, 7.53 W; @1786720165
0, 0 %, 0 MiB, 21.47 W;1, 0 %, 0 MiB, 23.78 W;2, 0 %, 0 MiB, 12.44 W;3, 0 %, 0 MiB, 7.41 W; @1786720168
0, 0 %, 0 MiB, 21.68 W;1, 0 %, 0 MiB, 23.71 W;2, 0 %, 0 MiB, 12.48 W;3, 0 %, 0 MiB, 7.45 W; @1786720172
0, 0 %, 0 MiB, 21.54 W;1, 0 %, 0 MiB, 23.58 W;2, 0 %, 0 MiB, 12.59 W;3, 0 %, 0 MiB, 7.40 W; @1786720175
0, 0 %, 0 MiB, 21.81 W;1, 0 %, 0 MiB, 22.68 W;2, 0 %, 0 MiB, 12.34 W;3, 0 %, 0 MiB, 7.45 W; @1786720178
0, 0 %, 0 MiB, 21.83 W;1, 0 %, 0 MiB, 23.41 W;2, 0 %, 0 MiB, 12.49 W;3, 0 %, 0 MiB, 7.57 W; @1786720181
0, 0 %, 0 MiB, 21.80 W;1, 0 %, 0 MiB, 23.80 W;2, 0 %, 0 MiB, 12.24 W;3, 0 %, 0 MiB, 7.39 W; @1786720184
0, 0 %, 0 MiB, 21.61 W;1, 0 %, 0 MiB, 23.86 W;2, 0 %, 0 MiB, 12.43 W;3, 0 %, 0 MiB, 7.51 W; @1786720187
0, 0 %, 0 MiB, 21.77 W;1, 0 %, 0 MiB, 23.57 W;2, 0 %, 0 MiB, 12.35 W;3, 0 %, 0 MiB, 7.11 W; @1786720190
0, 0 %, 0 MiB, 21.92 W;1, 0 %, 0 MiB, 23.19 W;2, 0 %, 0 MiB, 12.27 W;3, 0 %, 0 MiB, 5.97 W; @1786720193
0, 0 %, 0 MiB, 21.56 W;1, 0 %, 0 MiB, 23.35 W;2, 0 %, 0 MiB, 12.50 W;3, 0 %, 0 MiB, 6.63 W; @1786720197
0, 0 %, 0 MiB, 21.81 W;1, 0 %, 0 MiB, 23.15 W;2, 0 %, 0 MiB, 12.89 W;3, 0 %, 0 MiB, 7.62 W; @1786720200
0, 0 %, 0 MiB, 21.82 W;1, 0 %, 0 MiB, 23.40 W;2, 0 %, 0 MiB, 12.39 W;3, 0 %, 0 MiB, 7.61 W; @1786720203
0, 0 %, 0 MiB, 21.97 W;1, 0 %, 0 MiB, 23.55 W;2, 0 %, 0 MiB, 12.25 W;3, 0 %, 0 MiB, 7.48 W; @1786720206
0, 0 %, 0 MiB, 22.23 W;1, 0 %, 0 MiB, 23.58 W;2, 0 %, 0 MiB, 12.24 W;3, 0 %, 0 MiB, 7.53 W; @1786720209
0, 0 %, 0 MiB, 22.18 W;1, 0 %, 0 MiB, 22.92 W;2, 0 %, 0 MiB, 12.48 W;3, 0 %, 0 MiB, 7.59 W; @1786720212
0, 0 %, 0 MiB, 22.23 W;1, 0 %, 0 MiB, 23.25 W;2, 0 %, 0 MiB, 12.41 W;3, 0 %, 0 MiB, 7.64 W; @1786720215
0, 0 %, 0 MiB, 22.02 W;1, 0 %, 0 MiB, 23.65 W;2, 0 %, 0 MiB, 12.96 W;3, 0 %, 0 MiB, 7.36 W; @1786720218
0, 0 %, 0 MiB, 21.83 W;1, 0 %, 0 MiB, 22.72 W;2, 0 %, 0 MiB, 12.34 W;3, 0 %, 0 MiB, 7.60 W; @1786720222
0, 0 %, 0 MiB, 21.85 W;1, 0 %, 0 MiB, 22.48 W;2, 0 %, 0 MiB, 12.48 W;3, 0 %, 0 MiB, 7.75 W; @1786720225
0, 0 %, 0 MiB, 21.70 W;1, 0 %, 0 MiB, 23.00 W;2, 0 %, 0 MiB, 12.59 W;3, 0 %, 0 MiB, 7.96 W; @1786720228
0, 0 %, 0 MiB, 21.65 W;1, 0 %, 0 MiB, 22.77 W;2, 0 %, 0 MiB, 12.66 W;3, 0 %, 0 MiB, 7.47 W; @1786720231
0, 0 %, 0 MiB, 21.86 W;1, 0 %, 0 MiB, 22.87 W;2, 0 %, 0 MiB, 12.90 W;3, 0 %, 0 MiB, 7.20 W; @1786720234
0, 0 %, 0 MiB, 22.17 W;1, 0 %, 0 MiB, 23.05 W;2, 0 %, 0 MiB, 13.28 W;3, 0 %, 0 MiB, 7.84 W; @1786720237
0, 0 %, 0 MiB, 21.69 W;1, 0 %, 0 MiB, 23.33 W;2, 0 %, 0 MiB, 12.28 W;3, 0 %, 0 MiB, 7.52 W; @1786720240
0, 0 %, 0 MiB, 21.87 W;1, 0 %, 0 MiB, 22.67 W;2, 0 %, 0 MiB, 12.43 W;3, 0 %, 0 MiB, 7.49 W; @1786720244
0, 0 %, 0 MiB, 21.84 W;1, 0 %, 0 MiB, 22.52 W;2, 0 %, 0 MiB, 12.48 W;3, 0 %, 0 MiB, 7.18 W; @1786720247
0, 0 %, 0 MiB, 22.01 W;1, 0 %, 0 MiB, 22.85 W;2, 0 %, 0 MiB, 12.74 W;3, 0 %, 0 MiB, 7.30 W; @1786720250
0, 0 %, 0 MiB, 21.86 W;1, 0 %, 0 MiB, 23.16 W;2, 0 %, 0 MiB, 12.78 W;3, 0 %, 0 MiB, 7.24 W; @1786720253
0, 0 %, 0 MiB, 22.08 W;1, 0 %, 0 MiB, 23.38 W;2, 0 %, 0 MiB, 12.71 W;3, 0 %, 0 MiB, 7.16 W; @1786720256
0, 0 %, 0 MiB, 22.01 W;1, 0 %, 0 MiB, 23.29 W;2, 0 %, 0 MiB, 12.55 W;3, 0 %, 0 MiB, 7.28 W; @1786720259
0, 0 %, 0 MiB, 21.80 W;1, 0 %, 0 MiB, 22.95 W;2, 0 %, 0 MiB, 12.53 W;3, 0 %, 0 MiB, 7.22 W; @1786720262
0, 0 %, 0 MiB, 21.82 W;1, 0 %, 0 MiB, 22.42 W;2, 0 %, 0 MiB, 12.76 W;3, 0 %, 0 MiB, 7.24 W; @1786720265
0, 0 %, 0 MiB, 22.07 W;1, 0 %, 0 MiB, 23.22 W;2, 0 %, 0 MiB, 13.23 W;3, 0 %, 0 MiB, 6.13 W; @1786720269
0, 0 %, 0 MiB, 22.12 W;1, 0 %, 0 MiB, 23.19 W;2, 0 %, 0 MiB, 12.82 W;3, 0 %, 0 MiB, 6.71 W; @1786720272
0, 0 %, 0 MiB, 21.53 W;1, 0 %, 0 MiB, 22.83 W;2, 0 %, 0 MiB, 12.69 W;3, 0 %, 0 MiB, 7.21 W; @1786720275
0, 0 %, 0 MiB, 21.90 W;1, 0 %, 0 MiB, 22.85 W;2, 0 %, 0 MiB, 12.45 W;3, 0 %, 0 MiB, 7.18 W; @1786720278
0, 0 %, 0 MiB, 21.63 W;1, 0 %, 0 MiB, 23.07 W;2, 0 %, 0 MiB, 12.61 W;3, 0 %, 0 MiB, 7.29 W; @1786720281
0, 0 %, 0 MiB, 21.50 W;1, 0 %, 0 MiB, 22.50 W;2, 0 %, 0 MiB, 12.48 W;3, 0 %, 0 MiB, 7.37 W; @1786720284
0, 0 %, 0 MiB, 21.56 W;1, 0 %, 0 MiB, 23.08 W;2, 0 %, 0 MiB, 12.59 W;3, 0 %, 0 MiB, 7.39 W; @1786720287
0, 0 %, 0 MiB, 21.70 W;1, 0 %, 0 MiB, 23.72 W;2, 0 %, 0 MiB, 12.39 W;3, 0 %, 0 MiB, 7.23 W; @1786720290
0, 0 %, 0 MiB, 22.01 W;1, 0 %, 0 MiB, 23.25 W;2, 0 %, 0 MiB, 12.41 W;3, 0 %, 0 MiB, 7.45 W; @1786720294
0, 0 %, 0 MiB, 21.58 W;1, 0 %, 0 MiB, 22.93 W;2, 0 %, 0 MiB, 12.58 W;3, 0 %, 0 MiB, 7.33 W; @1786720297
0, 0 %, 0 MiB, 21.75 W;1, 0 %, 0 MiB, 22.36 W;2, 0 %, 0 MiB, 12.81 W;3, 0 %, 0 MiB, 7.22 W; @1786720300
0, 0 %, 0 MiB, 21.60 W;1, 0 %, 0 MiB, 22.76 W;2, 0 %, 0 MiB, 12.61 W;3, 0 %, 0 MiB, 6.92 W; @1786720303
0, 0 %, 0 MiB, 22.06 W;1, 0 %, 0 MiB, 23.24 W;2, 0 %, 0 MiB, 12.85 W;3, 0 %, 0 MiB, 6.98 W; @1786720306
0, 0 %, 0 MiB, 22.90 W;1, 0 %, 0 MiB, 23.37 W;2, 0 %, 0 MiB, 13.41 W;3, 0 %, 0 MiB, 7.94 W; @1786720309
0, 0 %, 0 MiB, 22.16 W;1, 0 %, 0 MiB, 23.46 W;2, 0 %, 0 MiB, 12.66 W;3, 0 %, 0 MiB, 8.11 W; @1786720312
0, 0 %, 0 MiB, 22.38 W;1, 0 %, 0 MiB, 23.57 W;2, 0 %, 0 MiB, 12.62 W;3, 0 %, 0 MiB, 7.85 W; @1786720316
0, 0 %, 0 MiB, 22.01 W;1, 0 %, 0 MiB, 23.53 W;2, 0 %, 0 MiB, 12.55 W;3, 0 %, 0 MiB, 7.63 W; @1786720319
0, 0 %, 0 MiB, 21.57 W;1, 0 %, 0 MiB, 23.28 W;2, 0 %, 0 MiB, 12.78 W;3, 0 %, 0 MiB, 7.85 W; @1786720322
0, 0 %, 0 MiB, 21.32 W;1, 0 %, 0 MiB, 23.43 W;2, 0 %, 0 MiB, 12.39 W;3, 0 %, 0 MiB, 7.52 W; @1786720325
0, 0 %, 0 MiB, 21.58 W;1, 0 %, 0 MiB, 23.42 W;2, 0 %, 0 MiB, 12.72 W;3, 0 %, 0 MiB, 7.67 W; @1786720328
0, 0 %, 0 MiB, 21.45 W;1, 0 %, 0 MiB, 23.68 W;2, 0 %, 0 MiB, 12.76 W;3, 0 %, 0 MiB, 7.52 W; @1786720331
0, 0 %, 0 MiB, 21.55 W;1, 0 %, 0 MiB, 23.04 W;2, 0 %, 0 MiB, 12.51 W;3, 0 %, 0 MiB, 7.51 W; @1786720334
0, 0 %, 0 MiB, 21.51 W;1, 0 %, 0 MiB, 23.40 W;2, 0 %, 0 MiB, 12.75 W;3, 0 %, 0 MiB, 7.56 W; @1786720338
0, 0 %, 0 MiB, 21.51 W;1, 0 %, 0 MiB, 23.53 W;2, 0 %, 0 MiB, 12.71 W;3, 0 %, 0 MiB, 6.49 W; @1786720341
0, 0 %, 0 MiB, 21.77 W;1, 0 %, 0 MiB, 23.54 W;2, 0 %, 0 MiB, 12.76 W;3, 0 %, 0 MiB, 6.94 W; @1786720344
0, 0 %, 0 MiB, 22.04 W;1, 0 %, 0 MiB, 23.03 W;2, 0 %, 0 MiB, 12.46 W;3, 0 %, 0 MiB, 8.67 W; @1786720347
0, 0 %, 0 MiB, 22.15 W;1, 0 %, 0 MiB, 23.06 W;2, 0 %, 0 MiB, 12.51 W;3, 0 %, 0 MiB, 8.50 W; @1786720350
0, 0 %, 0 MiB, 22.05 W;1, 0 %, 0 MiB, 23.19 W;2, 0 %, 0 MiB, 12.53 W;3, 0 %, 0 MiB, 7.98 W; @1786720353
0, 0 %, 0 MiB, 21.84 W;1, 0 %, 0 MiB, 22.99 W;2, 0 %, 0 MiB, 12.59 W;3, 0 %, 0 MiB, 8.56 W; @1786720356
0, 0 %, 0 MiB, 21.80 W;1, 0 %, 0 MiB, 22.94 W;2, 0 %, 0 MiB, 12.62 W;3, 0 %, 0 MiB, 8.68 W; @1786720359
0, 0 %, 0 MiB, 22.14 W;1, 0 %, 0 MiB, 23.23 W;2, 0 %, 0 MiB, 12.97 W;3, 0 %, 0 MiB, 7.14 W; @1786720363
0, 0 %, 0 MiB, 22.38 W;1, 0 %, 0 MiB, 22.58 W;2, 0 %, 0 MiB, 12.78 W;3, 0 %, 0 MiB, 8.73 W; @1786720366
0, 0 %, 0 MiB, 22.23 W;1, 0 %, 0 MiB, 23.16 W;2, 0 %, 0 MiB, 12.44 W;3, 0 %, 0 MiB, 8.69 W; @1786720369
0, 0 %, 0 MiB, 22.51 W;1, 0 %, 0 MiB, 23.55 W;2, 0 %, 0 MiB, 12.98 W;3, 0 %, 0 MiB, 8.77 W; @1786720372
0, 0 %, 0 MiB, 22.41 W;1, 0 %, 0 MiB, 22.70 W;2, 0 %, 0 MiB, 12.34 W;3, 0 %, 0 MiB, 8.34 W; @1786720375
0, 0 %, 0 MiB, 22.29 W;1, 0 %, 0 MiB, 22.57 W;2, 0 %, 0 MiB, 12.40 W;3, 0 %, 0 MiB, 7.82 W; @1786720378
0, 0 %, 0 MiB, 22.24 W;1, 0 %, 0 MiB, 23.09 W;2, 0 %, 0 MiB, 12.47 W;3, 0 %, 0 MiB, 7.54 W; @1786720381
0, 0 %, 0 MiB, 22.57 W;1, 0 %, 0 MiB, 23.46 W;2, 0 %, 0 MiB, 12.44 W;3, 0 %, 0 MiB, 8.46 W; @1786720384
0, 0 %, 0 MiB, 22.34 W;1, 0 %, 0 MiB, 23.17 W;2, 0 %, 0 MiB, 12.27 W;3, 0 %, 0 MiB, 8.45 W; @1786720388
0, 0 %, 0 MiB, 22.43 W;1, 0 %, 0 MiB, 23.60 W;2, 0 %, 0 MiB, 12.48 W;3, 0 %, 0 MiB, 8.12 W; @1786720391
0, 0 %, 0 MiB, 22.67 W;1, 0 %, 0 MiB, 22.99 W;2, 0 %, 0 MiB, 12.38 W;3, 0 %, 0 MiB, 8.15 W; @1786720394
0, 0 %, 0 MiB, 22.44 W;1, 0 %, 0 MiB, 22.95 W;2, 0 %, 0 MiB, 12.44 W;3, 0 %, 0 MiB, 8.51 W; @1786720397
0, 0 %, 0 MiB, 22.17 W;1, 0 %, 0 MiB, 22.75 W;2, 0 %, 0 MiB, 12.45 W;3, 0 %, 0 MiB, 8.08 W; @1786720400
0, 0 %, 0 MiB, 21.78 W;1, 0 %, 0 MiB, 23.23 W;2, 0 %, 0 MiB, 12.45 W;3, 0 %, 0 MiB, 7.85 W; @1786720403
0, 0 %, 0 MiB, 22.49 W;1, 0 %, 0 MiB, 23.25 W;2, 0 %, 0 MiB, 12.97 W;3, 0 %, 0 MiB, 8.28 W; @1786720406
0, 0 %, 0 MiB, 22.57 W;1, 0 %, 0 MiB, 22.89 W;2, 0 %, 0 MiB, 12.95 W;3, 0 %, 0 MiB, 8.44 W; @1786720410
0, 0 %, 0 MiB, 22.77 W;1, 0 %, 0 MiB, 22.93 W;2, 0 %, 0 MiB, 12.65 W;3, 0 %, 0 MiB, 8.38 W; @1786720413
0, 0 %, 0 MiB, 22.20 W;1, 0 %, 0 MiB, 23.35 W;2, 0 %, 0 MiB, 12.45 W;3, 0 %, 0 MiB, 8.52 W; @1786720416
0, 0 %, 0 MiB, 22.60 W;1, 0 %, 0 MiB, 22.79 W;2, 0 %, 0 MiB, 12.48 W;3, 0 %, 0 MiB, 8.10 W; @1786720419
0, 0 %, 0 MiB, 22.79 W;1, 0 %, 0 MiB, 23.35 W;2, 0 %, 0 MiB, 12.85 W;3, 0 %, 0 MiB, 8.64 W; @1786720422
0, 0 %, 0 MiB, 22.38 W;1, 0 %, 0 MiB, 23.00 W;2, 0 %, 0 MiB, 12.47 W;3, 0 %, 0 MiB, 8.38 W; @1786720425
0, 0 %, 0 MiB, 22.50 W;1, 0 %, 0 MiB, 23.62 W;2, 0 %, 0 MiB, 12.38 W;3, 0 %, 0 MiB, 8.48 W; @1786720428
0, 0 %, 0 MiB, 22.62 W;1, 0 %, 0 MiB, 23.52 W;2, 0 %, 0 MiB, 12.69 W;3, 0 %, 0 MiB, 8.54 W; @1786720431
0, 0 %, 0 MiB, 22.58 W;1, 0 %, 0 MiB, 23.59 W;2, 0 %, 0 MiB, 12.40 W;3, 0 %, 0 MiB, 8.23 W; @1786720435
0, 0 %, 0 MiB, 22.35 W;1, 0 %, 0 MiB, 23.68 W;2, 0 %, 0 MiB, 12.43 W;3, 0 %, 0 MiB, 9.00 W; @1786720438
0, 0 %, 0 MiB, 22.03 W;1, 0 %, 0 MiB, 23.69 W;2, 0 %, 0 MiB, 12.32 W;3, 0 %, 0 MiB, 8.28 W; @1786720441
0, 0 %, 0 MiB, 21.98 W;1, 0 %, 0 MiB, 23.56 W;2, 0 %, 0 MiB, 12.15 W;3, 0 %, 0 MiB, 8.72 W; @1786720444
0, 0 %, 0 MiB, 22.03 W;1, 0 %, 0 MiB, 23.13 W;2, 0 %, 0 MiB, 12.38 W;3, 0 %, 0 MiB, 8.84 W; @1786720447
0, 0 %, 0 MiB, 21.91 W;1, 0 %, 0 MiB, 24.12 W;2, 0 %, 0 MiB, 12.43 W;3, 0 %, 0 MiB, 8.49 W; @1786720450
0, 0 %, 0 MiB, 22.05 W;1, 0 %, 0 MiB, 23.43 W;2, 0 %, 0 MiB, 12.38 W;3, 0 %, 0 MiB, 8.50 W; @1786720453
0, 0 %, 0 MiB, 22.25 W;1, 0 %, 0 MiB, 23.93 W;2, 0 %, 0 MiB, 12.72 W;3, 0 %, 0 MiB, 8.57 W; @1786720456
0, 0 %, 0 MiB, 22.37 W;1, 0 %, 0 MiB, 23.60 W;2, 0 %, 0 MiB, 12.39 W;3, 0 %, 0 MiB, 7.95 W; @1786720460
0, 0 %, 0 MiB, 22.01 W;1, 0 %, 0 MiB, 23.85 W;2, 0 %, 0 MiB, 12.64 W;3, 0 %, 0 MiB, 8.88 W; @1786720463
0, 0 %, 0 MiB, 22.67 W;1, 0 %, 0 MiB, 23.83 W;2, 0 %, 0 MiB, 12.41 W;3, 0 %, 0 MiB, 8.91 W; @1786720466
0, 0 %, 0 MiB, 22.13 W;1, 0 %, 0 MiB, 23.67 W;2, 0 %, 0 MiB, 12.49 W;3, 0 %, 0 MiB, 8.26 W; @1786720469
0, 0 %, 0 MiB, 22.14 W;1, 0 %, 0 MiB, 23.09 W;2, 0 %, 0 MiB, 12.55 W;3, 0 %, 0 MiB, 8.38 W; @1786720472
0, 0 %, 0 MiB, 21.78 W;1, 0 %, 0 MiB, 23.18 W;2, 0 %, 0 MiB, 12.57 W;3, 0 %, 0 MiB, 8.75 W; @1786720475
0, 0 %, 0 MiB, 22.07 W;1, 0 %, 0 MiB, 23.20 W;2, 0 %, 0 MiB, 12.41 W;3, 0 %, 0 MiB, 8.46 W; @1786720478
0, 0 %, 0 MiB, 22.49 W;1, 0 %, 0 MiB, 23.56 W;2, 0 %, 0 MiB, 12.48 W;3, 0 %, 0 MiB, 8.88 W; @1786720481
0, 0 %, 0 MiB, 22.52 W;1, 0 %, 0 MiB, 23.86 W;2, 0 %, 0 MiB, 12.77 W;3, 0 %, 0 MiB, 8.62 W; @1786720485
0, 0 %, 0 MiB, 22.21 W;1, 0 %, 0 MiB, 24.02 W;2, 0 %, 0 MiB, 12.15 W;3, 0 %, 0 MiB, 7.41 W; @1786720488
0, 0 %, 0 MiB, 22.51 W;1, 0 %, 0 MiB, 23.97 W;2, 0 %, 0 MiB, 12.32 W;3, 0 %, 0 MiB, 8.12 W; @1786720491
0, 0 %, 0 MiB, 22.60 W;1, 0 %, 0 MiB, 23.66 W;2, 0 %, 0 MiB, 12.81 W;3, 0 %, 0 MiB, 8.32 W; @1786720494
0, 0 %, 0 MiB, 22.38 W;1, 0 %, 0 MiB, 24.04 W;2, 0 %, 0 MiB, 12.37 W;3, 0 %, 0 MiB, 8.15 W; @1786720497
0, 0 %, 0 MiB, 22.05 W;1, 0 %, 0 MiB, 23.83 W;2, 0 %, 0 MiB, 12.41 W;3, 0 %, 0 MiB, 8.36 W; @1786720500
0, 1 %, 509 MiB, 26.68 W;1, 0 %, 3 MiB, 26.19 W;2, 0 %, 3 MiB, 13.36 W;3, 0 %, 3 MiB, 8.68 W; @1786720503
0, 0 %, 0 MiB, 63.92 W;1, 0 %, 0 MiB, 62.53 W;2, 0 %, 0 MiB, 53.74 W;3, 0 %, 0 MiB, 50.23 W; @1786720507
0, 0 %, 0 MiB, 40.66 W;1, 0 %, 0 MiB, 25.80 W;2, 0 %, 0 MiB, 14.54 W;3, 0 %, 0 MiB, 10.19 W; @1786720510
0, 0 %, 0 MiB, 22.02 W;1, 0 %, 0 MiB, 24.17 W;2, 0 %, 0 MiB, 12.47 W;3, 0 %, 0 MiB, 7.73 W; @1786720513
0, 0 %, 0 MiB, 22.36 W;1, 0 %, 0 MiB, 23.74 W;2, 0 %, 0 MiB, 12.27 W;3, 0 %, 0 MiB, 8.81 W; @1786720516
0, 0 %, 0 MiB, 22.64 W;1, 0 %, 0 MiB, 23.59 W;2, 0 %, 0 MiB, 12.31 W;3, 0 %, 0 MiB, 8.81 W; @1786720519
0, 0 %, 0 MiB, 22.16 W;1, 0 %, 0 MiB, 23.58 W;2, 0 %, 0 MiB, 12.39 W;3, 0 %, 0 MiB, 7.64 W; @1786720522
0, 0 %, 0 MiB, 21.99 W;1, 0 %, 0 MiB, 23.54 W;2, 0 %, 0 MiB, 12.06 W;3, 0 %, 0 MiB, 7.88 W; @1786720525
0, 0 %, 0 MiB, 22.13 W;1, 0 %, 0 MiB, 23.46 W;2, 0 %, 0 MiB, 12.57 W;3, 0 %, 0 MiB, 8.71 W; @1786720528
0, 0 %, 0 MiB, 21.53 W;1, 0 %, 0 MiB, 23.36 W;2, 0 %, 0 MiB, 12.51 W;3, 0 %, 0 MiB, 8.62 W; @1786720531
0, 0 %, 0 MiB, 21.66 W;1, 0 %, 0 MiB, 23.74 W;2, 0 %, 0 MiB, 12.64 W;3, 0 %, 0 MiB, 9.21 W; @1786720535
0, 0 %, 0 MiB, 22.07 W;1, 0 %, 0 MiB, 23.62 W;2, 0 %, 0 MiB, 12.65 W;3, 0 %, 0 MiB, 9.24 W; @1786720538
0, 0 %, 0 MiB, 21.67 W;1, 0 %, 0 MiB, 23.23 W;2, 0 %, 0 MiB, 12.52 W;3, 0 %, 0 MiB, 8.34 W; @1786720541
0, 0 %, 0 MiB, 21.99 W;1, 0 %, 0 MiB, 23.96 W;2, 0 %, 0 MiB, 12.78 W;3, 0 %, 0 MiB, 8.98 W; @1786720544
0, 0 %, 0 MiB, 22.11 W;1, 0 %, 0 MiB, 23.52 W;2, 0 %, 0 MiB, 12.75 W;3, 0 %, 0 MiB, 8.81 W; @1786720547
0, 0 %, 0 MiB, 21.94 W;1, 0 %, 0 MiB, 23.60 W;2, 0 %, 0 MiB, 12.54 W;3, 0 %, 0 MiB, 8.38 W; @1786720550
0, 0 %, 0 MiB, 22.25 W;1, 0 %, 0 MiB, 23.69 W;2, 0 %, 0 MiB, 12.49 W;3, 0 %, 0 MiB, 9.02 W; @1786720553
0, 0 %, 0 MiB, 22.02 W;1, 0 %, 0 MiB, 23.97 W;2, 0 %, 0 MiB, 12.48 W;3, 0 %, 0 MiB, 9.06 W; @1786720556
0, 0 %, 0 MiB, 21.75 W;1, 0 %, 0 MiB, 23.98 W;2, 0 %, 0 MiB, 12.37 W;3, 0 %, 0 MiB, 8.14 W; @1786720559
0, 0 %, 0 MiB, 21.93 W;1, 0 %, 0 MiB, 23.33 W;2, 0 %, 0 MiB, 12.33 W;3, 0 %, 0 MiB, 7.95 W; @1786720562
0, 0 %, 0 MiB, 22.34 W;1, 0 %, 0 MiB, 23.38 W;2, 0 %, 0 MiB, 12.63 W;3, 0 %, 0 MiB, 7.80 W; @1786720566
0, 0 %, 0 MiB, 21.69 W;1, 0 %, 0 MiB, 23.41 W;2, 0 %, 0 MiB, 12.28 W;3, 0 %, 0 MiB, 8.34 W; @1786720569
0, 0 %, 0 MiB, 22.24 W;1, 0 %, 0 MiB, 23.69 W;2, 0 %, 0 MiB, 12.76 W;3, 0 %, 0 MiB, 8.43 W; @1786720572
0, 0 %, 0 MiB, 22.61 W;1, 0 %, 0 MiB, 23.48 W;2, 0 %, 0 MiB, 13.21 W;3, 0 %, 0 MiB, 9.84 W; @1786720575
0, 0 %, 0 MiB, 21.76 W;1, 0 %, 0 MiB, 23.38 W;2, 0 %, 0 MiB, 12.25 W;3, 0 %, 0 MiB, 8.21 W; @1786720578
0, 0 %, 0 MiB, 21.98 W;1, 0 %, 0 MiB, 23.45 W;2, 0 %, 0 MiB, 11.96 W;3, 0 %, 0 MiB, 8.37 W; @1786720581
0, 0 %, 0 MiB, 22.03 W;1, 0 %, 0 MiB, 23.20 W;2, 0 %, 0 MiB, 12.11 W;3, 0 %, 0 MiB, 8.37 W; @1786720584
0, 0 %, 0 MiB, 21.70 W;1, 0 %, 0 MiB, 23.62 W;2, 0 %, 0 MiB, 12.19 W;3, 0 %, 0 MiB, 8.33 W; @1786720587
0, 0 %, 0 MiB, 21.84 W;1, 0 %, 0 MiB, 23.45 W;2, 0 %, 0 MiB, 12.13 W;3, 0 %, 0 MiB, 8.39 W; @1786720590
0, 0 %, 0 MiB, 21.62 W;1, 0 %, 0 MiB, 23.42 W;2, 0 %, 0 MiB, 12.36 W;3, 0 %, 0 MiB, 8.46 W; @1786720593
0, 0 %, 0 MiB, 21.48 W;1, 0 %, 0 MiB, 23.46 W;2, 0 %, 0 MiB, 12.20 W;3, 0 %, 0 MiB, 7.24 W; @1786720597
0, 0 %, 0 MiB, 21.48 W;1, 0 %, 0 MiB, 23.34 W;2, 0 %, 0 MiB, 12.57 W;3, 0 %, 0 MiB, 7.40 W; @1786720600
0, 0 %, 0 MiB, 21.84 W;1, 0 %, 0 MiB, 23.38 W;2, 0 %, 0 MiB, 12.72 W;3, 0 %, 0 MiB, 7.93 W; @1786720603
0, 0 %, 0 MiB, 21.77 W;1, 0 %, 0 MiB, 23.25 W;2, 0 %, 0 MiB, 12.22 W;3, 0 %, 0 MiB, 8.26 W; @1786720606
0, 0 %, 0 MiB, 21.95 W;1, 0 %, 0 MiB, 23.33 W;2, 0 %, 0 MiB, 12.30 W;3, 0 %, 0 MiB, 8.36 W; @1786720609
0, 0 %, 0 MiB, 21.97 W;1, 0 %, 0 MiB, 23.58 W;2, 0 %, 0 MiB, 12.33 W;3, 0 %, 0 MiB, 8.52 W; @1786720612
0, 0 %, 0 MiB, 21.84 W;1, 0 %, 0 MiB, 23.43 W;2, 0 %, 0 MiB, 12.13 W;3, 0 %, 0 MiB, 8.46 W; @1786720615
0, 0 %, 0 MiB, 22.33 W;1, 0 %, 0 MiB, 23.48 W;2, 0 %, 0 MiB, 12.64 W;3, 0 %, 0 MiB, 8.84 W; @1786720618
0, 0 %, 0 MiB, 22.32 W;1, 0 %, 0 MiB, 23.99 W;2, 0 %, 0 MiB, 12.80 W;3, 0 %, 0 MiB, 9.14 W; @1786720621
0, 0 %, 0 MiB, 22.25 W;1, 0 %, 0 MiB, 23.68 W;2, 0 %, 0 MiB, 12.57 W;3, 0 %, 0 MiB, 8.58 W; @1786720624
0, 0 %, 0 MiB, 22.35 W;1, 0 %, 0 MiB, 23.43 W;2, 0 %, 0 MiB, 12.70 W;3, 0 %, 0 MiB, 9.12 W; @1786720628
0, 0 %, 0 MiB, 22.49 W;1, 0 %, 0 MiB, 23.95 W;2, 0 %, 0 MiB, 12.56 W;3, 0 %, 0 MiB, 9.35 W; @1786720631
0, 0 %, 0 MiB, 21.90 W;1, 0 %, 0 MiB, 23.90 W;2, 0 %, 0 MiB, 12.30 W;3, 0 %, 0 MiB, 7.97 W; @1786720634
0, 0 %, 0 MiB, 22.08 W;1, 0 %, 0 MiB, 24.13 W;2, 0 %, 0 MiB, 12.79 W;3, 0 %, 0 MiB, 9.35 W; @1786720637
0, 0 %, 0 MiB, 22.42 W;1, 0 %, 0 MiB, 23.85 W;2, 0 %, 0 MiB, 13.12 W;3, 0 %, 0 MiB, 9.27 W; @1786720640
0, 0 %, 0 MiB, 21.87 W;1, 0 %, 0 MiB, 23.73 W;2, 0 %, 0 MiB, 12.51 W;3, 0 %, 0 MiB, 8.94 W; @1786720643
0, 0 %, 0 MiB, 22.19 W;1, 0 %, 0 MiB, 23.88 W;2, 0 %, 0 MiB, 12.64 W;3, 0 %, 0 MiB, 9.46 W; @1786720646
0, 0 %, 0 MiB, 22.28 W;1, 0 %, 0 MiB, 22.82 W;2, 0 %, 0 MiB, 12.48 W;3, 0 %, 0 MiB, 9.31 W; @1786720649
0, 0 %, 0 MiB, 21.54 W;1, 0 %, 0 MiB, 23.14 W;2, 0 %, 0 MiB, 12.40 W;3, 0 %, 0 MiB, 8.73 W; @1786720652
0, 0 %, 0 MiB, 21.76 W;1, 0 %, 0 MiB, 23.85 W;2, 0 %, 0 MiB, 12.50 W;3, 0 %, 0 MiB, 9.18 W; @1786720655
0, 0 %, 0 MiB, 22.16 W;1, 0 %, 0 MiB, 23.30 W;2, 0 %, 0 MiB, 12.61 W;3, 0 %, 0 MiB, 9.07 W; @1786720659
0, 0 %, 0 MiB, 22.02 W;1, 0 %, 0 MiB, 23.04 W;2, 0 %, 0 MiB, 12.78 W;3, 0 %, 0 MiB, 8.87 W; @1786720662
0, 0 %, 0 MiB, 21.86 W;1, 0 %, 0 MiB, 23.60 W;2, 0 %, 0 MiB, 12.83 W;3, 0 %, 0 MiB, 9.27 W; @1786720665
0, 0 %, 0 MiB, 22.02 W;1, 0 %, 0 MiB, 23.48 W;2, 0 %, 0 MiB, 12.84 W;3, 0 %, 0 MiB, 8.94 W; @1786720668
0, 0 %, 0 MiB, 21.89 W;1, 0 %, 0 MiB, 23.85 W;2, 0 %, 0 MiB, 12.32 W;3, 0 %, 0 MiB, 7.81 W; @1786720671
0, 0 %, 0 MiB, 22.15 W;1, 0 %, 0 MiB, 23.32 W;2, 0 %, 0 MiB, 12.54 W;3, 0 %, 0 MiB, 8.79 W; @1786720674
0, 0 %, 0 MiB, 21.99 W;1, 0 %, 0 MiB, 23.24 W;2, 0 %, 0 MiB, 12.70 W;3, 0 %, 0 MiB, 9.06 W; @1786720677
0, 0 %, 0 MiB, 22.43 W;1, 0 %, 0 MiB, 23.61 W;2, 0 %, 0 MiB, 12.27 W;3, 0 %, 0 MiB, 8.78 W; @1786720680
0, 0 %, 0 MiB, 22.26 W;1, 0 %, 0 MiB, 23.91 W;2, 0 %, 0 MiB, 12.46 W;3, 0 %, 0 MiB, 9.01 W; @1786720683
0, 0 %, 0 MiB, 22.40 W;1, 0 %, 0 MiB, 23.50 W;2, 0 %, 0 MiB, 12.65 W;3, 0 %, 0 MiB, 8.26 W; @1786720687
0, 0 %, 0 MiB, 22.29 W;1, 0 %, 0 MiB, 23.87 W;2, 0 %, 0 MiB, 12.63 W;3, 0 %, 0 MiB, 8.55 W; @1786720690
0, 0 %, 0 MiB, 22.46 W;1, 0 %, 0 MiB, 23.90 W;2, 0 %, 0 MiB, 12.57 W;3, 0 %, 0 MiB, 8.83 W; @1786720693
0, 0 %, 0 MiB, 21.80 W;1, 0 %, 0 MiB, 24.06 W;2, 0 %, 0 MiB, 12.77 W;3, 0 %, 0 MiB, 8.03 W; @1786720696
0, 0 %, 0 MiB, 22.15 W;1, 0 %, 0 MiB, 23.86 W;2, 0 %, 0 MiB, 12.85 W;3, 0 %, 0 MiB, 8.89 W; @1786720699
0, 0 %, 0 MiB, 22.57 W;1, 0 %, 0 MiB, 23.94 W;2, 0 %, 0 MiB, 12.79 W;3, 0 %, 0 MiB, 8.73 W; @1786720702
0, 0 %, 0 MiB, 21.99 W;1, 0 %, 0 MiB, 23.12 W;2, 0 %, 0 MiB, 12.52 W;3, 0 %, 0 MiB, 7.61 W; @1786720705
0, 0 %, 0 MiB, 22.23 W;1, 0 %, 0 MiB, 23.68 W;2, 0 %, 0 MiB, 12.86 W;3, 0 %, 0 MiB, 8.96 W; @1786720708
0, 0 %, 0 MiB, 22.19 W;1, 0 %, 0 MiB, 23.65 W;2, 0 %, 0 MiB, 12.85 W;3, 0 %, 0 MiB, 8.59 W; @1786720711
0, 0 %, 0 MiB, 22.07 W;1, 0 %, 0 MiB, 23.57 W;2, 0 %, 0 MiB, 12.77 W;3, 0 %, 0 MiB, 8.04 W; @1786720714
0, 0 %, 0 MiB, 22.33 W;1, 0 %, 0 MiB, 23.93 W;2, 0 %, 0 MiB, 13.16 W;3, 0 %, 0 MiB, 8.78 W; @1786720718
0, 0 %, 0 MiB, 22.59 W;1, 0 %, 0 MiB, 23.78 W;2, 0 %, 0 MiB, 12.97 W;3, 0 %, 0 MiB, 8.71 W; @1786720721
0, 0 %, 0 MiB, 22.31 W;1, 0 %, 0 MiB, 23.29 W;2, 0 %, 0 MiB, 13.09 W;3, 0 %, 0 MiB, 8.19 W; @1786720724
0, 0 %, 0 MiB, 22.57 W;1, 0 %, 0 MiB, 23.85 W;2, 0 %, 0 MiB, 12.85 W;3, 0 %, 0 MiB, 8.93 W; @1786720727
0, 0 %, 0 MiB, 22.55 W;1, 0 %, 0 MiB, 23.65 W;2, 0 %, 0 MiB, 12.82 W;3, 0 %, 0 MiB, 8.79 W; @1786720730
0, 0 %, 0 MiB, 22.48 W;1, 0 %, 0 MiB, 23.58 W;2, 0 %, 0 MiB, 13.03 W;3, 0 %, 0 MiB, 8.15 W; @1786720733
0, 0 %, 0 MiB, 22.32 W;1, 0 %, 0 MiB, 23.97 W;2, 0 %, 0 MiB, 12.88 W;3, 0 %, 0 MiB, 9.15 W; @1786720736
0, 0 %, 0 MiB, 22.12 W;1, 0 %, 0 MiB, 23.92 W;2, 0 %, 0 MiB, 12.83 W;3, 0 %, 0 MiB, 8.58 W; @1786720739
0, 0 %, 0 MiB, 21.85 W;1, 0 %, 0 MiB, 23.40 W;2, 0 %, 0 MiB, 12.46 W;3, 0 %, 0 MiB, 8.18 W; @1786720742
0, 0 %, 0 MiB, 22.25 W;1, 0 %, 0 MiB, 23.57 W;2, 0 %, 0 MiB, 12.80 W;3, 0 %, 0 MiB, 8.74 W; @1786720745
0, 0 %, 0 MiB, 22.24 W;1, 0 %, 0 MiB, 23.76 W;2, 0 %, 0 MiB, 13.06 W;3, 0 %, 0 MiB, 8.88 W; @1786720749
0, 0 %, 0 MiB, 21.93 W;1, 0 %, 0 MiB, 23.58 W;2, 0 %, 0 MiB, 12.62 W;3, 0 %, 0 MiB, 9.02 W; @1786720752
0, 0 %, 0 MiB, 22.08 W;1, 0 %, 0 MiB, 23.83 W;2, 0 %, 0 MiB, 12.66 W;3, 0 %, 0 MiB, 8.97 W; @1786720755
0, 0 %, 0 MiB, 22.06 W;1, 0 %, 0 MiB, 24.17 W;2, 0 %, 0 MiB, 12.67 W;3, 0 %, 0 MiB, 9.04 W; @1786720758
0, 0 %, 0 MiB, 22.27 W;1, 0 %, 0 MiB, 24.22 W;2, 0 %, 0 MiB, 12.65 W;3, 0 %, 0 MiB, 9.00 W; @1786720761
0, 0 %, 0 MiB, 22.29 W;1, 0 %, 0 MiB, 23.28 W;2, 0 %, 0 MiB, 12.57 W;3, 0 %, 0 MiB, 8.92 W; @1786720764
0, 0 %, 0 MiB, 22.12 W;1, 0 %, 0 MiB, 23.60 W;2, 0 %, 0 MiB, 12.80 W;3, 0 %, 0 MiB, 9.03 W; @1786720767
0, 0 %, 0 MiB, 22.21 W;1, 0 %, 0 MiB, 23.42 W;2, 0 %, 0 MiB, 12.45 W;3, 0 %, 0 MiB, 8.68 W; @1786720770
0, 0 %, 0 MiB, 22.19 W;1, 0 %, 0 MiB, 23.40 W;2, 0 %, 0 MiB, 12.60 W;3, 0 %, 0 MiB, 9.03 W; @1786720773
0, 0 %, 0 MiB, 22.07 W;1, 0 %, 0 MiB, 23.62 W;2, 0 %, 0 MiB, 12.56 W;3, 0 %, 0 MiB, 9.06 W; @1786720777
0, 0 %, 0 MiB, 22.06 W;1, 0 %, 0 MiB, 24.03 W;2, 0 %, 0 MiB, 12.53 W;3, 0 %, 0 MiB, 8.44 W; @1786720780
0, 0 %, 0 MiB, 21.97 W;1, 0 %, 0 MiB, 23.63 W;2, 0 %, 0 MiB, 12.78 W;3, 0 %, 0 MiB, 8.84 W; @1786720783
0, 0 %, 0 MiB, 21.92 W;1, 0 %, 0 MiB, 23.78 W;2, 0 %, 0 MiB, 12.83 W;3, 0 %, 0 MiB, 8.30 W; @1786720786
0, 0 %, 0 MiB, 21.98 W;1, 0 %, 0 MiB, 23.95 W;2, 0 %, 0 MiB, 12.95 W;3, 0 %, 0 MiB, 9.10 W; @1786720789
0, 0 %, 0 MiB, 22.14 W;1, 0 %, 0 MiB, 24.04 W;2, 0 %, 0 MiB, 13.27 W;3, 0 %, 0 MiB, 8.90 W; @1786720792
0, 0 %, 0 MiB, 21.73 W;1, 0 %, 0 MiB, 23.69 W;2, 0 %, 0 MiB, 12.56 W;3, 0 %, 0 MiB, 8.68 W; @1786720795
0, 0 %, 0 MiB, 22.26 W;1, 0 %, 0 MiB, 23.63 W;2, 0 %, 0 MiB, 12.72 W;3, 0 %, 0 MiB, 9.08 W; @1786720798
0, 0 %, 0 MiB, 22.04 W;1, 0 %, 0 MiB, 23.92 W;2, 0 %, 0 MiB, 12.75 W;3, 0 %, 0 MiB, 8.91 W; @1786720801
0, 0 %, 0 MiB, 21.77 W;1, 0 %, 0 MiB, 23.52 W;2, 0 %, 0 MiB, 12.92 W;3, 0 %, 0 MiB, 8.83 W; @1786720804
0, 0 %, 0 MiB, 22.23 W;1, 0 %, 0 MiB, 23.64 W;2, 0 %, 0 MiB, 12.91 W;3, 0 %, 0 MiB, 9.27 W; @1786720808
0, 0 %, 0 MiB, 21.84 W;1, 0 %, 0 MiB, 24.15 W;2, 0 %, 0 MiB, 12.85 W;3, 0 %, 0 MiB, 9.28 W; @1786720811
0, 0 %, 0 MiB, 21.61 W;1, 0 %, 0 MiB, 23.52 W;2, 0 %, 0 MiB, 12.82 W;3, 0 %, 0 MiB, 8.60 W; @1786720814
0, 0 %, 0 MiB, 21.19 W;1, 0 %, 0 MiB, 24.10 W;2, 0 %, 0 MiB, 12.19 W;3, 0 %, 0 MiB, 8.38 W; @1786720817
0, 0 %, 0 MiB, 21.57 W;1, 0 %, 0 MiB, 23.55 W;2, 0 %, 0 MiB, 12.77 W;3, 0 %, 0 MiB, 8.63 W; @1786720820
0, 0 %, 0 MiB, 21.88 W;1, 0 %, 0 MiB, 24.24 W;2, 0 %, 0 MiB, 13.03 W;3, 0 %, 0 MiB, 8.01 W; @1786720823
0, 0 %, 0 MiB, 21.21 W;1, 0 %, 0 MiB, 23.65 W;2, 0 %, 0 MiB, 12.70 W;3, 0 %, 0 MiB, 9.01 W; @1786720826
0, 0 %, 0 MiB, 21.48 W;1, 0 %, 0 MiB, 23.30 W;2, 0 %, 0 MiB, 13.03 W;3, 0 %, 0 MiB, 8.83 W; @1786720829
0, 0 %, 0 MiB, 21.17 W;1, 0 %, 0 MiB, 23.20 W;2, 0 %, 0 MiB, 12.32 W;3, 0 %, 0 MiB, 7.61 W; @1786720832
0, 0 %, 0 MiB, 21.54 W;1, 0 %, 0 MiB, 23.23 W;2, 0 %, 0 MiB, 12.88 W;3, 0 %, 0 MiB, 8.79 W; @1786720835
0, 0 %, 0 MiB, 21.82 W;1, 0 %, 0 MiB, 23.55 W;2, 0 %, 0 MiB, 12.95 W;3, 0 %, 0 MiB, 8.88 W; @1786720839
0, 0 %, 0 MiB, 22.00 W;1, 0 %, 0 MiB, 23.15 W;2, 0 %, 0 MiB, 13.32 W;3, 0 %, 0 MiB, 8.71 W; @1786720842
0, 0 %, 0 MiB, 22.12 W;1, 0 %, 0 MiB, 22.55 W;2, 0 %, 0 MiB, 13.48 W;3, 0 %, 0 MiB, 9.62 W; @1786720845
0, 0 %, 0 MiB, 21.93 W;1, 0 %, 0 MiB, 23.22 W;2, 0 %, 0 MiB, 12.91 W;3, 0 %, 0 MiB, 8.93 W; @1786720848
0, 0 %, 0 MiB, 21.78 W;1, 0 %, 0 MiB, 22.87 W;2, 0 %, 0 MiB, 12.38 W;3, 0 %, 0 MiB, 8.24 W; @1786720851
0, 0 %, 0 MiB, 21.63 W;1, 0 %, 0 MiB, 22.91 W;2, 0 %, 0 MiB, 12.13 W;3, 0 %, 0 MiB, 7.03 W; @1786720854
0, 0 %, 0 MiB, 22.28 W;1, 0 %, 0 MiB, 22.65 W;2, 0 %, 0 MiB, 12.44 W;3, 0 %, 0 MiB, 7.67 W; @1786720857
0, 0 %, 0 MiB, 22.78 W;1, 0 %, 0 MiB, 22.84 W;2, 0 %, 0 MiB, 12.20 W;3, 0 %, 0 MiB, 8.52 W; @1786720860
0, 0 %, 0 MiB, 22.03 W;1, 0 %, 0 MiB, 23.01 W;2, 0 %, 0 MiB, 12.28 W;3, 0 %, 0 MiB, 8.46 W; @1786720863
0, 0 %, 0 MiB, 21.98 W;1, 0 %, 0 MiB, 22.14 W;2, 0 %, 0 MiB, 12.14 W;3, 0 %, 0 MiB, 8.26 W; @1786720866
0, 0 %, 0 MiB, 21.66 W;1, 0 %, 0 MiB, 23.18 W;2, 0 %, 0 MiB, 12.36 W;3, 0 %, 0 MiB, 8.06 W; @1786720870
0, 0 %, 0 MiB, 21.89 W;1, 0 %, 0 MiB, 23.14 W;2, 0 %, 0 MiB, 12.46 W;3, 0 %, 0 MiB, 8.43 W; @1786720873
0, 0 %, 0 MiB, 21.78 W;1, 0 %, 0 MiB, 23.23 W;2, 0 %, 0 MiB, 12.37 W;3, 0 %, 0 MiB, 8.28 W; @1786720876
0, 0 %, 0 MiB, 21.98 W;1, 0 %, 0 MiB, 22.95 W;2, 0 %, 0 MiB, 12.26 W;3, 0 %, 0 MiB, 8.39 W; @1786720879
0, 0 %, 0 MiB, 21.72 W;1, 0 %, 0 MiB, 23.02 W;2, 0 %, 0 MiB, 12.28 W;3, 0 %, 0 MiB, 8.49 W; @1786720882
0, 0 %, 0 MiB, 21.86 W;1, 0 %, 0 MiB, 22.56 W;2, 0 %, 0 MiB, 12.22 W;3, 0 %, 0 MiB, 8.61 W; @1786720885
0, 0 %, 0 MiB, 22.11 W;1, 0 %, 0 MiB, 23.68 W;2, 0 %, 0 MiB, 12.89 W;3, 0 %, 0 MiB, 8.90 W; @1786720888
0, 0 %, 0 MiB, 21.82 W;1, 0 %, 0 MiB, 23.09 W;2, 0 %, 0 MiB, 12.14 W;3, 0 %, 0 MiB, 8.29 W; @1786720891
0, 0 %, 0 MiB, 21.70 W;1, 0 %, 0 MiB, 23.21 W;2, 0 %, 0 MiB, 12.14 W;3, 0 %, 0 MiB, 7.73 W; @1786720894
0, 0 %, 0 MiB, 22.54 W;1, 0 %, 0 MiB, 23.09 W;2, 0 %, 0 MiB, 12.34 W;3, 0 %, 0 MiB, 8.82 W; @1786720898
0, 0 %, 0 MiB, 22.31 W;1, 0 %, 0 MiB, 23.48 W;2, 0 %, 0 MiB, 12.76 W;3, 0 %, 0 MiB, 9.38 W; @1786720901
0, 0 %, 0 MiB, 22.18 W;1, 0 %, 0 MiB, 23.14 W;2, 0 %, 0 MiB, 12.80 W;3, 0 %, 0 MiB, 8.75 W; @1786720904
0, 0 %, 0 MiB, 21.82 W;1, 0 %, 0 MiB, 23.56 W;2, 0 %, 0 MiB, 12.52 W;3, 0 %, 0 MiB, 9.36 W; @1786720907
0, 0 %, 0 MiB, 22.21 W;1, 0 %, 0 MiB, 23.39 W;2, 0 %, 0 MiB, 12.49 W;3, 0 %, 0 MiB, 9.23 W; @1786720910
0, 0 %, 0 MiB, 22.32 W;1, 0 %, 0 MiB, 22.93 W;2, 0 %, 0 MiB, 12.35 W;3, 0 %, 0 MiB, 8.53 W; @1786720913
0, 0 %, 0 MiB, 22.33 W;1, 0 %, 0 MiB, 23.01 W;2, 0 %, 0 MiB, 12.53 W;3, 0 %, 0 MiB, 9.19 W; @1786720916
0, 0 %, 0 MiB, 22.11 W;1, 0 %, 0 MiB, 23.30 W;2, 0 %, 0 MiB, 12.53 W;3, 0 %, 0 MiB, 9.24 W; @1786720919
0, 0 %, 0 MiB, 21.92 W;1, 0 %, 0 MiB, 23.00 W;2, 0 %, 0 MiB, 12.60 W;3, 0 %, 0 MiB, 8.96 W; @1786720922
0, 0 %, 0 MiB, 22.02 W;1, 0 %, 0 MiB, 23.32 W;2, 0 %, 0 MiB, 12.58 W;3, 0 %, 0 MiB, 9.42 W; @1786720925
0, 0 %, 0 MiB, 22.03 W;1, 0 %, 0 MiB, 23.08 W;2, 0 %, 0 MiB, 12.48 W;3, 0 %, 0 MiB, 9.35 W; @1786720929
0, 0 %, 0 MiB, 22.20 W;1, 0 %, 0 MiB, 22.97 W;2, 0 %, 0 MiB, 12.33 W;3, 0 %, 0 MiB, 8.70 W; @1786720932
0, 0 %, 0 MiB, 22.38 W;1, 0 %, 0 MiB, 23.31 W;2, 0 %, 0 MiB, 12.38 W;3, 0 %, 0 MiB, 9.27 W; @1786720935
0, 0 %, 0 MiB, 22.23 W;1, 0 %, 0 MiB, 23.39 W;2, 0 %, 0 MiB, 12.95 W;3, 0 %, 0 MiB, 9.17 W; @1786720938
0, 0 %, 0 MiB, 21.49 W;1, 0 %, 0 MiB, 23.30 W;2, 0 %, 0 MiB, 12.76 W;3, 0 %, 0 MiB, 9.13 W; @1786720941
0, 0 %, 0 MiB, 21.62 W;1, 0 %, 0 MiB, 22.54 W;2, 0 %, 0 MiB, 12.81 W;3, 0 %, 0 MiB, 8.90 W; @1786720944
0, 0 %, 0 MiB, 21.51 W;1, 0 %, 0 MiB, 23.04 W;2, 0 %, 0 MiB, 12.75 W;3, 0 %, 0 MiB, 9.32 W; @1786720947
0, 0 %, 0 MiB, 21.57 W;1, 0 %, 0 MiB, 23.23 W;2, 0 %, 0 MiB, 12.69 W;3, 0 %, 0 MiB, 8.82 W; @1786720950
0, 0 %, 0 MiB, 21.98 W;1, 0 %, 0 MiB, 23.17 W;2, 0 %, 0 MiB, 12.61 W;3, 0 %, 0 MiB, 9.11 W; @1786720953
0, 0 %, 0 MiB, 21.93 W;1, 0 %, 0 MiB, 23.59 W;2, 0 %, 0 MiB, 12.84 W;3, 0 %, 0 MiB, 8.81 W; @1786720956
0, 0 %, 0 MiB, 21.79 W;1, 0 %, 0 MiB, 23.02 W;2, 0 %, 0 MiB, 12.61 W;3, 0 %, 0 MiB, 9.25 W; @1786720960
0, 0 %, 0 MiB, 21.76 W;1, 0 %, 0 MiB, 23.44 W;2, 0 %, 0 MiB, 12.62 W;3, 0 %, 0 MiB, 9.46 W; @1786720963
0, 0 %, 0 MiB, 22.02 W;1, 0 %, 0 MiB, 23.20 W;2, 0 %, 0 MiB, 12.52 W;3, 0 %, 0 MiB, 9.53 W; @1786720966
0, 0 %, 0 MiB, 21.80 W;1, 0 %, 0 MiB, 23.20 W;2, 0 %, 0 MiB, 12.25 W;3, 0 %, 0 MiB, 8.73 W; @1786720969
0, 0 %, 0 MiB, 22.13 W;1, 0 %, 0 MiB, 23.05 W;2, 0 %, 0 MiB, 12.57 W;3, 0 %, 0 MiB, 9.33 W; @1786720972
0, 0 %, 0 MiB, 21.71 W;1, 0 %, 0 MiB, 23.08 W;2, 0 %, 0 MiB, 12.55 W;3, 0 %, 0 MiB, 8.94 W; @1786720975
0, 0 %, 0 MiB, 21.60 W;1, 0 %, 0 MiB, 23.25 W;2, 0 %, 0 MiB, 12.08 W;3, 0 %, 0 MiB, 8.81 W; @1786720978
0, 0 %, 0 MiB, 21.68 W;1, 0 %, 0 MiB, 23.27 W;2, 0 %, 0 MiB, 12.11 W;3, 0 %, 0 MiB, 8.74 W; @1786720981
0, 0 %, 0 MiB, 21.77 W;1, 0 %, 0 MiB, 22.74 W;2, 0 %, 0 MiB, 11.90 W;3, 0 %, 0 MiB, 7.29 W; @1786720984
0, 0 %, 0 MiB, 22.68 W;1, 0 %, 0 MiB, 22.76 W;2, 0 %, 0 MiB, 12.16 W;3, 0 %, 0 MiB, 9.77 W; @1786720987
0, 0 %, 0 MiB, 22.11 W;1, 0 %, 0 MiB, 22.96 W;2, 0 %, 0 MiB, 12.62 W;3, 0 %, 0 MiB, 9.18 W; @1786720991
0, 0 %, 0 MiB, 21.87 W;1, 0 %, 0 MiB, 23.11 W;2, 0 %, 0 MiB, 12.64 W;3, 0 %, 0 MiB, 9.20 W; @1786720994
0, 0 %, 0 MiB, 21.90 W;1, 0 %, 0 MiB, 23.32 W;2, 0 %, 0 MiB, 12.68 W;3, 0 %, 0 MiB, 9.23 W; @1786720997
0, 0 %, 0 MiB, 21.86 W;1, 0 %, 0 MiB, 23.27 W;2, 0 %, 0 MiB, 12.68 W;3, 0 %, 0 MiB, 9.36 W; @1786721000
0, 0 %, 0 MiB, 22.04 W;1, 0 %, 0 MiB, 23.14 W;2, 0 %, 0 MiB, 12.24 W;3, 0 %, 0 MiB, 9.11 W; @1786721003
0, 0 %, 0 MiB, 22.54 W;1, 0 %, 0 MiB, 23.52 W;2, 0 %, 0 MiB, 12.49 W;3, 0 %, 0 MiB, 9.84 W; @1786721006
0, 0 %, 0 MiB, 22.48 W;1, 0 %, 0 MiB, 23.39 W;2, 0 %, 0 MiB, 12.69 W;3, 0 %, 0 MiB, 9.68 W; @1786721009
0, 0 %, 0 MiB, 21.82 W;1, 0 %, 0 MiB, 23.23 W;2, 0 %, 0 MiB, 12.58 W;3, 0 %, 0 MiB, 9.07 W; @1786721012
0, 0 %, 0 MiB, 22.09 W;1, 0 %, 0 MiB, 23.02 W;2, 0 %, 0 MiB, 13.00 W;3, 0 %, 0 MiB, 9.36 W; @1786721015
0, 0 %, 0 MiB, 22.06 W;1, 0 %, 0 MiB, 23.72 W;2, 0 %, 0 MiB, 12.66 W;3, 0 %, 0 MiB, 9.27 W; @1786721019
0, 0 %, 0 MiB, 21.85 W;1, 0 %, 0 MiB, 22.98 W;2, 0 %, 0 MiB, 12.73 W;3, 0 %, 0 MiB, 9.35 W; @1786721022
0, 0 %, 0 MiB, 22.61 W;1, 0 %, 0 MiB, 23.57 W;2, 0 %, 0 MiB, 12.60 W;3, 0 %, 0 MiB, 9.38 W; @1786721025
0, 0 %, 0 MiB, 22.29 W;1, 0 %, 0 MiB, 23.63 W;2, 0 %, 0 MiB, 12.73 W;3, 0 %, 0 MiB, 9.19 W; @1786721028
0, 0 %, 0 MiB, 22.10 W;1, 0 %, 0 MiB, 23.70 W;2, 0 %, 0 MiB, 12.68 W;3, 0 %, 0 MiB, 8.64 W; @1786721031
0, 0 %, 0 MiB, 21.87 W;1, 0 %, 0 MiB, 23.75 W;2, 0 %, 0 MiB, 12.57 W;3, 0 %, 0 MiB, 9.11 W; @1786721034
0, 0 %, 0 MiB, 21.62 W;1, 0 %, 0 MiB, 23.68 W;2, 0 %, 0 MiB, 12.61 W;3, 0 %, 0 MiB, 9.05 W; @1786721037
0, 0 %, 0 MiB, 21.55 W;1, 0 %, 0 MiB, 23.71 W;2, 0 %, 0 MiB, 12.46 W;3, 0 %, 0 MiB, 8.77 W; @1786721040
0, 0 %, 0 MiB, 21.41 W;1, 0 %, 0 MiB, 23.99 W;2, 0 %, 0 MiB, 12.71 W;3, 0 %, 0 MiB, 9.07 W; @1786721043
0, 0 %, 0 MiB, 21.86 W;1, 0 %, 0 MiB, 23.27 W;2, 0 %, 0 MiB, 12.74 W;3, 0 %, 0 MiB, 8.75 W; @1786721046
0, 0 %, 0 MiB, 21.98 W;1, 0 %, 0 MiB, 23.80 W;2, 0 %, 0 MiB, 12.70 W;3, 0 %, 0 MiB, 8.95 W; @1786721050
0, 0 %, 0 MiB, 21.76 W;1, 0 %, 0 MiB, 23.71 W;2, 0 %, 0 MiB, 12.77 W;3, 0 %, 0 MiB, 8.92 W; @1786721053
0, 0 %, 0 MiB, 21.47 W;1, 0 %, 0 MiB, 24.32 W;2, 0 %, 0 MiB, 12.43 W;3, 0 %, 0 MiB, 8.54 W; @1786721056
0, 0 %, 0 MiB, 21.67 W;1, 0 %, 0 MiB, 24.24 W;2, 0 %, 0 MiB, 12.66 W;3, 0 %, 0 MiB, 9.11 W; @1786721059
0, 0 %, 0 MiB, 21.67 W;1, 0 %, 0 MiB, 24.28 W;2, 0 %, 0 MiB, 12.41 W;3, 0 %, 0 MiB, 8.80 W; @1786721062
0, 0 %, 0 MiB, 22.12 W;1, 0 %, 0 MiB, 24.06 W;2, 0 %, 0 MiB, 12.76 W;3, 0 %, 0 MiB, 8.44 W; @1786721065
0, 0 %, 0 MiB, 21.86 W;1, 0 %, 0 MiB, 24.33 W;2, 0 %, 0 MiB, 12.89 W;3, 0 %, 0 MiB, 9.09 W; @1786721068
0, 0 %, 0 MiB, 21.47 W;1, 0 %, 0 MiB, 23.66 W;2, 0 %, 0 MiB, 12.56 W;3, 0 %, 0 MiB, 9.15 W; @1786721071
0, 0 %, 0 MiB, 21.54 W;1, 0 %, 0 MiB, 23.57 W;2, 0 %, 0 MiB, 12.80 W;3, 0 %, 0 MiB, 8.69 W; @1786721074
0, 0 %, 0 MiB, 21.80 W;1, 0 %, 0 MiB, 23.64 W;2, 0 %, 0 MiB, 12.77 W;3, 0 %, 0 MiB, 8.65 W; @1786721077
0, 0 %, 0 MiB, 22.04 W;1, 0 %, 0 MiB, 23.72 W;2, 0 %, 0 MiB, 12.76 W;3, 0 %, 0 MiB, 8.71 W; @1786721081
0, 0 %, 0 MiB, 21.69 W;1, 0 %, 0 MiB, 23.05 W;2, 0 %, 0 MiB, 12.30 W;3, 0 %, 0 MiB, 8.14 W; @1786721084
0, 0 %, 0 MiB, 21.89 W;1, 0 %, 0 MiB, 23.62 W;2, 0 %, 0 MiB, 12.90 W;3, 0 %, 0 MiB, 8.86 W; @1786721087
0, 0 %, 0 MiB, 21.83 W;1, 0 %, 0 MiB, 23.91 W;2, 0 %, 0 MiB, 12.57 W;3, 0 %, 0 MiB, 8.93 W; @1786721090
0, 0 %, 0 MiB, 21.78 W;1, 0 %, 0 MiB, 23.52 W;2, 0 %, 0 MiB, 12.61 W;3, 0 %, 0 MiB, 8.04 W; @1786721093
0, 0 %, 0 MiB, 21.53 W;1, 0 %, 0 MiB, 23.86 W;2, 0 %, 0 MiB, 12.63 W;3, 0 %, 0 MiB, 8.76 W; @1786721096
0, 0 %, 0 MiB, 21.78 W;1, 0 %, 0 MiB, 24.01 W;2, 0 %, 0 MiB, 12.70 W;3, 0 %, 0 MiB, 8.53 W; @1786721099
0, 0 %, 0 MiB, 22.01 W;1, 0 %, 0 MiB, 24.16 W;2, 0 %, 0 MiB, 12.89 W;3, 0 %, 0 MiB, 7.50 W; @1786721102
0, 0 %, 0 MiB, 21.57 W;1, 0 %, 0 MiB, 23.96 W;2, 0 %, 0 MiB, 12.68 W;3, 0 %, 0 MiB, 8.92 W; @1786721105
0, 0 %, 0 MiB, 21.68 W;1, 0 %, 0 MiB, 23.58 W;2, 0 %, 0 MiB, 12.49 W;3, 0 %, 0 MiB, 8.92 W; @1786721108
0, 0 %, 0 MiB, 22.41 W;1, 0 %, 0 MiB, 23.31 W;2, 0 %, 0 MiB, 13.27 W;3, 0 %, 0 MiB, 9.08 W; @1786721112
0, 0 %, 0 MiB, 22.30 W;1, 0 %, 0 MiB, 23.29 W;2, 0 %, 0 MiB, 13.23 W;3, 0 %, 0 MiB, 9.70 W; @1786721115
0, 0 %, 0 MiB, 22.26 W;1, 0 %, 0 MiB, 23.36 W;2, 0 %, 0 MiB, 13.43 W;3, 0 %, 0 MiB, 8.88 W; @1786721118
0, 0 %, 0 MiB, 21.64 W;1, 0 %, 0 MiB, 23.84 W;2, 0 %, 0 MiB, 12.46 W;3, 0 %, 0 MiB, 8.23 W; @1786721121
0, 0 %, 0 MiB, 21.62 W;1, 0 %, 0 MiB, 23.59 W;2, 0 %, 0 MiB, 12.29 W;3, 0 %, 0 MiB, 8.30 W; @1786721124
0, 0 %, 0 MiB, 21.40 W;1, 0 %, 0 MiB, 23.20 W;2, 0 %, 0 MiB, 12.27 W;3, 0 %, 0 MiB, 8.23 W; @1786721127
0, 0 %, 0 MiB, 21.51 W;1, 0 %, 0 MiB, 24.06 W;2, 0 %, 0 MiB, 12.43 W;3, 0 %, 0 MiB, 8.36 W; @1786721130
0, 0 %, 0 MiB, 21.35 W;1, 0 %, 0 MiB, 23.66 W;2, 0 %, 0 MiB, 12.40 W;3, 0 %, 0 MiB, 7.33 W; @1786721133
0, 0 %, 0 MiB, 21.28 W;1, 0 %, 0 MiB, 23.78 W;2, 0 %, 0 MiB, 12.63 W;3, 0 %, 0 MiB, 7.64 W; @1786721136
0, 0 %, 0 MiB, 22.11 W;1, 0 %, 0 MiB, 23.72 W;2, 0 %, 0 MiB, 12.68 W;3, 0 %, 0 MiB, 7.74 W; @1786721139
0, 0 %, 0 MiB, 21.50 W;1, 0 %, 0 MiB, 24.21 W;2, 0 %, 0 MiB, 12.19 W;3, 0 %, 0 MiB, 8.11 W; @1786721143
0, 0 %, 0 MiB, 21.87 W;1, 0 %, 0 MiB, 23.66 W;2, 0 %, 0 MiB, 12.36 W;3, 0 %, 0 MiB, 7.98 W; @1786721146
0, 0 %, 0 MiB, 21.64 W;1, 0 %, 0 MiB, 23.48 W;2, 0 %, 0 MiB, 12.34 W;3, 0 %, 0 MiB, 7.99 W; @1786721149
0, 0 %, 0 MiB, 21.59 W;1, 0 %, 0 MiB, 23.58 W;2, 0 %, 0 MiB, 12.48 W;3, 0 %, 0 MiB, 8.61 W; @1786721152
0, 0 %, 0 MiB, 21.40 W;1, 0 %, 0 MiB, 23.86 W;2, 0 %, 0 MiB, 12.35 W;3, 0 %, 0 MiB, 8.06 W; @1786721155
0, 0 %, 0 MiB, 21.34 W;1, 0 %, 0 MiB, 23.21 W;2, 0 %, 0 MiB, 12.21 W;3, 0 %, 0 MiB, 8.53 W; @1786721158
0, 0 %, 0 MiB, 21.44 W;1, 0 %, 0 MiB, 23.58 W;2, 0 %, 0 MiB, 12.45 W;3, 0 %, 0 MiB, 8.81 W; @1786721161
0, 0 %, 0 MiB, 21.58 W;1, 0 %, 0 MiB, 23.51 W;2, 0 %, 0 MiB, 12.32 W;3, 0 %, 0 MiB, 8.63 W; @1786721164
0, 0 %, 0 MiB, 21.60 W;1, 0 %, 0 MiB, 23.69 W;2, 0 %, 0 MiB, 12.33 W;3, 0 %, 0 MiB, 7.97 W; @1786721168
0, 0 %, 0 MiB, 21.17 W;1, 0 %, 0 MiB, 23.67 W;2, 0 %, 0 MiB, 12.26 W;3, 0 %, 0 MiB, 8.36 W; @1786721171
0, 0 %, 0 MiB, 21.56 W;1, 0 %, 0 MiB, 23.55 W;2, 0 %, 0 MiB, 12.44 W;3, 0 %, 0 MiB, 8.52 W; @1786721174
0, 0 %, 0 MiB, 21.88 W;1, 0 %, 0 MiB, 23.48 W;2, 0 %, 0 MiB, 12.48 W;3, 0 %, 0 MiB, 8.62 W; @1786721177
0, 0 %, 0 MiB, 21.63 W;1, 0 %, 0 MiB, 23.22 W;2, 0 %, 0 MiB, 12.60 W;3, 0 %, 0 MiB, 8.83 W; @1786721180
0, 0 %, 0 MiB, 21.76 W;1, 0 %, 0 MiB, 23.77 W;2, 0 %, 0 MiB, 12.68 W;3, 0 %, 0 MiB, 8.84 W; @1786721183
0, 0 %, 0 MiB, 21.07 W;1, 0 %, 0 MiB, 23.82 W;2, 0 %, 0 MiB, 12.63 W;3, 0 %, 0 MiB, 8.75 W; @1786721186
0, 0 %, 0 MiB, 21.56 W;1, 0 %, 0 MiB, 24.03 W;2, 0 %, 0 MiB, 12.24 W;3, 0 %, 0 MiB, 8.85 W; @1786721189
0, 0 %, 0 MiB, 21.54 W;1, 0 %, 0 MiB, 23.81 W;2, 0 %, 0 MiB, 12.38 W;3, 0 %, 0 MiB, 8.84 W; @1786721192
0, 0 %, 0 MiB, 22.03 W;1, 0 %, 0 MiB, 23.77 W;2, 0 %, 0 MiB, 12.68 W;3, 0 %, 0 MiB, 9.22 W; @1786721195
0, 0 %, 0 MiB, 21.96 W;1, 0 %, 0 MiB, 23.96 W;2, 0 %, 0 MiB, 12.72 W;3, 0 %, 0 MiB, 9.02 W; @1786721199
0, 0 %, 0 MiB, 21.91 W;1, 0 %, 0 MiB, 23.92 W;2, 0 %, 0 MiB, 12.68 W;3, 0 %, 0 MiB, 8.76 W; @1786721202
0, 0 %, 0 MiB, 21.57 W;1, 0 %, 0 MiB, 23.97 W;2, 0 %, 0 MiB, 12.59 W;3, 0 %, 0 MiB, 8.81 W; @1786721205
0, 0 %, 0 MiB, 21.45 W;1, 0 %, 0 MiB, 23.71 W;2, 0 %, 0 MiB, 12.48 W;3, 0 %, 0 MiB, 8.91 W; @1786721208
0, 0 %, 0 MiB, 22.00 W;1, 0 %, 0 MiB, 23.71 W;2, 0 %, 0 MiB, 12.76 W;3, 0 %, 0 MiB, 9.38 W; @1786721211
0, 0 %, 0 MiB, 21.62 W;1, 0 %, 0 MiB, 23.75 W;2, 0 %, 0 MiB, 12.49 W;3, 0 %, 0 MiB, 8.51 W; @1786721214
0, 0 %, 0 MiB, 21.89 W;1, 0 %, 0 MiB, 23.72 W;2, 0 %, 0 MiB, 12.53 W;3, 0 %, 0 MiB, 9.23 W; @1786721217
0, 0 %, 0 MiB, 21.75 W;1, 0 %, 0 MiB, 23.86 W;2, 0 %, 0 MiB, 12.41 W;3, 0 %, 0 MiB, 8.88 W; @1786721220
0, 0 %, 0 MiB, 21.77 W;1, 0 %, 0 MiB, 23.50 W;2, 0 %, 0 MiB, 12.21 W;3, 0 %, 0 MiB, 8.97 W; @1786721223
0, 0 %, 0 MiB, 21.76 W;1, 0 %, 0 MiB, 24.00 W;2, 0 %, 0 MiB, 12.56 W;3, 0 %, 0 MiB, 8.67 W; @1786721226
0, 0 %, 0 MiB, 21.95 W;1, 0 %, 0 MiB, 23.87 W;2, 0 %, 0 MiB, 12.43 W;3, 0 %, 0 MiB, 9.07 W; @1786721230
0, 0 %, 0 MiB, 22.07 W;1, 0 %, 0 MiB, 23.65 W;2, 0 %, 0 MiB, 12.45 W;3, 0 %, 0 MiB, 8.94 W; @1786721233
0, 0 %, 0 MiB, 21.91 W;1, 0 %, 0 MiB, 23.42 W;2, 0 %, 0 MiB, 12.54 W;3, 0 %, 0 MiB, 9.07 W; @1786721236
0, 0 %, 0 MiB, 22.06 W;1, 0 %, 0 MiB, 23.67 W;2, 0 %, 0 MiB, 12.36 W;3, 0 %, 0 MiB, 9.03 W; @1786721239
0, 0 %, 0 MiB, 22.11 W;1, 0 %, 0 MiB, 23.14 W;2, 0 %, 0 MiB, 12.11 W;3, 0 %, 0 MiB, 7.44 W; @1786721242
0, 0 %, 0 MiB, 22.30 W;1, 0 %, 0 MiB, 23.92 W;2, 0 %, 0 MiB, 12.44 W;3, 0 %, 0 MiB, 9.04 W; @1786721245
0, 0 %, 0 MiB, 22.28 W;1, 0 %, 0 MiB, 23.41 W;2, 0 %, 0 MiB, 12.59 W;3, 0 %, 0 MiB, 9.04 W; @1786721248
0, 0 %, 0 MiB, 22.08 W;1, 0 %, 0 MiB, 23.15 W;2, 0 %, 0 MiB, 12.45 W;3, 0 %, 0 MiB, 9.25 W; @1786721251
0, 0 %, 0 MiB, 22.03 W;1, 0 %, 0 MiB, 23.48 W;2, 0 %, 0 MiB, 12.27 W;3, 0 %, 0 MiB, 9.57 W; @1786721254
0, 0 %, 0 MiB, 21.77 W;1, 0 %, 0 MiB, 23.37 W;2, 0 %, 0 MiB, 12.42 W;3, 0 %, 0 MiB, 9.46 W; @1786721257
0, 0 %, 0 MiB, 21.86 W;1, 0 %, 0 MiB, 23.75 W;2, 0 %, 0 MiB, 12.44 W;3, 0 %, 0 MiB, 9.13 W; @1786721261
0, 0 %, 0 MiB, 21.66 W;1, 0 %, 0 MiB, 23.33 W;2, 0 %, 0 MiB, 12.19 W;3, 0 %, 0 MiB, 8.92 W; @1786721264
0, 0 %, 0 MiB, 21.32 W;1, 0 %, 0 MiB, 23.28 W;2, 0 %, 0 MiB, 12.52 W;3, 0 %, 0 MiB, 9.23 W; @1786721267
0, 0 %, 0 MiB, 21.28 W;1, 0 %, 0 MiB, 22.80 W;2, 0 %, 0 MiB, 12.19 W;3, 0 %, 0 MiB, 8.71 W; @1786721270
0, 0 %, 0 MiB, 22.00 W;1, 0 %, 0 MiB, 23.08 W;2, 0 %, 0 MiB, 12.53 W;3, 0 %, 0 MiB, 9.48 W; @1786721273
0, 0 %, 0 MiB, 22.14 W;1, 0 %, 0 MiB, 23.10 W;2, 0 %, 0 MiB, 12.33 W;3, 0 %, 0 MiB, 9.43 W; @1786721276
0, 0 %, 0 MiB, 21.79 W;1, 0 %, 0 MiB, 23.03 W;2, 0 %, 0 MiB, 12.08 W;3, 0 %, 0 MiB, 8.97 W; @1786721279
0, 0 %, 0 MiB, 21.88 W;1, 0 %, 0 MiB, 22.71 W;2, 0 %, 0 MiB, 12.47 W;3, 0 %, 0 MiB, 9.17 W; @1786721282
0, 0 %, 0 MiB, 21.88 W;1, 0 %, 0 MiB, 23.30 W;2, 0 %, 0 MiB, 12.51 W;3, 0 %, 0 MiB, 9.62 W; @1786721285
0, 0 %, 0 MiB, 21.42 W;1, 0 %, 0 MiB, 23.22 W;2, 0 %, 0 MiB, 12.32 W;3, 0 %, 0 MiB, 9.61 W; @1786721288
0, 0 %, 0 MiB, 21.64 W;1, 0 %, 0 MiB, 23.10 W;2, 0 %, 0 MiB, 12.48 W;3, 0 %, 0 MiB, 9.48 W; @1786721292
0, 0 %, 0 MiB, 21.80 W;1, 0 %, 0 MiB, 23.51 W;2, 0 %, 0 MiB, 12.05 W;3, 0 %, 0 MiB, 9.58 W; @1786721295
0, 0 %, 0 MiB, 21.69 W;1, 0 %, 0 MiB, 22.56 W;2, 0 %, 0 MiB, 12.25 W;3, 0 %, 0 MiB, 9.17 W; @1786721298
0, 0 %, 0 MiB, 21.78 W;1, 0 %, 0 MiB, 22.73 W;2, 0 %, 0 MiB, 12.41 W;3, 0 %, 0 MiB, 9.37 W; @1786721301
0, 0 %, 0 MiB, 21.55 W;1, 0 %, 0 MiB, 23.12 W;2, 0 %, 0 MiB, 12.31 W;3, 0 %, 0 MiB, 9.27 W; @1786721304
0, 0 %, 0 MiB, 21.62 W;1, 0 %, 0 MiB, 23.36 W;2, 0 %, 0 MiB, 12.28 W;3, 0 %, 0 MiB, 9.35 W; @1786721307
0, 0 %, 0 MiB, 21.71 W;1, 0 %, 0 MiB, 23.36 W;2, 0 %, 0 MiB, 12.32 W;3, 0 %, 0 MiB, 9.05 W; @1786721310
0, 0 %, 0 MiB, 21.84 W;1, 0 %, 0 MiB, 23.20 W;2, 0 %, 0 MiB, 12.53 W;3, 0 %, 0 MiB, 9.04 W; @1786721313
0, 0 %, 0 MiB, 21.94 W;1, 0 %, 0 MiB, 23.06 W;2, 0 %, 0 MiB, 12.39 W;3, 0 %, 0 MiB, 8.92 W; @1786721316
0, 0 %, 0 MiB, 21.71 W;1, 0 %, 0 MiB, 23.35 W;2, 0 %, 0 MiB, 12.59 W;3, 0 %, 0 MiB, 9.18 W; @1786721319
0, 0 %, 0 MiB, 21.90 W;1, 0 %, 0 MiB, 23.56 W;2, 0 %, 0 MiB, 12.38 W;3, 0 %, 0 MiB, 9.56 W; @1786721322
0, 0 %, 0 MiB, 21.97 W;1, 0 %, 0 MiB, 23.20 W;2, 0 %, 0 MiB, 12.36 W;3, 0 %, 0 MiB, 8.85 W; @1786721326
0, 0 %, 0 MiB, 22.20 W;1, 0 %, 0 MiB, 23.37 W;2, 0 %, 0 MiB, 12.43 W;3, 0 %, 0 MiB, 9.48 W; @1786721329
0, 0 %, 0 MiB, 22.42 W;1, 0 %, 0 MiB, 23.81 W;2, 0 %, 0 MiB, 12.32 W;3, 0 %, 0 MiB, 9.59 W; @1786721332
0, 0 %, 0 MiB, 22.29 W;1, 0 %, 0 MiB, 23.67 W;2, 0 %, 0 MiB, 12.17 W;3, 0 %, 0 MiB, 9.52 W; @1786721335
0, 0 %, 0 MiB, 22.14 W;1, 0 %, 0 MiB, 22.95 W;2, 0 %, 0 MiB, 12.41 W;3, 0 %, 0 MiB, 9.25 W; @1786721338
0, 0 %, 0 MiB, 22.34 W;1, 0 %, 0 MiB, 23.52 W;2, 0 %, 0 MiB, 12.32 W;3, 0 %, 0 MiB, 9.27 W; @1786721341
0, 0 %, 0 MiB, 22.34 W;1, 0 %, 0 MiB, 23.72 W;2, 0 %, 0 MiB, 12.28 W;3, 0 %, 0 MiB, 9.28 W; @1786721344
0, 0 %, 0 MiB, 22.33 W;1, 0 %, 0 MiB, 23.19 W;2, 0 %, 0 MiB, 12.35 W;3, 0 %, 0 MiB, 9.03 W; @1786721347
0, 0 %, 0 MiB, 22.22 W;1, 0 %, 0 MiB, 23.09 W;2, 0 %, 0 MiB, 12.25 W;3, 0 %, 0 MiB, 8.79 W; @1786721350
0, 0 %, 0 MiB, 21.94 W;1, 0 %, 0 MiB, 23.55 W;2, 0 %, 0 MiB, 12.47 W;3, 0 %, 0 MiB, 8.55 W; @1786721354
0, 0 %, 0 MiB, 22.20 W;1, 0 %, 0 MiB, 23.73 W;2, 0 %, 0 MiB, 13.03 W;3, 0 %, 0 MiB, 9.41 W; @1786721357
0, 0 %, 0 MiB, 21.98 W;1, 0 %, 0 MiB, 23.43 W;2, 0 %, 0 MiB, 12.40 W;3, 0 %, 0 MiB, 9.19 W; @1786721360
0, 0 %, 0 MiB, 22.15 W;1, 0 %, 0 MiB, 22.81 W;2, 0 %, 0 MiB, 12.38 W;3, 0 %, 0 MiB, 9.19 W; @1786721363
0, 0 %, 0 MiB, 21.98 W;1, 0 %, 0 MiB, 22.88 W;2, 0 %, 0 MiB, 12.48 W;3, 0 %, 0 MiB, 9.27 W; @1786721366
0, 0 %, 0 MiB, 21.92 W;1, 0 %, 0 MiB, 22.57 W;2, 0 %, 0 MiB, 12.52 W;3, 0 %, 0 MiB, 9.14 W; @1786721369
0, 0 %, 0 MiB, 21.89 W;1, 0 %, 0 MiB, 22.76 W;2, 0 %, 0 MiB, 12.55 W;3, 0 %, 0 MiB, 9.14 W; @1786721372
0, 0 %, 0 MiB, 21.75 W;1, 0 %, 0 MiB, 22.90 W;2, 0 %, 0 MiB, 12.45 W;3, 0 %, 0 MiB, 9.50 W; @1786721375
0, 0 %, 0 MiB, 21.87 W;1, 0 %, 0 MiB, 23.11 W;2, 0 %, 0 MiB, 12.57 W;3, 0 %, 0 MiB, 9.41 W; @1786721378
0, 0 %, 0 MiB, 21.86 W;1, 0 %, 0 MiB, 22.99 W;2, 0 %, 0 MiB, 12.23 W;3, 0 %, 0 MiB, 8.72 W; @1786721381
0, 0 %, 0 MiB, 21.38 W;1, 0 %, 0 MiB, 23.60 W;2, 0 %, 0 MiB, 12.39 W;3, 0 %, 0 MiB, 9.32 W; @1786721385
0, 0 %, 0 MiB, 21.52 W;1, 0 %, 0 MiB, 23.17 W;2, 0 %, 0 MiB, 12.21 W;3, 0 %, 0 MiB, 8.84 W; @1786721388
0, 0 %, 0 MiB, 21.72 W;1, 0 %, 0 MiB, 23.12 W;2, 0 %, 0 MiB, 12.46 W;3, 0 %, 0 MiB, 9.31 W; @1786721391
0, 0 %, 0 MiB, 22.19 W;1, 0 %, 0 MiB, 23.45 W;2, 0 %, 0 MiB, 12.78 W;3, 0 %, 0 MiB, 9.57 W; @1786721394
0, 0 %, 0 MiB, 22.07 W;1, 0 %, 0 MiB, 23.18 W;2, 0 %, 0 MiB, 12.45 W;3, 0 %, 0 MiB, 9.39 W; @1786721397
0, 0 %, 0 MiB, 21.70 W;1, 0 %, 0 MiB, 22.92 W;2, 0 %, 0 MiB, 12.83 W;3, 0 %, 0 MiB, 9.33 W; @1786721400
0, 0 %, 3 MiB, 23.15 W;1, 0 %, 3 MiB, 22.99 W;2, 0 %, 1 MiB, 12.90 W;3, 0 %, 1 MiB, 9.74 W; @1786721403
0, 0 %, 0 MiB, 64.34 W;1, 0 %, 0 MiB, 63.30 W;2, 0 %, 0 MiB, 55.02 W;3, 0 %, 0 MiB, 51.03 W; @1786721406
0, 0 %, 0 MiB, 38.85 W;1, 0 %, 0 MiB, 25.44 W;2, 0 %, 0 MiB, 14.49 W;3, 0 %, 0 MiB, 20.12 W; @1786721410
0, 0 %, 0 MiB, 22.08 W;1, 0 %, 0 MiB, 23.33 W;2, 0 %, 0 MiB, 12.75 W;3, 0 %, 0 MiB, 8.89 W; @1786721413
0, 0 %, 0 MiB, 22.06 W;1, 0 %, 0 MiB, 23.20 W;2, 0 %, 0 MiB, 12.71 W;3, 0 %, 0 MiB, 9.15 W; @1786721416
0, 0 %, 0 MiB, 22.24 W;1, 0 %, 0 MiB, 23.54 W;2, 0 %, 0 MiB, 12.76 W;3, 0 %, 0 MiB, 9.19 W; @1786721419
0, 0 %, 0 MiB, 22.27 W;1, 0 %, 0 MiB, 23.71 W;2, 0 %, 0 MiB, 12.46 W;3, 0 %, 0 MiB, 8.62 W; @1786721422
0, 0 %, 0 MiB, 21.63 W;1, 0 %, 0 MiB, 23.46 W;2, 0 %, 0 MiB, 12.28 W;3, 0 %, 0 MiB, 8.47 W; @1786721425
0, 0 %, 0 MiB, 21.99 W;1, 0 %, 0 MiB, 23.30 W;2, 0 %, 0 MiB, 12.73 W;3, 0 %, 0 MiB, 8.87 W; @1786721428
0, 0 %, 0 MiB, 22.12 W;1, 0 %, 0 MiB, 23.35 W;2, 0 %, 0 MiB, 13.00 W;3, 0 %, 0 MiB, 8.84 W; @1786721431
0, 0 %, 0 MiB, 22.14 W;1, 0 %, 0 MiB, 23.56 W;2, 0 %, 0 MiB, 12.81 W;3, 0 %, 0 MiB, 9.24 W; @1786721434
0, 0 %, 0 MiB, 21.82 W;1, 0 %, 0 MiB, 23.49 W;2, 0 %, 0 MiB, 12.63 W;3, 0 %, 0 MiB, 8.84 W; @1786721437
0, 0 %, 0 MiB, 22.08 W;1, 0 %, 0 MiB, 23.50 W;2, 0 %, 0 MiB, 12.92 W;3, 0 %, 0 MiB, 9.17 W; @1786721441
0, 0 %, 0 MiB, 22.03 W;1, 0 %, 0 MiB, 23.70 W;2, 0 %, 0 MiB, 12.69 W;3, 0 %, 0 MiB, 9.28 W; @1786721444
0, 0 %, 0 MiB, 21.98 W;1, 0 %, 0 MiB, 22.36 W;2, 0 %, 0 MiB, 12.67 W;3, 0 %, 0 MiB, 9.41 W; @1786721447
0, 0 %, 0 MiB, 21.74 W;1, 0 %, 0 MiB, 23.03 W;2, 0 %, 0 MiB, 12.54 W;3, 0 %, 0 MiB, 9.13 W; @1786721450
0, 0 %, 0 MiB, 21.93 W;1, 0 %, 0 MiB, 23.20 W;2, 0 %, 0 MiB, 12.44 W;3, 0 %, 0 MiB, 9.38 W; @1786721453
0, 0 %, 0 MiB, 21.88 W;1, 0 %, 0 MiB, 22.64 W;2, 0 %, 0 MiB, 12.34 W;3, 0 %, 0 MiB, 9.20 W; @1786721456
0, 0 %, 0 MiB, 22.07 W;1, 0 %, 0 MiB, 23.11 W;2, 0 %, 0 MiB, 12.27 W;3, 0 %, 0 MiB, 9.28 W; @1786721459
0, 0 %, 0 MiB, 22.50 W;1, 0 %, 0 MiB, 23.40 W;2, 0 %, 0 MiB, 12.51 W;3, 0 %, 0 MiB, 9.01 W; @1786721462
0, 0 %, 0 MiB, 22.23 W;1, 0 %, 0 MiB, 23.70 W;2, 0 %, 0 MiB, 12.56 W;3, 0 %, 0 MiB, 8.73 W; @1786721465
0, 0 %, 0 MiB, 22.04 W;1, 0 %, 0 MiB, 23.62 W;2, 0 %, 0 MiB, 12.25 W;3, 0 %, 0 MiB, 9.31 W; @1786721468
0, 0 %, 0 MiB, 22.18 W;1, 0 %, 0 MiB, 23.33 W;2, 0 %, 0 MiB, 12.23 W;3, 0 %, 0 MiB, 9.62 W; @1786721472
0, 0 %, 0 MiB, 22.08 W;1, 0 %, 0 MiB, 23.44 W;2, 0 %, 0 MiB, 12.32 W;3, 0 %, 0 MiB, 9.66 W; @1786721475
0, 0 %, 0 MiB, 21.93 W;1, 0 %, 0 MiB, 23.07 W;2, 0 %, 0 MiB, 12.21 W;3, 0 %, 0 MiB, 9.04 W; @1786721478
0, 0 %, 0 MiB, 22.16 W;1, 0 %, 0 MiB, 23.16 W;2, 0 %, 0 MiB, 12.41 W;3, 0 %, 0 MiB, 9.74 W; @1786721481
0, 0 %, 0 MiB, 22.19 W;1, 0 %, 0 MiB, 23.50 W;2, 0 %, 0 MiB, 12.41 W;3, 0 %, 0 MiB, 9.73 W; @1786721484
0, 0 %, 0 MiB, 22.39 W;1, 0 %, 0 MiB, 23.42 W;2, 0 %, 0 MiB, 12.26 W;3, 0 %, 0 MiB, 9.46 W; @1786721487
0, 0 %, 0 MiB, 22.19 W;1, 0 %, 0 MiB, 22.91 W;2, 0 %, 0 MiB, 12.27 W;3, 0 %, 0 MiB, 9.60 W; @1786721490
0, 0 %, 0 MiB, 21.84 W;1, 0 %, 0 MiB, 23.26 W;2, 0 %, 0 MiB, 12.25 W;3, 0 %, 0 MiB, 9.18 W; @1786721493
0, 0 %, 0 MiB, 22.08 W;1, 0 %, 0 MiB, 23.22 W;2, 0 %, 0 MiB, 12.44 W;3, 0 %, 0 MiB, 9.23 W; @1786721496
0, 0 %, 0 MiB, 22.16 W;1, 0 %, 0 MiB, 23.47 W;2, 0 %, 0 MiB, 12.72 W;3, 0 %, 0 MiB, 9.09 W; @1786721499
0, 0 %, 0 MiB, 22.54 W;1, 0 %, 0 MiB, 23.72 W;2, 0 %, 0 MiB, 13.23 W;3, 0 %, 0 MiB, 9.54 W; @1786721503
0, 0 %, 0 MiB, 22.12 W;1, 0 %, 0 MiB, 23.81 W;2, 0 %, 0 MiB, 12.66 W;3, 0 %, 0 MiB, 9.36 W; @1786721506
0, 0 %, 0 MiB, 22.11 W;1, 0 %, 0 MiB, 23.41 W;2, 0 %, 0 MiB, 12.57 W;3, 0 %, 0 MiB, 9.27 W; @1786721509
0, 0 %, 0 MiB, 21.96 W;1, 0 %, 0 MiB, 23.62 W;2, 0 %, 0 MiB, 12.85 W;3, 0 %, 0 MiB, 9.46 W; @1786721512
0, 0 %, 0 MiB, 21.93 W;1, 0 %, 0 MiB, 23.43 W;2, 0 %, 0 MiB, 12.65 W;3, 0 %, 0 MiB, 9.20 W; @1786721515
0, 0 %, 0 MiB, 22.07 W;1, 0 %, 0 MiB, 23.81 W;2, 0 %, 0 MiB, 12.64 W;3, 0 %, 0 MiB, 9.54 W; @1786721518
0, 0 %, 0 MiB, 22.44 W;1, 0 %, 0 MiB, 23.91 W;2, 0 %, 0 MiB, 12.98 W;3, 0 %, 0 MiB, 9.80 W; @1786721521
0, 0 %, 0 MiB, 22.17 W;1, 0 %, 0 MiB, 23.21 W;2, 0 %, 0 MiB, 13.32 W;3, 0 %, 0 MiB, 10.32 W; @1786721524
0, 0 %, 0 MiB, 22.05 W;1, 0 %, 0 MiB, 23.53 W;2, 0 %, 0 MiB, 13.25 W;3, 0 %, 0 MiB, 10.00 W; @1786721527
0, 0 %, 0 MiB, 22.51 W;1, 0 %, 0 MiB, 23.14 W;2, 0 %, 0 MiB, 13.48 W;3, 0 %, 0 MiB, 10.08 W; @1786721530
0, 0 %, 0 MiB, 21.87 W;1, 0 %, 0 MiB, 23.15 W;2, 0 %, 0 MiB, 12.20 W;3, 0 %, 0 MiB, 7.50 W; @1786721534
0, 0 %, 0 MiB, 21.98 W;1, 0 %, 0 MiB, 23.39 W;2, 0 %, 0 MiB, 12.48 W;3, 0 %, 0 MiB, 7.77 W; @1786721537
0, 0 %, 0 MiB, 22.42 W;1, 0 %, 0 MiB, 23.54 W;2, 0 %, 0 MiB, 12.77 W;3, 0 %, 0 MiB, 8.02 W; @1786721540
0, 0 %, 0 MiB, 22.20 W;1, 0 %, 0 MiB, 23.45 W;2, 0 %, 0 MiB, 12.50 W;3, 0 %, 0 MiB, 8.68 W; @1786721543
0, 0 %, 0 MiB, 22.34 W;1, 0 %, 0 MiB, 23.42 W;2, 0 %, 0 MiB, 12.45 W;3, 0 %, 0 MiB, 8.68 W; @1786721546
0, 0 %, 0 MiB, 21.92 W;1, 0 %, 0 MiB, 23.56 W;2, 0 %, 0 MiB, 12.41 W;3, 0 %, 0 MiB, 8.54 W; @1786721549
0, 0 %, 0 MiB, 21.88 W;1, 0 %, 0 MiB, 23.44 W;2, 0 %, 0 MiB, 12.08 W;3, 0 %, 0 MiB, 8.33 W; @1786721552
0, 0 %, 0 MiB, 21.89 W;1, 0 %, 0 MiB, 23.41 W;2, 0 %, 0 MiB, 12.44 W;3, 0 %, 0 MiB, 8.22 W; @1786721555
0, 0 %, 0 MiB, 21.51 W;1, 0 %, 0 MiB, 23.16 W;2, 0 %, 0 MiB, 12.47 W;3, 0 %, 0 MiB, 8.43 W; @1786721558
0, 0 %, 0 MiB, 22.10 W;1, 0 %, 0 MiB, 23.51 W;2, 0 %, 0 MiB, 12.40 W;3, 0 %, 0 MiB, 8.68 W; @1786721562
0, 0 %, 0 MiB, 21.90 W;1, 0 %, 0 MiB, 23.16 W;2, 0 %, 0 MiB, 12.34 W;3, 0 %, 0 MiB, 8.49 W; @1786721565
0, 0 %, 0 MiB, 22.05 W;1, 0 %, 0 MiB, 22.83 W;2, 0 %, 0 MiB, 12.51 W;3, 0 %, 0 MiB, 8.47 W; @1786721568
0, 0 %, 0 MiB, 21.88 W;1, 0 %, 0 MiB, 22.86 W;2, 0 %, 0 MiB, 12.20 W;3, 0 %, 0 MiB, 8.06 W; @1786721571
0, 0 %, 0 MiB, 21.72 W;1, 0 %, 0 MiB, 22.54 W;2, 0 %, 0 MiB, 12.37 W;3, 0 %, 0 MiB, 8.21 W; @1786721574
0, 0 %, 0 MiB, 21.87 W;1, 0 %, 0 MiB, 23.31 W;2, 0 %, 0 MiB, 12.47 W;3, 0 %, 0 MiB, 8.73 W; @1786721577
0, 0 %, 0 MiB, 22.01 W;1, 0 %, 0 MiB, 23.03 W;2, 0 %, 0 MiB, 12.09 W;3, 0 %, 0 MiB, 9.04 W; @1786721580
0, 0 %, 0 MiB, 22.01 W;1, 0 %, 0 MiB, 23.14 W;2, 0 %, 0 MiB, 12.29 W;3, 0 %, 0 MiB, 8.87 W; @1786721583
0, 0 %, 0 MiB, 22.25 W;1, 0 %, 0 MiB, 22.98 W;2, 0 %, 0 MiB, 12.09 W;3, 0 %, 0 MiB, 8.99 W; @1786721586
0, 0 %, 0 MiB, 22.46 W;1, 0 %, 0 MiB, 23.33 W;2, 0 %, 0 MiB, 12.34 W;3, 0 %, 0 MiB, 8.95 W; @1786721590
0, 0 %, 0 MiB, 22.52 W;1, 0 %, 0 MiB, 22.58 W;2, 0 %, 0 MiB, 12.49 W;3, 0 %, 0 MiB, 9.54 W; @1786721593
0, 0 %, 0 MiB, 22.14 W;1, 0 %, 0 MiB, 23.17 W;2, 0 %, 0 MiB, 12.56 W;3, 0 %, 0 MiB, 9.51 W; @1786721596
0, 0 %, 0 MiB, 22.28 W;1, 0 %, 0 MiB, 22.69 W;2, 0 %, 0 MiB, 12.65 W;3, 0 %, 0 MiB, 9.31 W; @1786721599
0, 0 %, 0 MiB, 22.24 W;1, 0 %, 0 MiB, 23.10 W;2, 0 %, 0 MiB, 12.70 W;3, 0 %, 0 MiB, 8.68 W; @1786721602
0, 0 %, 0 MiB, 22.19 W;1, 0 %, 0 MiB, 23.48 W;2, 0 %, 0 MiB, 12.72 W;3, 0 %, 0 MiB, 9.67 W; @1786721605
0, 0 %, 0 MiB, 22.25 W;1, 0 %, 0 MiB, 23.44 W;2, 0 %, 0 MiB, 12.34 W;3, 0 %, 0 MiB, 9.59 W; @1786721608
0, 0 %, 0 MiB, 22.24 W;1, 0 %, 0 MiB, 23.33 W;2, 0 %, 0 MiB, 12.84 W;3, 0 %, 0 MiB, 9.41 W; @1786721611
0, 0 %, 0 MiB, 22.15 W;1, 0 %, 0 MiB, 23.71 W;2, 0 %, 0 MiB, 12.70 W;3, 0 %, 0 MiB, 9.38 W; @1786721614
0, 0 %, 0 MiB, 22.11 W;1, 0 %, 0 MiB, 23.70 W;2, 0 %, 0 MiB, 12.65 W;3, 0 %, 0 MiB, 9.51 W; @1786721617
0, 0 %, 0 MiB, 22.32 W;1, 0 %, 0 MiB, 23.66 W;2, 0 %, 0 MiB, 12.57 W;3, 0 %, 0 MiB, 9.46 W; @1786721621
0, 0 %, 0 MiB, 22.04 W;1, 0 %, 0 MiB, 23.67 W;2, 0 %, 0 MiB, 12.66 W;3, 0 %, 0 MiB, 9.46 W; @1786721624
0, 0 %, 0 MiB, 22.02 W;1, 0 %, 0 MiB, 23.99 W;2, 0 %, 0 MiB, 12.70 W;3, 0 %, 0 MiB, 9.65 W; @1786721627
0, 0 %, 0 MiB, 22.04 W;1, 0 %, 0 MiB, 23.13 W;2, 0 %, 0 MiB, 12.77 W;3, 0 %, 0 MiB, 9.41 W; @1786721630
0, 0 %, 0 MiB, 22.28 W;1, 0 %, 0 MiB, 24.12 W;2, 0 %, 0 MiB, 12.73 W;3, 0 %, 0 MiB, 9.54 W; @1786721633
0, 0 %, 0 MiB, 22.00 W;1, 0 %, 0 MiB, 23.77 W;2, 0 %, 0 MiB, 12.68 W;3, 0 %, 0 MiB, 9.56 W; @1786721636
0, 0 %, 0 MiB, 21.92 W;1, 0 %, 0 MiB, 23.14 W;2, 0 %, 0 MiB, 12.94 W;3, 0 %, 0 MiB, 9.46 W; @1786721639
0, 0 %, 0 MiB, 21.99 W;1, 0 %, 0 MiB, 23.69 W;2, 0 %, 0 MiB, 13.07 W;3, 0 %, 0 MiB, 9.05 W; @1786721642
0, 0 %, 0 MiB, 22.43 W;1, 0 %, 0 MiB, 23.62 W;2, 0 %, 0 MiB, 13.22 W;3, 0 %, 0 MiB, 8.93 W; @1786721645
0, 0 %, 0 MiB, 22.00 W;1, 0 %, 0 MiB, 23.21 W;2, 0 %, 0 MiB, 12.76 W;3, 0 %, 0 MiB, 8.93 W; @1786721648
0, 0 %, 0 MiB, 22.03 W;1, 0 %, 0 MiB, 23.48 W;2, 0 %, 0 MiB, 12.88 W;3, 0 %, 0 MiB, 9.26 W; @1786721652
0, 0 %, 0 MiB, 21.85 W;1, 0 %, 0 MiB, 23.35 W;2, 0 %, 0 MiB, 12.77 W;3, 0 %, 0 MiB, 9.31 W; @1786721655
0, 0 %, 0 MiB, 21.84 W;1, 0 %, 0 MiB, 23.51 W;2, 0 %, 0 MiB, 12.71 W;3, 0 %, 0 MiB, 8.74 W; @1786721658
0, 0 %, 0 MiB, 22.15 W;1, 0 %, 0 MiB, 23.69 W;2, 0 %, 0 MiB, 12.61 W;3, 0 %, 0 MiB, 9.43 W; @1786721661
0, 0 %, 0 MiB, 22.29 W;1, 0 %, 0 MiB, 23.48 W;2, 0 %, 0 MiB, 12.65 W;3, 0 %, 0 MiB, 9.32 W; @1786721664
0, 0 %, 0 MiB, 22.29 W;1, 0 %, 0 MiB, 23.41 W;2, 0 %, 0 MiB, 12.67 W;3, 0 %, 0 MiB, 9.30 W; @1786721667
0, 0 %, 0 MiB, 22.41 W;1, 0 %, 0 MiB, 24.01 W;2, 0 %, 0 MiB, 12.58 W;3, 0 %, 0 MiB, 9.07 W; @1786721670
0, 0 %, 0 MiB, 22.57 W;1, 0 %, 0 MiB, 23.12 W;2, 0 %, 0 MiB, 12.55 W;3, 0 %, 0 MiB, 9.40 W; @1786721673
0, 0 %, 0 MiB, 22.70 W;1, 0 %, 0 MiB, 23.54 W;2, 0 %, 0 MiB, 12.63 W;3, 0 %, 0 MiB, 9.28 W; @1786721676
0, 0 %, 0 MiB, 22.60 W;1, 0 %, 0 MiB, 23.27 W;2, 0 %, 0 MiB, 12.40 W;3, 0 %, 0 MiB, 9.48 W; @1786721679
0, 0 %, 0 MiB, 21.92 W;1, 0 %, 0 MiB, 23.00 W;2, 0 %, 0 MiB, 12.08 W;3, 0 %, 0 MiB, 8.55 W; @1786721683
0, 0 %, 0 MiB, 22.25 W;1, 0 %, 0 MiB, 22.75 W;2, 0 %, 0 MiB, 12.64 W;3, 0 %, 0 MiB, 8.46 W; @1786721686
0, 0 %, 0 MiB, 22.59 W;1, 0 %, 0 MiB, 23.31 W;2, 0 %, 0 MiB, 12.81 W;3, 0 %, 0 MiB, 9.31 W; @1786721689
0, 0 %, 0 MiB, 22.31 W;1, 0 %, 0 MiB, 22.96 W;2, 0 %, 0 MiB, 12.70 W;3, 0 %, 0 MiB, 9.41 W; @1786721692
0, 0 %, 0 MiB, 21.91 W;1, 0 %, 0 MiB, 23.65 W;2, 0 %, 0 MiB, 12.70 W;3, 0 %, 0 MiB, 9.34 W; @1786721695
0, 0 %, 0 MiB, 22.20 W;1, 0 %, 0 MiB, 23.23 W;2, 0 %, 0 MiB, 12.66 W;3, 0 %, 0 MiB, 9.31 W; @1786721698
0, 0 %, 0 MiB, 22.17 W;1, 0 %, 0 MiB, 22.83 W;2, 0 %, 0 MiB, 12.44 W;3, 0 %, 0 MiB, 9.08 W; @1786721701
0, 0 %, 0 MiB, 22.23 W;1, 0 %, 0 MiB, 23.23 W;2, 0 %, 0 MiB, 12.59 W;3, 0 %, 0 MiB, 9.15 W; @1786721704
0, 0 %, 0 MiB, 22.25 W;1, 0 %, 0 MiB, 22.97 W;2, 0 %, 0 MiB, 12.53 W;3, 0 %, 0 MiB, 9.33 W; @1786721707
0, 0 %, 0 MiB, 22.13 W;1, 0 %, 0 MiB, 23.08 W;2, 0 %, 0 MiB, 12.65 W;3, 0 %, 0 MiB, 9.32 W; @1786721710
0, 0 %, 0 MiB, 22.14 W;1, 0 %, 0 MiB, 23.22 W;2, 0 %, 0 MiB, 12.46 W;3, 0 %, 0 MiB, 8.83 W; @1786721714
0, 0 %, 0 MiB, 22.34 W;1, 0 %, 0 MiB, 22.95 W;2, 0 %, 0 MiB, 12.56 W;3, 0 %, 0 MiB, 9.47 W; @1786721717
0, 0 %, 0 MiB, 21.95 W;1, 0 %, 0 MiB, 22.85 W;2, 0 %, 0 MiB, 13.24 W;3, 0 %, 0 MiB, 9.24 W; @1786721720
0, 0 %, 0 MiB, 22.13 W;1, 0 %, 0 MiB, 22.63 W;2, 0 %, 0 MiB, 13.01 W;3, 0 %, 0 MiB, 9.34 W; @1786721723
0, 0 %, 0 MiB, 22.41 W;1, 0 %, 0 MiB, 22.97 W;2, 0 %, 0 MiB, 12.86 W;3, 0 %, 0 MiB, 9.50 W; @1786721726
0, 0 %, 0 MiB, 21.96 W;1, 0 %, 0 MiB, 23.27 W;2, 0 %, 0 MiB, 12.66 W;3, 0 %, 0 MiB, 9.44 W; @1786721729
0, 0 %, 0 MiB, 22.01 W;1, 0 %, 0 MiB, 23.39 W;2, 0 %, 0 MiB, 12.38 W;3, 0 %, 0 MiB, 9.23 W; @1786721732
0, 0 %, 0 MiB, 21.99 W;1, 0 %, 0 MiB, 23.56 W;2, 0 %, 0 MiB, 12.57 W;3, 0 %, 0 MiB, 9.39 W; @1786721735
0, 0 %, 0 MiB, 21.97 W;1, 0 %, 0 MiB, 23.22 W;2, 0 %, 0 MiB, 12.64 W;3, 0 %, 0 MiB, 9.33 W; @1786721738
0, 0 %, 0 MiB, 22.01 W;1, 0 %, 0 MiB, 22.75 W;2, 0 %, 0 MiB, 12.59 W;3, 0 %, 0 MiB, 8.80 W; @1786721742
0, 0 %, 0 MiB, 21.96 W;1, 0 %, 0 MiB, 23.28 W;2, 0 %, 0 MiB, 12.70 W;3, 0 %, 0 MiB, 9.36 W; @1786721745
0, 0 %, 0 MiB, 21.93 W;1, 0 %, 0 MiB, 22.98 W;2, 0 %, 0 MiB, 12.76 W;3, 0 %, 0 MiB, 9.06 W; @1786721748
0, 0 %, 0 MiB, 22.08 W;1, 0 %, 0 MiB, 23.10 W;2, 0 %, 0 MiB, 12.96 W;3, 0 %, 0 MiB, 9.14 W; @1786721751
0, 0 %, 0 MiB, 22.11 W;1, 0 %, 0 MiB, 22.58 W;2, 0 %, 0 MiB, 12.72 W;3, 0 %, 0 MiB, 8.60 W; @1786721754
0, 0 %, 0 MiB, 21.87 W;1, 0 %, 0 MiB, 22.35 W;2, 0 %, 0 MiB, 12.27 W;3, 0 %, 0 MiB, 8.92 W; @1786721757
0, 0 %, 0 MiB, 22.15 W;1, 0 %, 0 MiB, 23.37 W;2, 0 %, 0 MiB, 12.23 W;3, 0 %, 0 MiB, 8.91 W; @1786721760
0, 0 %, 0 MiB, 22.11 W;1, 0 %, 0 MiB, 23.19 W;2, 0 %, 0 MiB, 12.01 W;3, 0 %, 0 MiB, 8.81 W; @1786721763
0, 0 %, 0 MiB, 21.99 W;1, 0 %, 0 MiB, 22.80 W;2, 0 %, 0 MiB, 12.09 W;3, 0 %, 0 MiB, 8.66 W; @1786721766
0, 0 %, 0 MiB, 22.26 W;1, 0 %, 0 MiB, 23.12 W;2, 0 %, 0 MiB, 12.19 W;3, 0 %, 0 MiB, 7.07 W; @1786721770
0, 0 %, 0 MiB, 23.19 W;1, 0 %, 0 MiB, 22.45 W;2, 0 %, 0 MiB, 13.27 W;3, 0 %, 0 MiB, 9.34 W; @1786721773
0, 0 %, 0 MiB, 23.46 W;1, 0 %, 0 MiB, 22.89 W;2, 0 %, 0 MiB, 13.85 W;3, 0 %, 0 MiB, 9.95 W; @1786721776
0, 0 %, 0 MiB, 23.87 W;1, 0 %, 0 MiB, 22.44 W;2, 0 %, 0 MiB, 13.72 W;3, 0 %, 0 MiB, 10.23 W; @1786721779
0, 0 %, 0 MiB, 23.64 W;1, 0 %, 0 MiB, 22.89 W;2, 0 %, 0 MiB, 13.58 W;3, 0 %, 0 MiB, 10.08 W; @1786721782
0, 0 %, 0 MiB, 23.56 W;1, 0 %, 0 MiB, 23.14 W;2, 0 %, 0 MiB, 13.80 W;3, 0 %, 0 MiB, 9.95 W; @1786721785
0, 0 %, 0 MiB, 23.68 W;1, 0 %, 0 MiB, 22.91 W;2, 0 %, 0 MiB, 13.74 W;3, 0 %, 0 MiB, 10.01 W; @1786721788
0, 0 %, 0 MiB, 23.69 W;1, 0 %, 0 MiB, 23.29 W;2, 0 %, 0 MiB, 14.10 W;3, 0 %, 0 MiB, 10.30 W; @1786721791
0, 0 %, 0 MiB, 23.61 W;1, 0 %, 0 MiB, 23.35 W;2, 0 %, 0 MiB, 14.05 W;3, 0 %, 0 MiB, 10.12 W; @1786721794
0, 0 %, 0 MiB, 23.33 W;1, 0 %, 0 MiB, 22.98 W;2, 0 %, 0 MiB, 13.93 W;3, 0 %, 0 MiB, 9.89 W; @1786721797
0, 0 %, 0 MiB, 24.12 W;1, 0 %, 0 MiB, 22.89 W;2, 0 %, 0 MiB, 14.17 W;3, 0 %, 0 MiB, 10.41 W; @1786721800
0, 0 %, 0 MiB, 22.48 W;1, 0 %, 0 MiB, 22.77 W;2, 0 %, 0 MiB, 12.67 W;3, 0 %, 0 MiB, 9.02 W; @1786721804
0, 0 %, 0 MiB, 21.92 W;1, 0 %, 0 MiB, 22.75 W;2, 0 %, 0 MiB, 12.47 W;3, 0 %, 0 MiB, 9.02 W; @1786721807
0, 0 %, 0 MiB, 21.60 W;1, 0 %, 0 MiB, 23.17 W;2, 0 %, 0 MiB, 12.49 W;3, 0 %, 0 MiB, 8.53 W; @1786721810
0, 0 %, 0 MiB, 21.71 W;1, 0 %, 0 MiB, 22.94 W;2, 0 %, 0 MiB, 12.91 W;3, 0 %, 0 MiB, 8.38 W; @1786721813
0, 0 %, 0 MiB, 21.56 W;1, 0 %, 0 MiB, 22.67 W;2, 0 %, 0 MiB, 12.41 W;3, 0 %, 0 MiB, 8.56 W; @1786721816
0, 0 %, 0 MiB, 21.70 W;1, 0 %, 0 MiB, 22.99 W;2, 0 %, 0 MiB, 12.48 W;3, 0 %, 0 MiB, 8.77 W; @1786721819
0, 0 %, 0 MiB, 21.60 W;1, 0 %, 0 MiB, 23.09 W;2, 0 %, 0 MiB, 12.68 W;3, 0 %, 0 MiB, 8.65 W; @1786721822
0, 0 %, 0 MiB, 21.56 W;1, 0 %, 0 MiB, 22.98 W;2, 0 %, 0 MiB, 12.35 W;3, 0 %, 0 MiB, 7.64 W; @1786721825
0, 0 %, 0 MiB, 21.89 W;1, 0 %, 0 MiB, 22.79 W;2, 0 %, 0 MiB, 12.54 W;3, 0 %, 0 MiB, 8.96 W; @1786721828
0, 0 %, 0 MiB, 21.82 W;1, 0 %, 0 MiB, 23.35 W;2, 0 %, 0 MiB, 12.53 W;3, 0 %, 0 MiB, 9.09 W; @1786721832
0, 0 %, 0 MiB, 22.14 W;1, 0 %, 0 MiB, 22.82 W;2, 0 %, 0 MiB, 12.50 W;3, 0 %, 0 MiB, 8.68 W; @1786721835
0, 0 %, 0 MiB, 21.87 W;1, 0 %, 0 MiB, 22.46 W;2, 0 %, 0 MiB, 12.53 W;3, 0 %, 0 MiB, 8.58 W; @1786721838
0, 0 %, 0 MiB, 21.78 W;1, 0 %, 0 MiB, 22.60 W;2, 0 %, 0 MiB, 12.56 W;3, 0 %, 0 MiB, 8.58 W; @1786721841
0, 0 %, 0 MiB, 21.76 W;1, 0 %, 0 MiB, 22.74 W;2, 0 %, 0 MiB, 12.38 W;3, 0 %, 0 MiB, 7.90 W; @1786721844
0, 0 %, 0 MiB, 21.84 W;1, 0 %, 0 MiB, 22.72 W;2, 0 %, 0 MiB, 12.53 W;3, 0 %, 0 MiB, 8.46 W; @1786721847
0, 0 %, 0 MiB, 22.01 W;1, 0 %, 0 MiB, 22.66 W;2, 0 %, 0 MiB, 13.14 W;3, 0 %, 0 MiB, 8.46 W; @1786721850
0, 0 %, 0 MiB, 21.67 W;1, 0 %, 0 MiB, 23.02 W;2, 0 %, 0 MiB, 12.42 W;3, 0 %, 0 MiB, 7.55 W; @1786721853
0, 0 %, 0 MiB, 21.72 W;1, 0 %, 0 MiB, 22.79 W;2, 0 %, 0 MiB, 12.18 W;3, 0 %, 0 MiB, 8.92 W; @1786721856
0, 0 %, 0 MiB, 22.10 W;1, 0 %, 0 MiB, 22.73 W;2, 0 %, 0 MiB, 12.30 W;3, 0 %, 0 MiB, 8.73 W; @1786721860
0, 0 %, 0 MiB, 21.50 W;1, 0 %, 0 MiB, 22.47 W;2, 0 %, 0 MiB, 12.50 W;3, 0 %, 0 MiB, 8.95 W; @1786721863
0, 0 %, 0 MiB, 21.53 W;1, 0 %, 0 MiB, 22.98 W;2, 0 %, 0 MiB, 12.45 W;3, 0 %, 0 MiB, 8.92 W; @1786721866
0, 0 %, 0 MiB, 21.22 W;1, 0 %, 0 MiB, 22.98 W;2, 0 %, 0 MiB, 12.46 W;3, 0 %, 0 MiB, 8.69 W; @1786721869
0, 0 %, 0 MiB, 21.51 W;1, 0 %, 0 MiB, 22.50 W;2, 0 %, 0 MiB, 12.46 W;3, 0 %, 0 MiB, 8.71 W; @1786721872
0, 0 %, 0 MiB, 21.59 W;1, 0 %, 0 MiB, 22.70 W;2, 0 %, 0 MiB, 12.50 W;3, 0 %, 0 MiB, 8.81 W; @1786721875
0, 0 %, 0 MiB, 21.89 W;1, 0 %, 0 MiB, 23.08 W;2, 0 %, 0 MiB, 12.38 W;3, 0 %, 0 MiB, 8.97 W; @1786721878
0, 0 %, 0 MiB, 21.56 W;1, 0 %, 0 MiB, 22.18 W;2, 0 %, 0 MiB, 12.45 W;3, 0 %, 0 MiB, 6.84 W; @1786721881
0, 0 %, 0 MiB, 21.77 W;1, 0 %, 0 MiB, 22.69 W;2, 0 %, 0 MiB, 12.43 W;3, 0 %, 0 MiB, 8.19 W; @1786721884
0, 0 %, 0 MiB, 21.95 W;1, 0 %, 0 MiB, 22.94 W;2, 0 %, 0 MiB, 12.58 W;3, 0 %, 0 MiB, 8.45 W; @1786721888
0, 0 %, 0 MiB, 21.54 W;1, 0 %, 0 MiB, 22.87 W;2, 0 %, 0 MiB, 12.38 W;3, 0 %, 0 MiB, 9.00 W; @1786721891
0, 0 %, 0 MiB, 21.93 W;1, 0 %, 0 MiB, 22.64 W;2, 0 %, 0 MiB, 12.60 W;3, 0 %, 0 MiB, 8.98 W; @1786721894
0, 0 %, 0 MiB, 21.63 W;1, 0 %, 0 MiB, 22.80 W;2, 0 %, 0 MiB, 12.54 W;3, 0 %, 0 MiB, 8.67 W; @1786721897
0, 0 %, 0 MiB, 21.80 W;1, 0 %, 0 MiB, 23.05 W;2, 0 %, 0 MiB, 12.38 W;3, 0 %, 0 MiB, 9.05 W; @1786721900
0, 0 %, 0 MiB, 21.43 W;1, 0 %, 0 MiB, 22.84 W;2, 0 %, 0 MiB, 12.64 W;3, 0 %, 0 MiB, 9.08 W; @1786721903
0, 0 %, 0 MiB, 21.65 W;1, 0 %, 0 MiB, 23.40 W;2, 0 %, 0 MiB, 12.60 W;3, 0 %, 0 MiB, 9.20 W; @1786721906
0, 0 %, 0 MiB, 21.32 W;1, 0 %, 0 MiB, 22.78 W;2, 0 %, 0 MiB, 12.55 W;3, 0 %, 0 MiB, 8.35 W; @1786721909
0, 0 %, 0 MiB, 21.41 W;1, 0 %, 0 MiB, 23.28 W;2, 0 %, 0 MiB, 12.59 W;3, 0 %, 0 MiB, 8.78 W; @1786721912
0, 0 %, 0 MiB, 21.45 W;1, 0 %, 0 MiB, 23.11 W;2, 0 %, 0 MiB, 12.56 W;3, 0 %, 0 MiB, 8.86 W; @1786721915
0, 0 %, 0 MiB, 21.32 W;1, 0 %, 0 MiB, 22.80 W;2, 0 %, 0 MiB, 12.55 W;3, 0 %, 0 MiB, 7.41 W; @1786721919
0, 0 %, 0 MiB, 21.80 W;1, 0 %, 0 MiB, 23.46 W;2, 0 %, 0 MiB, 12.52 W;3, 0 %, 0 MiB, 8.50 W; @1786721922
0, 0 %, 0 MiB, 21.75 W;1, 0 %, 0 MiB, 23.55 W;2, 0 %, 0 MiB, 12.85 W;3, 0 %, 0 MiB, 8.30 W; @1786721925
0, 0 %, 0 MiB, 21.38 W;1, 0 %, 0 MiB, 23.76 W;2, 0 %, 0 MiB, 12.27 W;3, 0 %, 0 MiB, 8.75 W; @1786721928
0, 0 %, 0 MiB, 21.23 W;1, 0 %, 0 MiB, 23.93 W;2, 0 %, 0 MiB, 12.27 W;3, 0 %, 0 MiB, 8.50 W; @1786721931
0, 0 %, 0 MiB, 21.46 W;1, 0 %, 0 MiB, 23.32 W;2, 0 %, 0 MiB, 12.42 W;3, 0 %, 0 MiB, 8.98 W; @1786721934
0, 0 %, 0 MiB, 21.32 W;1, 0 %, 0 MiB, 23.08 W;2, 0 %, 0 MiB, 12.99 W;3, 0 %, 0 MiB, 8.43 W; @1786721937
0, 0 %, 0 MiB, 20.96 W;1, 0 %, 0 MiB, 22.92 W;2, 0 %, 0 MiB, 13.17 W;3, 0 %, 0 MiB, 9.32 W; @1786721940
0, 0 %, 0 MiB, 21.37 W;1, 0 %, 0 MiB, 22.79 W;2, 0 %, 0 MiB, 13.13 W;3, 0 %, 0 MiB, 9.40 W; @1786721943
0, 0 %, 0 MiB, 20.97 W;1, 0 %, 0 MiB, 22.76 W;2, 0 %, 0 MiB, 13.04 W;3, 0 %, 0 MiB, 9.54 W; @1786721946
0, 0 %, 0 MiB, 21.08 W;1, 0 %, 0 MiB, 22.99 W;2, 0 %, 0 MiB, 12.53 W;3, 0 %, 0 MiB, 7.27 W; @1786721950
0, 0 %, 0 MiB, 21.32 W;1, 0 %, 0 MiB, 23.21 W;2, 0 %, 0 MiB, 12.41 W;3, 0 %, 0 MiB, 6.97 W; @1786721953
0, 0 %, 0 MiB, 20.82 W;1, 0 %, 0 MiB, 22.46 W;2, 0 %, 0 MiB, 12.39 W;3, 0 %, 0 MiB, 6.12 W; @1786721956
0, 0 %, 0 MiB, 20.94 W;1, 0 %, 0 MiB, 23.25 W;2, 0 %, 0 MiB, 12.66 W;3, 0 %, 0 MiB, 6.52 W; @1786721959
0, 0 %, 0 MiB, 20.77 W;1, 0 %, 0 MiB, 22.98 W;2, 0 %, 0 MiB, 12.67 W;3, 0 %, 0 MiB, 7.11 W; @1786721962
0, 0 %, 0 MiB, 21.21 W;1, 0 %, 0 MiB, 22.85 W;2, 0 %, 0 MiB, 12.49 W;3, 0 %, 0 MiB, 7.22 W; @1786721965
0, 0 %, 0 MiB, 21.00 W;1, 0 %, 0 MiB, 23.08 W;2, 0 %, 0 MiB, 12.47 W;3, 0 %, 0 MiB, 7.24 W; @1786721968
0, 0 %, 0 MiB, 21.22 W;1, 0 %, 0 MiB, 22.83 W;2, 0 %, 0 MiB, 12.67 W;3, 0 %, 0 MiB, 7.63 W; @1786721971
0, 0 %, 0 MiB, 20.84 W;1, 0 %, 0 MiB, 22.76 W;2, 0 %, 0 MiB, 12.53 W;3, 0 %, 0 MiB, 7.49 W; @1786721974
0, 0 %, 0 MiB, 20.88 W;1, 0 %, 0 MiB, 23.34 W;2, 0 %, 0 MiB, 12.49 W;3, 0 %, 0 MiB, 7.36 W; @1786721978
0, 0 %, 0 MiB, 21.17 W;1, 0 %, 0 MiB, 22.79 W;2, 0 %, 0 MiB, 12.65 W;3, 0 %, 0 MiB, 7.55 W; @1786721981
0, 0 %, 0 MiB, 21.34 W;1, 0 %, 0 MiB, 23.05 W;2, 0 %, 0 MiB, 12.47 W;3, 0 %, 0 MiB, 7.70 W; @1786721984
0, 0 %, 0 MiB, 21.17 W;1, 0 %, 0 MiB, 22.66 W;2, 0 %, 0 MiB, 12.46 W;3, 0 %, 0 MiB, 7.38 W; @1786721987
0, 0 %, 0 MiB, 20.99 W;1, 0 %, 0 MiB, 22.49 W;2, 0 %, 0 MiB, 12.47 W;3, 0 %, 0 MiB, 7.60 W; @1786721990
0, 0 %, 0 MiB, 21.48 W;1, 0 %, 0 MiB, 22.03 W;2, 0 %, 0 MiB, 12.85 W;3, 0 %, 0 MiB, 6.64 W; @1786721993
0, 0 %, 0 MiB, 21.46 W;1, 0 %, 0 MiB, 22.62 W;2, 0 %, 0 MiB, 13.13 W;3, 0 %, 0 MiB, 7.71 W; @1786721996
0, 0 %, 0 MiB, 20.83 W;1, 0 %, 0 MiB, 22.81 W;2, 0 %, 0 MiB, 12.61 W;3, 0 %, 0 MiB, 7.49 W; @1786721999
0, 0 %, 0 MiB, 20.82 W;1, 0 %, 0 MiB, 21.83 W;2, 0 %, 0 MiB, 12.76 W;3, 0 %, 0 MiB, 7.36 W; @1786722002
0, 0 %, 0 MiB, 20.78 W;1, 0 %, 0 MiB, 22.73 W;2, 0 %, 0 MiB, 12.69 W;3, 0 %, 0 MiB, 7.76 W; @1786722005
0, 0 %, 0 MiB, 20.92 W;1, 0 %, 0 MiB, 22.72 W;2, 0 %, 0 MiB, 12.81 W;3, 0 %, 0 MiB, 7.92 W; @1786722009
0, 0 %, 0 MiB, 21.02 W;1, 0 %, 0 MiB, 22.71 W;2, 0 %, 0 MiB, 12.76 W;3, 0 %, 0 MiB, 7.74 W; @1786722012
0, 0 %, 0 MiB, 21.66 W;1, 0 %, 0 MiB, 22.90 W;2, 0 %, 0 MiB, 13.05 W;3, 0 %, 0 MiB, 8.46 W; @1786722015
0, 0 %, 0 MiB, 21.62 W;1, 0 %, 0 MiB, 23.02 W;2, 0 %, 0 MiB, 13.02 W;3, 0 %, 0 MiB, 9.03 W; @1786722018
0, 0 %, 0 MiB, 21.61 W;1, 0 %, 0 MiB, 22.97 W;2, 0 %, 0 MiB, 13.07 W;3, 0 %, 0 MiB, 8.90 W; @1786722021
0, 0 %, 0 MiB, 21.82 W;1, 0 %, 0 MiB, 23.00 W;2, 0 %, 0 MiB, 12.99 W;3, 0 %, 0 MiB, 8.71 W; @1786722024
0, 0 %, 0 MiB, 21.33 W;1, 0 %, 0 MiB, 22.42 W;2, 0 %, 0 MiB, 12.77 W;3, 0 %, 0 MiB, 7.90 W; @1786722027
0, 0 %, 0 MiB, 21.43 W;1, 0 %, 0 MiB, 22.51 W;2, 0 %, 0 MiB, 13.01 W;3, 0 %, 0 MiB, 7.91 W; @1786722030
0, 0 %, 0 MiB, 21.41 W;1, 0 %, 0 MiB, 23.03 W;2, 0 %, 0 MiB, 12.95 W;3, 0 %, 0 MiB, 8.58 W; @1786722033
0, 0 %, 0 MiB, 21.39 W;1, 0 %, 0 MiB, 23.05 W;2, 0 %, 0 MiB, 12.57 W;3, 0 %, 0 MiB, 9.10 W; @1786722036
0, 0 %, 0 MiB, 21.25 W;1, 0 %, 0 MiB, 23.57 W;2, 0 %, 0 MiB, 12.71 W;3, 0 %, 0 MiB, 8.98 W; @1786722040
0, 0 %, 0 MiB, 21.34 W;1, 0 %, 0 MiB, 23.41 W;2, 0 %, 0 MiB, 12.63 W;3, 0 %, 0 MiB, 8.62 W; @1786722043
0, 0 %, 0 MiB, 21.41 W;1, 0 %, 0 MiB, 23.15 W;2, 0 %, 0 MiB, 12.68 W;3, 0 %, 0 MiB, 8.85 W; @1786722046
0, 0 %, 0 MiB, 21.53 W;1, 0 %, 0 MiB, 22.62 W;2, 0 %, 0 MiB, 12.61 W;3, 0 %, 0 MiB, 8.87 W; @1786722049
0, 0 %, 0 MiB, 21.72 W;1, 0 %, 0 MiB, 23.26 W;2, 0 %, 0 MiB, 12.72 W;3, 0 %, 0 MiB, 8.95 W; @1786722052
0, 0 %, 0 MiB, 21.83 W;1, 0 %, 0 MiB, 23.12 W;2, 0 %, 0 MiB, 12.48 W;3, 0 %, 0 MiB, 8.77 W; @1786722055
0, 0 %, 0 MiB, 21.50 W;1, 0 %, 0 MiB, 22.73 W;2, 0 %, 0 MiB, 12.33 W;3, 0 %, 0 MiB, 8.69 W; @1786722058
0, 0 %, 0 MiB, 21.27 W;1, 0 %, 0 MiB, 23.08 W;2, 0 %, 0 MiB, 12.43 W;3, 0 %, 0 MiB, 8.59 W; @1786722061
0, 0 %, 0 MiB, 21.64 W;1, 0 %, 0 MiB, 23.09 W;2, 0 %, 0 MiB, 12.97 W;3, 0 %, 0 MiB, 8.78 W; @1786722064
0, 0 %, 0 MiB, 21.73 W;1, 0 %, 0 MiB, 23.19 W;2, 0 %, 0 MiB, 12.82 W;3, 0 %, 0 MiB, 8.37 W; @1786722068
0, 0 %, 0 MiB, 21.33 W;1, 0 %, 0 MiB, 22.58 W;2, 0 %, 0 MiB, 12.57 W;3, 0 %, 0 MiB, 9.00 W; @1786722071
0, 0 %, 0 MiB, 21.59 W;1, 0 %, 0 MiB, 23.21 W;2, 0 %, 0 MiB, 12.52 W;3, 0 %, 0 MiB, 8.62 W; @1786722074
0, 0 %, 0 MiB, 21.58 W;1, 0 %, 0 MiB, 22.72 W;2, 0 %, 0 MiB, 12.46 W;3, 0 %, 0 MiB, 8.87 W; @1786722077
0, 0 %, 0 MiB, 21.19 W;1, 0 %, 0 MiB, 22.88 W;2, 0 %, 0 MiB, 12.63 W;3, 0 %, 0 MiB, 8.65 W; @1786722080
0, 0 %, 0 MiB, 21.38 W;1, 0 %, 0 MiB, 22.44 W;2, 0 %, 0 MiB, 12.40 W;3, 0 %, 0 MiB, 8.81 W; @1786722083
0, 0 %, 0 MiB, 21.30 W;1, 0 %, 0 MiB, 23.05 W;2, 0 %, 0 MiB, 12.34 W;3, 0 %, 0 MiB, 8.59 W; @1786722086
0, 0 %, 0 MiB, 21.50 W;1, 0 %, 0 MiB, 22.70 W;2, 0 %, 0 MiB, 12.59 W;3, 0 %, 0 MiB, 8.63 W; @1786722089
0, 0 %, 0 MiB, 21.42 W;1, 0 %, 0 MiB, 23.31 W;2, 0 %, 0 MiB, 12.61 W;3, 0 %, 0 MiB, 8.49 W; @1786722092
0, 0 %, 0 MiB, 21.51 W;1, 0 %, 0 MiB, 22.59 W;2, 0 %, 0 MiB, 12.59 W;3, 0 %, 0 MiB, 8.96 W; @1786722095
0, 0 %, 0 MiB, 21.21 W;1, 0 %, 0 MiB, 22.44 W;2, 0 %, 0 MiB, 12.16 W;3, 0 %, 0 MiB, 8.13 W; @1786722099
0, 0 %, 0 MiB, 21.50 W;1, 0 %, 0 MiB, 22.22 W;2, 0 %, 0 MiB, 12.49 W;3, 0 %, 0 MiB, 7.49 W; @1786722102
0, 0 %, 0 MiB, 22.09 W;1, 0 %, 0 MiB, 22.04 W;2, 0 %, 0 MiB, 13.26 W;3, 0 %, 0 MiB, 8.73 W; @1786722105
0, 0 %, 0 MiB, 21.81 W;1, 0 %, 0 MiB, 22.37 W;2, 0 %, 0 MiB, 12.32 W;3, 0 %, 0 MiB, 9.10 W; @1786722108
0, 0 %, 0 MiB, 21.85 W;1, 0 %, 0 MiB, 22.28 W;2, 0 %, 0 MiB, 12.30 W;3, 0 %, 0 MiB, 8.83 W; @1786722111
0, 0 %, 0 MiB, 21.90 W;1, 0 %, 0 MiB, 22.33 W;2, 0 %, 0 MiB, 12.32 W;3, 0 %, 0 MiB, 8.78 W; @1786722114
0, 0 %, 0 MiB, 21.53 W;1, 0 %, 0 MiB, 22.30 W;2, 0 %, 0 MiB, 12.22 W;3, 0 %, 0 MiB, 9.11 W; @1786722117
0, 0 %, 0 MiB, 21.42 W;1, 0 %, 0 MiB, 22.48 W;2, 0 %, 0 MiB, 12.35 W;3, 0 %, 0 MiB, 8.76 W; @1786722120
0, 0 %, 0 MiB, 21.38 W;1, 0 %, 0 MiB, 22.45 W;2, 0 %, 0 MiB, 12.28 W;3, 0 %, 0 MiB, 8.61 W; @1786722123
0, 0 %, 0 MiB, 21.15 W;1, 0 %, 0 MiB, 22.77 W;2, 0 %, 0 MiB, 12.22 W;3, 0 %, 0 MiB, 8.65 W; @1786722127
0, 0 %, 0 MiB, 21.70 W;1, 0 %, 0 MiB, 22.98 W;2, 0 %, 0 MiB, 12.19 W;3, 0 %, 0 MiB, 8.59 W; @1786722130
0, 0 %, 0 MiB, 21.79 W;1, 0 %, 0 MiB, 22.00 W;2, 0 %, 0 MiB, 12.33 W;3, 0 %, 0 MiB, 8.78 W; @1786722133
0, 0 %, 0 MiB, 21.48 W;1, 0 %, 0 MiB, 21.69 W;2, 0 %, 0 MiB, 12.08 W;3, 0 %, 0 MiB, 8.24 W; @1786722136
0, 0 %, 0 MiB, 21.71 W;1, 0 %, 0 MiB, 23.26 W;2, 0 %, 0 MiB, 12.38 W;3, 0 %, 0 MiB, 8.29 W; @1786722139
0, 0 %, 0 MiB, 21.58 W;1, 0 %, 0 MiB, 22.97 W;2, 0 %, 0 MiB, 12.57 W;3, 0 %, 0 MiB, 8.83 W; @1786722142
0, 0 %, 0 MiB, 21.49 W;1, 0 %, 0 MiB, 23.36 W;2, 0 %, 0 MiB, 12.14 W;3, 0 %, 0 MiB, 8.72 W; @1786722145
0, 0 %, 0 MiB, 21.54 W;1, 0 %, 0 MiB, 22.44 W;2, 0 %, 0 MiB, 12.20 W;3, 0 %, 0 MiB, 9.02 W; @1786722148
0, 0 %, 0 MiB, 21.26 W;1, 0 %, 0 MiB, 22.83 W;2, 0 %, 0 MiB, 12.09 W;3, 0 %, 0 MiB, 8.43 W; @1786722151
0, 0 %, 0 MiB, 21.83 W;1, 0 %, 0 MiB, 22.51 W;2, 0 %, 0 MiB, 12.16 W;3, 0 %, 0 MiB, 8.78 W; @1786722154
0, 0 %, 0 MiB, 21.39 W;1, 0 %, 0 MiB, 22.68 W;2, 0 %, 0 MiB, 12.19 W;3, 0 %, 0 MiB, 8.84 W; @1786722158
0, 0 %, 0 MiB, 21.62 W;1, 0 %, 0 MiB, 22.64 W;2, 0 %, 0 MiB, 12.35 W;3, 0 %, 0 MiB, 9.12 W; @1786722161
0, 0 %, 0 MiB, 21.75 W;1, 0 %, 0 MiB, 22.45 W;2, 0 %, 0 MiB, 12.32 W;3, 0 %, 0 MiB, 8.43 W; @1786722164
0, 0 %, 0 MiB, 22.01 W;1, 0 %, 0 MiB, 21.78 W;2, 0 %, 0 MiB, 12.78 W;3, 0 %, 0 MiB, 9.53 W; @1786722167
0, 0 %, 0 MiB, 22.01 W;1, 0 %, 0 MiB, 22.50 W;2, 0 %, 0 MiB, 12.23 W;3, 0 %, 0 MiB, 7.27 W; @1786722170
0, 0 %, 0 MiB, 22.35 W;1, 0 %, 0 MiB, 21.75 W;2, 0 %, 0 MiB, 12.58 W;3, 0 %, 0 MiB, 7.01 W; @1786722173
0, 0 %, 0 MiB, 21.92 W;1, 0 %, 0 MiB, 22.18 W;2, 0 %, 0 MiB, 12.85 W;3, 0 %, 0 MiB, 6.98 W; @1786722176
0, 0 %, 0 MiB, 21.83 W;1, 0 %, 0 MiB, 21.82 W;2, 0 %, 0 MiB, 12.27 W;3, 0 %, 0 MiB, 7.37 W; @1786722179
0, 0 %, 0 MiB, 21.64 W;1, 0 %, 0 MiB, 21.86 W;2, 0 %, 0 MiB, 12.31 W;3, 0 %, 0 MiB, 7.23 W; @1786722182
0, 0 %, 0 MiB, 21.95 W;1, 0 %, 0 MiB, 22.46 W;2, 0 %, 0 MiB, 12.27 W;3, 0 %, 0 MiB, 7.48 W; @1786722185
0, 0 %, 0 MiB, 21.72 W;1, 0 %, 0 MiB, 22.31 W;2, 0 %, 0 MiB, 12.11 W;3, 0 %, 0 MiB, 7.23 W; @1786722189
0, 0 %, 0 MiB, 22.22 W;1, 0 %, 0 MiB, 23.36 W;2, 0 %, 0 MiB, 12.06 W;3, 0 %, 0 MiB, 7.53 W; @1786722192
0, 0 %, 0 MiB, 22.17 W;1, 0 %, 0 MiB, 23.27 W;2, 0 %, 0 MiB, 12.25 W;3, 0 %, 0 MiB, 7.37 W; @1786722195
0, 0 %, 0 MiB, 22.16 W;1, 0 %, 0 MiB, 23.28 W;2, 0 %, 0 MiB, 12.17 W;3, 0 %, 0 MiB, 7.34 W; @1786722198
0, 0 %, 0 MiB, 21.69 W;1, 0 %, 0 MiB, 22.53 W;2, 0 %, 0 MiB, 12.25 W;3, 0 %, 0 MiB, 7.47 W; @1786722201
0, 0 %, 0 MiB, 21.66 W;1, 0 %, 0 MiB, 21.73 W;2, 0 %, 0 MiB, 12.20 W;3, 0 %, 0 MiB, 7.68 W; @1786722204
0, 0 %, 0 MiB, 21.17 W;1, 0 %, 0 MiB, 22.29 W;2, 0 %, 0 MiB, 12.27 W;3, 0 %, 0 MiB, 6.83 W; @1786722207
0, 0 %, 0 MiB, 21.81 W;1, 0 %, 0 MiB, 21.86 W;2, 0 %, 0 MiB, 12.46 W;3, 0 %, 0 MiB, 6.95 W; @1786722210
0, 0 %, 0 MiB, 21.91 W;1, 0 %, 0 MiB, 22.23 W;2, 0 %, 0 MiB, 12.55 W;3, 0 %, 0 MiB, 7.26 W; @1786722213
0, 0 %, 0 MiB, 21.45 W;1, 0 %, 0 MiB, 22.33 W;2, 0 %, 0 MiB, 12.15 W;3, 0 %, 0 MiB, 7.58 W; @1786722217
0, 0 %, 0 MiB, 21.33 W;1, 0 %, 0 MiB, 22.80 W;2, 0 %, 0 MiB, 12.24 W;3, 0 %, 0 MiB, 7.63 W; @1786722220
0, 0 %, 0 MiB, 21.53 W;1, 0 %, 0 MiB, 22.32 W;2, 0 %, 0 MiB, 12.36 W;3, 0 %, 0 MiB, 7.84 W; @1786722223
0, 0 %, 0 MiB, 21.72 W;1, 0 %, 0 MiB, 22.35 W;2, 0 %, 0 MiB, 12.42 W;3, 0 %, 0 MiB, 8.90 W; @1786722226
0, 0 %, 0 MiB, 21.55 W;1, 0 %, 0 MiB, 23.00 W;2, 0 %, 0 MiB, 12.55 W;3, 0 %, 0 MiB, 8.97 W; @1786722229
0, 0 %, 0 MiB, 21.47 W;1, 0 %, 0 MiB, 22.70 W;2, 0 %, 0 MiB, 12.28 W;3, 0 %, 0 MiB, 8.93 W; @1786722232
0, 0 %, 0 MiB, 21.54 W;1, 0 %, 0 MiB, 22.11 W;2, 0 %, 0 MiB, 11.73 W;3, 0 %, 0 MiB, 5.84 W; @1786722240
0, 0 %, 0 MiB, 21.68 W;1, 0 %, 0 MiB, 22.61 W;2, 0 %, 0 MiB, 12.25 W;3, 0 %, 0 MiB, 8.98 W; @1786722243
0, 0 %, 0 MiB, 21.63 W;1, 0 %, 0 MiB, 22.39 W;2, 0 %, 0 MiB, 12.04 W;3, 0 %, 0 MiB, 9.02 W; @1786722247
0, 0 %, 0 MiB, 21.34 W;1, 0 %, 0 MiB, 22.74 W;2, 0 %, 0 MiB, 12.13 W;3, 0 %, 0 MiB, 8.86 W; @1786722250
0, 0 %, 0 MiB, 21.38 W;1, 0 %, 0 MiB, 23.05 W;2, 0 %, 0 MiB, 12.06 W;3, 0 %, 0 MiB, 7.84 W; @1786722253
0, 0 %, 0 MiB, 21.81 W;1, 0 %, 0 MiB, 22.84 W;2, 0 %, 0 MiB, 12.28 W;3, 0 %, 0 MiB, 8.32 W; @1786722256
0, 0 %, 0 MiB, 21.58 W;1, 0 %, 0 MiB, 22.44 W;2, 0 %, 0 MiB, 12.20 W;3, 0 %, 0 MiB, 8.64 W; @1786722259
0, 0 %, 0 MiB, 21.82 W;1, 0 %, 0 MiB, 22.41 W;2, 0 %, 0 MiB, 12.19 W;3, 0 %, 0 MiB, 9.26 W; @1786722262
0, 0 %, 0 MiB, 21.94 W;1, 0 %, 0 MiB, 22.57 W;2, 0 %, 0 MiB, 12.34 W;3, 0 %, 0 MiB, 8.97 W; @1786722265
0, 0 %, 0 MiB, 21.96 W;1, 0 %, 0 MiB, 22.42 W;2, 0 %, 0 MiB, 11.94 W;3, 0 %, 0 MiB, 9.01 W; @1786722268
0, 0 %, 0 MiB, 21.85 W;1, 0 %, 0 MiB, 22.64 W;2, 0 %, 0 MiB, 12.34 W;3, 0 %, 0 MiB, 9.09 W; @1786722271
0, 0 %, 0 MiB, 21.75 W;1, 0 %, 0 MiB, 22.84 W;2, 0 %, 0 MiB, 12.32 W;3, 0 %, 0 MiB, 9.19 W; @1786722274
0, 0 %, 0 MiB, 21.76 W;1, 0 %, 0 MiB, 22.64 W;2, 0 %, 0 MiB, 12.30 W;3, 0 %, 0 MiB, 9.06 W; @1786722278
0, 0 %, 0 MiB, 21.83 W;1, 0 %, 0 MiB, 22.46 W;2, 0 %, 0 MiB, 12.22 W;3, 0 %, 0 MiB, 9.06 W; @1786722281
0, 0 %, 0 MiB, 21.80 W;1, 0 %, 0 MiB, 22.60 W;2, 0 %, 0 MiB, 12.24 W;3, 0 %, 0 MiB, 9.04 W; @1786722284
0, 0 %, 0 MiB, 21.69 W;1, 0 %, 0 MiB, 22.63 W;2, 0 %, 0 MiB, 12.41 W;3, 0 %, 0 MiB, 8.77 W; @1786722287
0, 0 %, 0 MiB, 21.74 W;1, 0 %, 0 MiB, 22.72 W;2, 0 %, 0 MiB, 12.60 W;3, 0 %, 0 MiB, 8.51 W; @1786722290
0, 0 %, 0 MiB, 21.96 W;1, 0 %, 0 MiB, 22.33 W;2, 0 %, 0 MiB, 12.81 W;3, 0 %, 0 MiB, 9.00 W; @1786722293
0, 0 %, 0 MiB, 21.78 W;1, 0 %, 0 MiB, 22.63 W;2, 0 %, 0 MiB, 12.41 W;3, 0 %, 0 MiB, 9.22 W; @1786722296
0, 0 %, 0 MiB, 21.92 W;1, 0 %, 0 MiB, 22.30 W;2, 0 %, 0 MiB, 12.55 W;3, 0 %, 0 MiB, 9.22 W; @1786722299
0, 0 %, 3 MiB, 22.98 W;1, 0 %, 3 MiB, 23.96 W;2, 0 %, 1 MiB, 12.57 W;3, 0 %, 1 MiB, 9.29 W; @1786722303
0, 0 %, 0 MiB, 64.30 W;1, 0 %, 0 MiB, 62.24 W;2, 0 %, 0 MiB, 53.90 W;3, 0 %, 0 MiB, 50.79 W; @1786722306
0, 0 %, 0 MiB, 41.73 W;1, 0 %, 0 MiB, 24.87 W;2, 0 %, 0 MiB, 14.22 W;3, 0 %, 0 MiB, 11.77 W; @1786722309
0, 0 %, 0 MiB, 21.78 W;1, 0 %, 0 MiB, 22.85 W;2, 0 %, 0 MiB, 12.42 W;3, 0 %, 0 MiB, 9.25 W; @1786722312
0, 0 %, 0 MiB, 21.75 W;1, 0 %, 0 MiB, 23.45 W;2, 0 %, 0 MiB, 12.51 W;3, 0 %, 0 MiB, 9.37 W; @1786722315
0, 0 %, 0 MiB, 21.95 W;1, 0 %, 0 MiB, 23.29 W;2, 0 %, 0 MiB, 12.52 W;3, 0 %, 0 MiB, 9.02 W; @1786722318
0, 0 %, 0 MiB, 21.99 W;1, 0 %, 0 MiB, 22.61 W;2, 0 %, 0 MiB, 12.51 W;3, 0 %, 0 MiB, 9.14 W; @1786722321
0, 0 %, 0 MiB, 21.86 W;1, 0 %, 0 MiB, 22.68 W;2, 0 %, 0 MiB, 12.65 W;3, 0 %, 0 MiB, 8.71 W; @1786722324
0, 0 %, 0 MiB, 21.78 W;1, 0 %, 0 MiB, 22.81 W;2, 0 %, 0 MiB, 12.52 W;3, 0 %, 0 MiB, 8.35 W; @1786722327
0, 0 %, 0 MiB, 22.41 W;1, 0 %, 0 MiB, 22.74 W;2, 0 %, 0 MiB, 12.75 W;3, 0 %, 0 MiB, 8.98 W; @1786722330
0, 0 %, 0 MiB, 22.06 W;1, 0 %, 0 MiB, 22.74 W;2, 0 %, 0 MiB, 12.57 W;3, 0 %, 0 MiB, 9.48 W; @1786722334
0, 0 %, 0 MiB, 21.70 W;1, 0 %, 0 MiB, 22.88 W;2, 0 %, 0 MiB, 12.45 W;3, 0 %, 0 MiB, 9.27 W; @1786722337
0, 0 %, 0 MiB, 21.81 W;1, 0 %, 0 MiB, 23.01 W;2, 0 %, 0 MiB, 12.44 W;3, 0 %, 0 MiB, 9.41 W; @1786722340
0, 0 %, 0 MiB, 21.94 W;1, 0 %, 0 MiB, 22.91 W;2, 0 %, 0 MiB, 12.41 W;3, 0 %, 0 MiB, 9.55 W; @1786722343
0, 0 %, 0 MiB, 21.62 W;1, 0 %, 0 MiB, 23.28 W;2, 0 %, 0 MiB, 12.35 W;3, 0 %, 0 MiB, 9.21 W; @1786722346
0, 0 %, 0 MiB, 21.78 W;1, 0 %, 0 MiB, 22.15 W;2, 0 %, 0 MiB, 12.47 W;3, 0 %, 0 MiB, 8.98 W; @1786722349
0, 0 %, 0 MiB, 21.83 W;1, 0 %, 0 MiB, 22.42 W;2, 0 %, 0 MiB, 12.71 W;3, 0 %, 0 MiB, 9.19 W; @1786722352
0, 0 %, 0 MiB, 22.11 W;1, 0 %, 0 MiB, 22.27 W;2, 0 %, 0 MiB, 12.52 W;3, 0 %, 0 MiB, 9.00 W; @1786722355
0, 0 %, 0 MiB, 21.65 W;1, 0 %, 0 MiB, 22.51 W;2, 0 %, 0 MiB, 12.80 W;3, 0 %, 0 MiB, 9.08 W; @1786722358
0, 0 %, 0 MiB, 21.44 W;1, 0 %, 0 MiB, 22.28 W;2, 0 %, 0 MiB, 12.54 W;3, 0 %, 0 MiB, 8.27 W; @1786722361
0, 0 %, 0 MiB, 21.43 W;1, 0 %, 0 MiB, 22.77 W;2, 0 %, 0 MiB, 12.49 W;3, 0 %, 0 MiB, 8.18 W; @1786722365
0, 0 %, 0 MiB, 21.88 W;1, 0 %, 0 MiB, 22.27 W;2, 0 %, 0 MiB, 13.04 W;3, 0 %, 0 MiB, 9.03 W; @1786722368
0, 0 %, 0 MiB, 21.87 W;1, 0 %, 0 MiB, 22.43 W;2, 0 %, 0 MiB, 12.62 W;3, 0 %, 0 MiB, 9.11 W; @1786722371
0, 0 %, 0 MiB, 21.73 W;1, 0 %, 0 MiB, 22.57 W;2, 0 %, 0 MiB, 12.36 W;3, 0 %, 0 MiB, 8.90 W; @1786722374
0, 0 %, 0 MiB, 21.86 W;1, 0 %, 0 MiB, 22.64 W;2, 0 %, 0 MiB, 12.66 W;3, 0 %, 0 MiB, 8.63 W; @1786722377
0, 0 %, 0 MiB, 22.00 W;1, 0 %, 0 MiB, 21.99 W;2, 0 %, 0 MiB, 13.05 W;3, 0 %, 0 MiB, 9.43 W; @1786722380
0, 0 %, 0 MiB, 21.90 W;1, 0 %, 0 MiB, 22.32 W;2, 0 %, 0 MiB, 12.33 W;3, 0 %, 0 MiB, 7.59 W; @1786722383
0, 0 %, 0 MiB, 21.75 W;1, 0 %, 0 MiB, 21.53 W;2, 0 %, 0 MiB, 12.19 W;3, 0 %, 0 MiB, 7.37 W; @1786722386
0, 0 %, 0 MiB, 21.85 W;1, 0 %, 0 MiB, 21.93 W;2, 0 %, 0 MiB, 12.35 W;3, 0 %, 0 MiB, 7.73 W; @1786722389
0, 0 %, 0 MiB, 21.94 W;1, 0 %, 0 MiB, 21.67 W;2, 0 %, 0 MiB, 12.23 W;3, 0 %, 0 MiB, 7.38 W; @1786722392
0, 0 %, 0 MiB, 21.67 W;1, 0 %, 0 MiB, 22.02 W;2, 0 %, 0 MiB, 12.24 W;3, 0 %, 0 MiB, 7.76 W; @1786722396
0, 0 %, 0 MiB, 21.60 W;1, 0 %, 0 MiB, 22.06 W;2, 0 %, 0 MiB, 12.14 W;3, 0 %, 0 MiB, 6.61 W; @1786722399
0, 0 %, 0 MiB, 21.48 W;1, 0 %, 0 MiB, 22.91 W;2, 0 %, 0 MiB, 12.28 W;3, 0 %, 0 MiB, 6.56 W; @1786722402
0, 0 %, 0 MiB, 21.51 W;1, 0 %, 0 MiB, 22.23 W;2, 0 %, 0 MiB, 12.27 W;3, 0 %, 0 MiB, 6.40 W; @1786722405
0, 0 %, 0 MiB, 21.63 W;1, 0 %, 0 MiB, 22.01 W;2, 0 %, 0 MiB, 12.27 W;3, 0 %, 0 MiB, 6.55 W; @1786722408
0, 0 %, 0 MiB, 21.49 W;1, 0 %, 0 MiB, 22.22 W;2, 0 %, 0 MiB, 12.16 W;3, 0 %, 0 MiB, 5.94 W; @1786722411
0, 0 %, 0 MiB, 21.40 W;1, 0 %, 0 MiB, 21.81 W;2, 0 %, 0 MiB, 12.28 W;3, 0 %, 0 MiB, 6.12 W; @1786722414
0, 0 %, 0 MiB, 21.20 W;1, 0 %, 0 MiB, 22.47 W;2, 0 %, 0 MiB, 12.44 W;3, 0 %, 0 MiB, 5.90 W; @1786722417
0, 0 %, 0 MiB, 21.27 W;1, 0 %, 0 MiB, 21.99 W;2, 0 %, 0 MiB, 12.08 W;3, 0 %, 0 MiB, 6.18 W; @1786722420
0, 0 %, 0 MiB, 21.37 W;1, 0 %, 0 MiB, 22.11 W;2, 0 %, 0 MiB, 12.31 W;3, 0 %, 0 MiB, 6.23 W; @1786722423
0, 0 %, 0 MiB, 21.39 W;1, 0 %, 0 MiB, 22.38 W;2, 0 %, 0 MiB, 12.46 W;3, 0 %, 0 MiB, 6.59 W; @1786722427
0, 0 %, 0 MiB, 22.17 W;1, 0 %, 0 MiB, 22.69 W;2, 0 %, 0 MiB, 13.00 W;3, 0 %, 0 MiB, 7.06 W; @1786722430
0, 0 %, 0 MiB, 21.72 W;1, 0 %, 0 MiB, 22.77 W;2, 0 %, 0 MiB, 12.53 W;3, 0 %, 0 MiB, 7.37 W; @1786722433
0, 0 %, 0 MiB, 21.43 W;1, 0 %, 0 MiB, 23.19 W;2, 0 %, 0 MiB, 12.49 W;3, 0 %, 0 MiB, 7.64 W; @1786722436
0, 0 %, 0 MiB, 21.89 W;1, 0 %, 0 MiB, 23.07 W;2, 0 %, 0 MiB, 12.34 W;3, 0 %, 0 MiB, 7.58 W; @1786722439
0, 0 %, 0 MiB, 22.11 W;1, 0 %, 0 MiB, 22.92 W;2, 0 %, 0 MiB, 12.11 W;3, 0 %, 0 MiB, 7.84 W; @1786722442
0, 0 %, 0 MiB, 21.99 W;1, 0 %, 0 MiB, 23.05 W;2, 0 %, 0 MiB, 12.38 W;3, 0 %, 0 MiB, 7.53 W; @1786722445
0, 0 %, 0 MiB, 22.23 W;1, 0 %, 0 MiB, 23.37 W;2, 0 %, 0 MiB, 12.39 W;3, 0 %, 0 MiB, 7.37 W; @1786722448
0, 0 %, 0 MiB, 22.10 W;1, 0 %, 0 MiB, 22.89 W;2, 0 %, 0 MiB, 12.45 W;3, 0 %, 0 MiB, 7.51 W; @1786722451
0, 0 %, 0 MiB, 22.01 W;1, 0 %, 0 MiB, 23.58 W;2, 0 %, 0 MiB, 12.45 W;3, 0 %, 0 MiB, 7.41 W; @1786722454
0, 0 %, 0 MiB, 21.80 W;1, 0 %, 0 MiB, 23.32 W;2, 0 %, 0 MiB, 12.30 W;3, 0 %, 0 MiB, 7.52 W; @1786722458
0, 0 %, 0 MiB, 21.76 W;1, 0 %, 0 MiB, 22.86 W;2, 0 %, 0 MiB, 12.26 W;3, 0 %, 0 MiB, 5.72 W; @1786722461
0, 0 %, 0 MiB, 22.08 W;1, 0 %, 0 MiB, 22.51 W;2, 0 %, 0 MiB, 12.56 W;3, 0 %, 0 MiB, 7.05 W; @1786722464
0, 0 %, 0 MiB, 22.02 W;1, 0 %, 0 MiB, 23.39 W;2, 0 %, 0 MiB, 12.47 W;3, 0 %, 0 MiB, 7.72 W; @1786722467
0, 0 %, 0 MiB, 21.81 W;1, 0 %, 0 MiB, 23.08 W;2, 0 %, 0 MiB, 12.39 W;3, 0 %, 0 MiB, 7.53 W; @1786722470
0, 0 %, 0 MiB, 21.95 W;1, 0 %, 0 MiB, 23.09 W;2, 0 %, 0 MiB, 12.41 W;3, 0 %, 0 MiB, 7.64 W; @1786722473
0, 0 %, 0 MiB, 21.78 W;1, 0 %, 0 MiB, 23.25 W;2, 0 %, 0 MiB, 12.47 W;3, 0 %, 0 MiB, 7.45 W; @1786722476
0, 0 %, 0 MiB, 22.08 W;1, 0 %, 0 MiB, 22.85 W;2, 0 %, 0 MiB, 12.40 W;3, 0 %, 0 MiB, 7.17 W; @1786722479
0, 0 %, 0 MiB, 22.03 W;1, 0 %, 0 MiB, 22.60 W;2, 0 %, 0 MiB, 12.46 W;3, 0 %, 0 MiB, 7.26 W; @1786722482
0, 0 %, 0 MiB, 21.85 W;1, 0 %, 0 MiB, 22.81 W;2, 0 %, 0 MiB, 12.28 W;3, 0 %, 0 MiB, 7.08 W; @1786722485
0, 0 %, 0 MiB, 21.83 W;1, 0 %, 0 MiB, 23.04 W;2, 0 %, 0 MiB, 12.55 W;3, 0 %, 0 MiB, 7.31 W; @1786722489
0, 0 %, 0 MiB, 21.83 W;1, 0 %, 0 MiB, 22.76 W;2, 0 %, 0 MiB, 12.56 W;3, 0 %, 0 MiB, 7.13 W; @1786722492
0, 0 %, 0 MiB, 22.05 W;1, 0 %, 0 MiB, 23.06 W;2, 0 %, 0 MiB, 12.15 W;3, 0 %, 0 MiB, 7.32 W; @1786722495
0, 0 %, 0 MiB, 22.47 W;1, 0 %, 0 MiB, 23.48 W;2, 0 %, 0 MiB, 12.64 W;3, 0 %, 0 MiB, 6.38 W; @1786722498
0, 0 %, 0 MiB, 22.60 W;1, 0 %, 0 MiB, 23.30 W;2, 0 %, 0 MiB, 12.80 W;3, 0 %, 0 MiB, 8.19 W; @1786722501
0, 0 %, 0 MiB, 22.03 W;1, 0 %, 0 MiB, 23.50 W;2, 0 %, 0 MiB, 12.36 W;3, 0 %, 0 MiB, 8.02 W; @1786722504
0, 0 %, 0 MiB, 21.71 W;1, 0 %, 0 MiB, 23.01 W;2, 0 %, 0 MiB, 12.29 W;3, 0 %, 0 MiB, 7.35 W; @1786722507
0, 0 %, 0 MiB, 21.66 W;1, 0 %, 0 MiB, 23.46 W;2, 0 %, 0 MiB, 12.26 W;3, 0 %, 0 MiB, 7.60 W; @1786722510
0, 0 %, 0 MiB, 21.73 W;1, 0 %, 0 MiB, 23.86 W;2, 0 %, 0 MiB, 12.19 W;3, 0 %, 0 MiB, 7.49 W; @1786722513
0, 0 %, 0 MiB, 21.45 W;1, 0 %, 0 MiB, 23.46 W;2, 0 %, 0 MiB, 12.15 W;3, 0 %, 0 MiB, 7.83 W; @1786722516
0, 0 %, 0 MiB, 21.57 W;1, 0 %, 0 MiB, 23.14 W;2, 0 %, 0 MiB, 12.37 W;3, 0 %, 0 MiB, 7.63 W; @1786722520
0, 0 %, 0 MiB, 21.36 W;1, 0 %, 0 MiB, 23.52 W;2, 0 %, 0 MiB, 12.23 W;3, 0 %, 0 MiB, 7.67 W; @1786722523
0, 0 %, 0 MiB, 21.66 W;1, 0 %, 0 MiB, 22.73 W;2, 0 %, 0 MiB, 12.29 W;3, 0 %, 0 MiB, 7.62 W; @1786722526
0, 0 %, 0 MiB, 21.72 W;1, 0 %, 0 MiB, 23.14 W;2, 0 %, 0 MiB, 12.21 W;3, 0 %, 0 MiB, 7.70 W; @1786722529
0, 0 %, 0 MiB, 21.76 W;1, 0 %, 0 MiB, 23.05 W;2, 0 %, 0 MiB, 12.09 W;3, 0 %, 0 MiB, 6.19 W; @1786722532
0, 0 %, 0 MiB, 21.84 W;1, 0 %, 0 MiB, 23.09 W;2, 0 %, 0 MiB, 12.61 W;3, 0 %, 0 MiB, 7.05 W; @1786722535
0, 0 %, 0 MiB, 22.05 W;1, 0 %, 0 MiB, 22.93 W;2, 0 %, 0 MiB, 12.45 W;3, 0 %, 0 MiB, 8.32 W; @1786722538
0, 0 %, 0 MiB, 21.84 W;1, 0 %, 0 MiB, 23.10 W;2, 0 %, 0 MiB, 12.03 W;3, 0 %, 0 MiB, 6.43 W; @1786722541
0, 0 %, 0 MiB, 21.73 W;1, 0 %, 0 MiB, 23.82 W;2, 0 %, 0 MiB, 12.05 W;3, 0 %, 0 MiB, 6.67 W; @1786722544
0, 0 %, 0 MiB, 22.11 W;1, 0 %, 0 MiB, 22.90 W;2, 0 %, 0 MiB, 12.55 W;3, 0 %, 0 MiB, 6.62 W; @1786722547
0, 0 %, 0 MiB, 22.49 W;1, 0 %, 0 MiB, 22.82 W;2, 0 %, 0 MiB, 12.97 W;3, 0 %, 0 MiB, 7.50 W; @1786722551
0, 0 %, 0 MiB, 21.97 W;1, 0 %, 0 MiB, 22.37 W;2, 0 %, 0 MiB, 12.23 W;3, 0 %, 0 MiB, 8.11 W; @1786722554
0, 0 %, 0 MiB, 21.70 W;1, 0 %, 0 MiB, 23.17 W;2, 0 %, 0 MiB, 12.28 W;3, 0 %, 0 MiB, 7.65 W; @1786722557
0, 0 %, 0 MiB, 21.61 W;1, 0 %, 0 MiB, 22.81 W;2, 0 %, 0 MiB, 12.40 W;3, 0 %, 0 MiB, 7.57 W; @1786722560
0, 0 %, 0 MiB, 21.58 W;1, 0 %, 0 MiB, 22.88 W;2, 0 %, 0 MiB, 12.20 W;3, 0 %, 0 MiB, 7.29 W; @1786722563
0, 0 %, 0 MiB, 21.71 W;1, 0 %, 0 MiB, 22.68 W;2, 0 %, 0 MiB, 12.33 W;3, 0 %, 0 MiB, 7.26 W; @1786722566
0, 0 %, 0 MiB, 21.64 W;1, 0 %, 0 MiB, 23.14 W;2, 0 %, 0 MiB, 12.10 W;3, 0 %, 0 MiB, 7.17 W; @1786722569
0, 0 %, 0 MiB, 21.71 W;1, 0 %, 0 MiB, 23.39 W;2, 0 %, 0 MiB, 12.15 W;3, 0 %, 0 MiB, 7.40 W; @1786722572
0, 0 %, 0 MiB, 22.00 W;1, 0 %, 0 MiB, 23.84 W;2, 0 %, 0 MiB, 12.35 W;3, 0 %, 0 MiB, 7.52 W; @1786722575
0, 0 %, 0 MiB, 21.72 W;1, 0 %, 0 MiB, 23.24 W;2, 0 %, 0 MiB, 12.41 W;3, 0 %, 0 MiB, 7.81 W; @1786722578
0, 0 %, 0 MiB, 21.61 W;1, 0 %, 0 MiB, 23.59 W;2, 0 %, 0 MiB, 12.24 W;3, 0 %, 0 MiB, 7.06 W; @1786722581
0, 0 %, 0 MiB, 22.08 W;1, 0 %, 0 MiB, 22.64 W;2, 0 %, 0 MiB, 12.55 W;3, 0 %, 0 MiB, 7.32 W; @1786722585
0, 0 %, 0 MiB, 22.15 W;1, 0 %, 0 MiB, 22.83 W;2, 0 %, 0 MiB, 12.50 W;3, 0 %, 0 MiB, 8.27 W; @1786722588
0, 0 %, 0 MiB, 21.67 W;1, 0 %, 0 MiB, 22.86 W;2, 0 %, 0 MiB, 11.92 W;3, 0 %, 0 MiB, 6.36 W; @1786722591
0, 0 %, 0 MiB, 22.06 W;1, 0 %, 0 MiB, 23.03 W;2, 0 %, 0 MiB, 12.49 W;3, 0 %, 0 MiB, 7.36 W; @1786722594
0, 0 %, 0 MiB, 22.19 W;1, 0 %, 0 MiB, 22.65 W;2, 0 %, 0 MiB, 12.15 W;3, 0 %, 0 MiB, 7.96 W; @1786722597
0, 0 %, 0 MiB, 21.52 W;1, 0 %, 0 MiB, 23.43 W;2, 0 %, 0 MiB, 12.14 W;3, 0 %, 0 MiB, 7.77 W; @1786722600
0, 0 %, 0 MiB, 21.76 W;1, 0 %, 0 MiB, 23.21 W;2, 0 %, 0 MiB, 12.06 W;3, 0 %, 0 MiB, 8.12 W; @1786722603
0, 0 %, 0 MiB, 22.01 W;1, 0 %, 0 MiB, 22.83 W;2, 0 %, 0 MiB, 12.20 W;3, 0 %, 0 MiB, 7.53 W; @1786722606
0, 0 %, 0 MiB, 21.89 W;1, 0 %, 0 MiB, 22.85 W;2, 0 %, 0 MiB, 12.25 W;3, 0 %, 0 MiB, 7.58 W; @1786722609
0, 0 %, 0 MiB, 21.84 W;1, 0 %, 0 MiB, 22.65 W;2, 0 %, 0 MiB, 12.27 W;3, 0 %, 0 MiB, 7.80 W; @1786722613
0, 0 %, 0 MiB, 21.59 W;1, 0 %, 0 MiB, 23.08 W;2, 0 %, 0 MiB, 12.20 W;3, 0 %, 0 MiB, 7.83 W; @1786722616
0, 0 %, 0 MiB, 21.95 W;1, 0 %, 0 MiB, 22.95 W;2, 0 %, 0 MiB, 12.16 W;3, 0 %, 0 MiB, 7.70 W; @1786722619
0, 0 %, 0 MiB, 21.94 W;1, 0 %, 0 MiB, 23.39 W;2, 0 %, 0 MiB, 12.03 W;3, 0 %, 0 MiB, 7.53 W; @1786722622
0, 0 %, 0 MiB, 22.16 W;1, 0 %, 0 MiB, 23.11 W;2, 0 %, 0 MiB, 12.29 W;3, 0 %, 0 MiB, 7.71 W; @1786722625
0, 0 %, 0 MiB, 22.65 W;1, 0 %, 0 MiB, 23.33 W;2, 0 %, 0 MiB, 12.47 W;3, 0 %, 0 MiB, 7.33 W; @1786722628
0, 0 %, 0 MiB, 21.83 W;1, 0 %, 0 MiB, 23.19 W;2, 0 %, 0 MiB, 12.82 W;3, 0 %, 0 MiB, 7.58 W; @1786722631
0, 0 %, 0 MiB, 21.90 W;1, 0 %, 0 MiB, 22.76 W;2, 0 %, 0 MiB, 12.21 W;3, 0 %, 0 MiB, 8.17 W; @1786722634
0, 0 %, 0 MiB, 21.75 W;1, 0 %, 0 MiB, 23.08 W;2, 0 %, 0 MiB, 12.24 W;3, 0 %, 0 MiB, 8.23 W; @1786722637
0, 0 %, 0 MiB, 21.59 W;1, 0 %, 0 MiB, 23.23 W;2, 0 %, 0 MiB, 12.28 W;3, 0 %, 0 MiB, 7.85 W; @1786722640
0, 0 %, 0 MiB, 21.73 W;1, 0 %, 0 MiB, 23.20 W;2, 0 %, 0 MiB, 12.11 W;3, 0 %, 0 MiB, 7.78 W; @1786722644
0, 0 %, 0 MiB, 21.79 W;1, 0 %, 0 MiB, 23.06 W;2, 0 %, 0 MiB, 12.20 W;3, 0 %, 0 MiB, 7.80 W; @1786722647
0, 0 %, 0 MiB, 21.98 W;1, 0 %, 0 MiB, 23.29 W;2, 0 %, 0 MiB, 12.05 W;3, 0 %, 0 MiB, 7.87 W; @1786722650
0, 0 %, 0 MiB, 22.13 W;1, 0 %, 0 MiB, 23.68 W;2, 0 %, 0 MiB, 12.09 W;3, 0 %, 0 MiB, 7.70 W; @1786722653
0, 0 %, 0 MiB, 21.94 W;1, 0 %, 0 MiB, 22.47 W;2, 0 %, 0 MiB, 12.20 W;3, 0 %, 0 MiB, 7.75 W; @1786722656
0, 0 %, 0 MiB, 21.86 W;1, 0 %, 0 MiB, 23.07 W;2, 0 %, 0 MiB, 12.10 W;3, 0 %, 0 MiB, 7.90 W; @1786722659
0, 0 %, 0 MiB, 21.91 W;1, 0 %, 0 MiB, 22.80 W;2, 0 %, 0 MiB, 12.14 W;3, 0 %, 0 MiB, 6.84 W; @1786722662
0, 0 %, 0 MiB, 22.10 W;1, 0 %, 0 MiB, 23.53 W;2, 0 %, 0 MiB, 12.48 W;3, 0 %, 0 MiB, 7.31 W; @1786722665
0, 0 %, 0 MiB, 22.20 W;1, 0 %, 0 MiB, 22.93 W;2, 0 %, 0 MiB, 12.75 W;3, 0 %, 0 MiB, 7.88 W; @1786722668
0, 0 %, 0 MiB, 22.15 W;1, 0 %, 0 MiB, 22.72 W;2, 0 %, 0 MiB, 12.30 W;3, 0 %, 0 MiB, 7.78 W; @1786722671
0, 0 %, 0 MiB, 21.90 W;1, 0 %, 0 MiB, 22.45 W;2, 0 %, 0 MiB, 12.30 W;3, 0 %, 0 MiB, 7.58 W; @1786722675
0, 0 %, 0 MiB, 21.70 W;1, 0 %, 0 MiB, 22.22 W;2, 0 %, 0 MiB, 12.32 W;3, 0 %, 0 MiB, 7.42 W; @1786722678
0, 0 %, 0 MiB, 21.89 W;1, 0 %, 0 MiB, 22.81 W;2, 0 %, 0 MiB, 12.19 W;3, 0 %, 0 MiB, 7.54 W; @1786722681
0, 0 %, 0 MiB, 22.14 W;1, 0 %, 0 MiB, 22.77 W;2, 0 %, 0 MiB, 12.24 W;3, 0 %, 0 MiB, 7.64 W; @1786722684
0, 0 %, 0 MiB, 22.33 W;1, 0 %, 0 MiB, 23.20 W;2, 0 %, 0 MiB, 12.12 W;3, 0 %, 0 MiB, 7.80 W; @1786722687
0, 0 %, 0 MiB, 22.24 W;1, 0 %, 0 MiB, 23.33 W;2, 0 %, 0 MiB, 12.15 W;3, 0 %, 0 MiB, 7.62 W; @1786722690
0, 0 %, 0 MiB, 21.92 W;1, 0 %, 0 MiB, 22.45 W;2, 0 %, 0 MiB, 11.98 W;3, 0 %, 0 MiB, 7.11 W; @1786722693
0, 0 %, 0 MiB, 22.02 W;1, 0 %, 0 MiB, 22.78 W;2, 0 %, 0 MiB, 12.09 W;3, 0 %, 0 MiB, 7.66 W; @1786722696
0, 0 %, 0 MiB, 21.98 W;1, 0 %, 0 MiB, 22.65 W;2, 0 %, 0 MiB, 12.12 W;3, 0 %, 0 MiB, 6.39 W; @1786722699
0, 0 %, 0 MiB, 22.42 W;1, 0 %, 0 MiB, 22.92 W;2, 0 %, 0 MiB, 12.68 W;3, 0 %, 0 MiB, 7.27 W; @1786722702
0, 0 %, 0 MiB, 22.18 W;1, 0 %, 0 MiB, 23.02 W;2, 0 %, 0 MiB, 12.25 W;3, 0 %, 0 MiB, 8.05 W; @1786722706
0, 0 %, 0 MiB, 21.97 W;1, 0 %, 0 MiB, 23.03 W;2, 0 %, 0 MiB, 12.09 W;3, 0 %, 0 MiB, 7.56 W; @1786722709
0, 0 %, 0 MiB, 21.86 W;1, 0 %, 0 MiB, 22.95 W;2, 0 %, 0 MiB, 12.04 W;3, 0 %, 0 MiB, 7.97 W; @1786722712
0, 0 %, 0 MiB, 22.10 W;1, 0 %, 0 MiB, 22.98 W;2, 0 %, 0 MiB, 12.09 W;3, 0 %, 0 MiB, 7.58 W; @1786722715
0, 0 %, 0 MiB, 21.59 W;1, 0 %, 0 MiB, 23.32 W;2, 0 %, 0 MiB, 12.08 W;3, 0 %, 0 MiB, 7.86 W; @1786722718
0, 0 %, 0 MiB, 21.81 W;1, 0 %, 0 MiB, 23.02 W;2, 0 %, 0 MiB, 12.10 W;3, 0 %, 0 MiB, 7.98 W; @1786722721
0, 0 %, 0 MiB, 21.94 W;1, 0 %, 0 MiB, 23.48 W;2, 0 %, 0 MiB, 12.31 W;3, 0 %, 0 MiB, 7.77 W; @1786722724
0, 0 %, 0 MiB, 21.92 W;1, 0 %, 0 MiB, 22.80 W;2, 0 %, 0 MiB, 12.14 W;3, 0 %, 0 MiB, 7.91 W; @1786722727
0, 0 %, 0 MiB, 22.50 W;1, 0 %, 0 MiB, 23.01 W;2, 0 %, 0 MiB, 12.25 W;3, 0 %, 0 MiB, 7.93 W; @1786722730
0, 0 %, 0 MiB, 22.12 W;1, 0 %, 0 MiB, 22.10 W;2, 0 %, 0 MiB, 12.20 W;3, 0 %, 0 MiB, 7.42 W; @1786722733
0, 0 %, 0 MiB, 22.20 W;1, 0 %, 0 MiB, 22.35 W;2, 0 %, 0 MiB, 12.27 W;3, 0 %, 0 MiB, 7.46 W; @1786722736
0, 0 %, 0 MiB, 22.13 W;1, 0 %, 0 MiB, 22.62 W;2, 0 %, 0 MiB, 12.71 W;3, 0 %, 0 MiB, 7.51 W; @1786722740
0, 0 %, 0 MiB, 22.00 W;1, 0 %, 0 MiB, 22.29 W;2, 0 %, 0 MiB, 12.20 W;3, 0 %, 0 MiB, 7.85 W; @1786722743
0, 0 %, 0 MiB, 22.16 W;1, 0 %, 0 MiB, 22.57 W;2, 0 %, 0 MiB, 12.10 W;3, 0 %, 0 MiB, 7.87 W; @1786722746
0, 0 %, 0 MiB, 21.69 W;1, 0 %, 0 MiB, 22.23 W;2, 0 %, 0 MiB, 12.25 W;3, 0 %, 0 MiB, 7.88 W; @1786722749
0, 0 %, 0 MiB, 21.95 W;1, 0 %, 0 MiB, 22.08 W;2, 0 %, 0 MiB, 12.35 W;3, 0 %, 0 MiB, 7.81 W; @1786722752
0, 0 %, 0 MiB, 21.98 W;1, 0 %, 0 MiB, 22.47 W;2, 0 %, 0 MiB, 12.12 W;3, 0 %, 0 MiB, 7.77 W; @1786722755
0, 0 %, 0 MiB, 21.99 W;1, 0 %, 0 MiB, 22.15 W;2, 0 %, 0 MiB, 11.92 W;3, 0 %, 0 MiB, 7.64 W; @1786722758
0, 0 %, 0 MiB, 22.31 W;1, 0 %, 0 MiB, 23.08 W;2, 0 %, 0 MiB, 12.35 W;3, 0 %, 0 MiB, 7.59 W; @1786722761
0, 0 %, 0 MiB, 22.12 W;1, 0 %, 0 MiB, 22.91 W;2, 0 %, 0 MiB, 12.45 W;3, 0 %, 0 MiB, 7.74 W; @1786722764
0, 0 %, 0 MiB, 22.10 W;1, 0 %, 0 MiB, 22.08 W;2, 0 %, 0 MiB, 12.37 W;3, 0 %, 0 MiB, 8.02 W; @1786722767
0, 0 %, 0 MiB, 22.17 W;1, 0 %, 0 MiB, 22.45 W;2, 0 %, 0 MiB, 12.17 W;3, 0 %, 0 MiB, 7.72 W; @1786722771
0, 0 %, 0 MiB, 22.49 W;1, 0 %, 0 MiB, 22.83 W;2, 0 %, 0 MiB, 12.59 W;3, 0 %, 0 MiB, 8.23 W; @1786722774
0, 0 %, 0 MiB, 21.69 W;1, 0 %, 0 MiB, 22.45 W;2, 0 %, 0 MiB, 12.13 W;3, 0 %, 0 MiB, 8.03 W; @1786722777
0, 0 %, 0 MiB, 21.81 W;1, 0 %, 0 MiB, 22.71 W;2, 0 %, 0 MiB, 12.37 W;3, 0 %, 0 MiB, 7.83 W; @1786722780
0, 0 %, 0 MiB, 21.65 W;1, 0 %, 0 MiB, 22.76 W;2, 0 %, 0 MiB, 12.28 W;3, 0 %, 0 MiB, 7.47 W; @1786722783
0, 0 %, 0 MiB, 21.88 W;1, 0 %, 0 MiB, 23.16 W;2, 0 %, 0 MiB, 12.33 W;3, 0 %, 0 MiB, 7.54 W; @1786722786
0, 0 %, 0 MiB, 21.91 W;1, 0 %, 0 MiB, 22.60 W;2, 0 %, 0 MiB, 12.07 W;3, 0 %, 0 MiB, 7.55 W; @1786722789
0, 0 %, 0 MiB, 22.15 W;1, 0 %, 0 MiB, 22.82 W;2, 0 %, 0 MiB, 12.20 W;3, 0 %, 0 MiB, 7.64 W; @1786722792
0, 0 %, 0 MiB, 22.14 W;1, 0 %, 0 MiB, 22.60 W;2, 0 %, 0 MiB, 12.07 W;3, 0 %, 0 MiB, 7.64 W; @1786722795
0, 0 %, 0 MiB, 22.21 W;1, 0 %, 0 MiB, 22.64 W;2, 0 %, 0 MiB, 11.99 W;3, 0 %, 0 MiB, 7.69 W; @1786722798
0, 0 %, 0 MiB, 22.25 W;1, 0 %, 0 MiB, 22.64 W;2, 0 %, 0 MiB, 12.25 W;3, 0 %, 0 MiB, 7.36 W; @1786722802
0, 0 %, 0 MiB, 21.92 W;1, 0 %, 0 MiB, 22.95 W;2, 0 %, 0 MiB, 11.94 W;3, 0 %, 0 MiB, 6.80 W; @1786722805
0, 0 %, 0 MiB, 22.20 W;1, 0 %, 0 MiB, 22.06 W;2, 0 %, 0 MiB, 12.54 W;3, 0 %, 0 MiB, 7.28 W; @1786722808
0, 0 %, 0 MiB, 22.17 W;1, 0 %, 0 MiB, 22.24 W;2, 0 %, 0 MiB, 12.47 W;3, 0 %, 0 MiB, 7.63 W; @1786722811
0, 0 %, 0 MiB, 21.93 W;1, 0 %, 0 MiB, 22.46 W;2, 0 %, 0 MiB, 11.93 W;3, 0 %, 0 MiB, 7.33 W; @1786722814
0, 0 %, 0 MiB, 22.09 W;1, 0 %, 0 MiB, 22.23 W;2, 0 %, 0 MiB, 12.14 W;3, 0 %, 0 MiB, 7.00 W; @1786722817
0, 0 %, 0 MiB, 22.13 W;1, 0 %, 0 MiB, 22.61 W;2, 0 %, 0 MiB, 12.06 W;3, 0 %, 0 MiB, 7.53 W; @1786722820
0, 0 %, 0 MiB, 22.35 W;1, 0 %, 0 MiB, 22.22 W;2, 0 %, 0 MiB, 11.91 W;3, 0 %, 0 MiB, 7.57 W; @1786722823
0, 0 %, 0 MiB, 22.34 W;1, 0 %, 0 MiB, 22.08 W;2, 0 %, 0 MiB, 12.09 W;3, 0 %, 0 MiB, 7.27 W; @1786722826
0, 0 %, 0 MiB, 22.10 W;1, 0 %, 0 MiB, 22.44 W;2, 0 %, 0 MiB, 12.08 W;3, 0 %, 0 MiB, 7.68 W; @1786722829
0, 0 %, 0 MiB, 22.61 W;1, 0 %, 0 MiB, 22.87 W;2, 0 %, 0 MiB, 12.06 W;3, 0 %, 0 MiB, 7.77 W; @1786722833
0, 0 %, 0 MiB, 22.18 W;1, 0 %, 0 MiB, 22.62 W;2, 0 %, 0 MiB, 12.09 W;3, 0 %, 0 MiB, 7.53 W; @1786722836
0, 0 %, 0 MiB, 22.14 W;1, 0 %, 0 MiB, 22.76 W;2, 0 %, 0 MiB, 12.07 W;3, 0 %, 0 MiB, 7.58 W; @1786722839
0, 0 %, 0 MiB, 21.67 W;1, 0 %, 0 MiB, 22.73 W;2, 0 %, 0 MiB, 12.10 W;3, 0 %, 0 MiB, 7.10 W; @1786722842
0, 0 %, 0 MiB, 22.03 W;1, 0 %, 0 MiB, 22.61 W;2, 0 %, 0 MiB, 12.42 W;3, 0 %, 0 MiB, 7.54 W; @1786722845
0, 0 %, 0 MiB, 21.64 W;1, 0 %, 0 MiB, 23.08 W;2, 0 %, 0 MiB, 12.20 W;3, 0 %, 0 MiB, 7.98 W; @1786722848
0, 0 %, 0 MiB, 21.96 W;1, 0 %, 0 MiB, 22.80 W;2, 0 %, 0 MiB, 12.16 W;3, 0 %, 0 MiB, 8.18 W; @1786722851
0, 0 %, 0 MiB, 22.28 W;1, 0 %, 0 MiB, 22.43 W;2, 0 %, 0 MiB, 12.31 W;3, 0 %, 0 MiB, 7.83 W; @1786722854
0, 0 %, 0 MiB, 22.07 W;1, 0 %, 0 MiB, 23.07 W;2, 0 %, 0 MiB, 12.34 W;3, 0 %, 0 MiB, 8.20 W; @1786722857
0, 0 %, 0 MiB, 22.12 W;1, 0 %, 0 MiB, 23.02 W;2, 0 %, 0 MiB, 12.37 W;3, 0 %, 0 MiB, 7.99 W; @1786722860
0, 0 %, 0 MiB, 22.12 W;1, 0 %, 0 MiB, 22.85 W;2, 0 %, 0 MiB, 12.41 W;3, 0 %, 0 MiB, 8.04 W; @1786722864
0, 0 %, 0 MiB, 22.39 W;1, 0 %, 0 MiB, 22.84 W;2, 0 %, 0 MiB, 12.34 W;3, 0 %, 0 MiB, 8.25 W; @1786722867
0, 0 %, 0 MiB, 22.58 W;1, 0 %, 0 MiB, 22.22 W;2, 0 %, 0 MiB, 12.40 W;3, 0 %, 0 MiB, 7.67 W; @1786722870
0, 0 %, 0 MiB, 22.50 W;1, 0 %, 0 MiB, 22.18 W;2, 0 %, 0 MiB, 12.56 W;3, 0 %, 0 MiB, 7.68 W; @1786722873
0, 0 %, 0 MiB, 22.09 W;1, 0 %, 0 MiB, 22.30 W;2, 0 %, 0 MiB, 12.33 W;3, 0 %, 0 MiB, 7.33 W; @1786722876
0, 0 %, 0 MiB, 22.59 W;1, 0 %, 0 MiB, 22.28 W;2, 0 %, 0 MiB, 12.41 W;3, 0 %, 0 MiB, 7.72 W; @1786722879
0, 0 %, 0 MiB, 22.13 W;1, 0 %, 0 MiB, 22.49 W;2, 0 %, 0 MiB, 12.67 W;3, 0 %, 0 MiB, 7.64 W; @1786722882
0, 0 %, 0 MiB, 22.04 W;1, 0 %, 0 MiB, 22.42 W;2, 0 %, 0 MiB, 12.50 W;3, 0 %, 0 MiB, 7.38 W; @1786722885
0, 0 %, 0 MiB, 22.36 W;1, 0 %, 0 MiB, 22.48 W;2, 0 %, 0 MiB, 12.32 W;3, 0 %, 0 MiB, 7.16 W; @1786722888
0, 0 %, 0 MiB, 22.49 W;1, 0 %, 0 MiB, 22.35 W;2, 0 %, 0 MiB, 12.33 W;3, 0 %, 0 MiB, 7.31 W; @1786722892
0, 0 %, 0 MiB, 22.17 W;1, 0 %, 0 MiB, 22.44 W;2, 0 %, 0 MiB, 12.08 W;3, 0 %, 0 MiB, 7.27 W; @1786722895
0, 0 %, 0 MiB, 22.07 W;1, 0 %, 0 MiB, 22.62 W;2, 0 %, 0 MiB, 12.16 W;3, 0 %, 0 MiB, 7.12 W; @1786722898
0, 0 %, 0 MiB, 22.10 W;1, 0 %, 0 MiB, 22.51 W;2, 0 %, 0 MiB, 12.23 W;3, 0 %, 0 MiB, 7.33 W; @1786722901
0, 0 %, 0 MiB, 21.90 W;1, 0 %, 0 MiB, 22.00 W;2, 0 %, 0 MiB, 12.08 W;3, 0 %, 0 MiB, 7.93 W; @1786722904
0, 0 %, 0 MiB, 21.65 W;1, 0 %, 0 MiB, 22.45 W;2, 0 %, 0 MiB, 12.33 W;3, 0 %, 0 MiB, 7.72 W; @1786722907
0, 0 %, 0 MiB, 21.91 W;1, 0 %, 0 MiB, 22.56 W;2, 0 %, 0 MiB, 12.29 W;3, 0 %, 0 MiB, 7.91 W; @1786722910
0, 0 %, 0 MiB, 21.72 W;1, 0 %, 0 MiB, 22.67 W;2, 0 %, 0 MiB, 12.30 W;3, 0 %, 0 MiB, 7.55 W; @1786722914
0, 0 %, 0 MiB, 21.58 W;1, 0 %, 0 MiB, 23.13 W;2, 0 %, 0 MiB, 12.57 W;3, 0 %, 0 MiB, 6.88 W; @1786722917
0, 0 %, 0 MiB, 22.00 W;1, 0 %, 0 MiB, 23.18 W;2, 0 %, 0 MiB, 12.77 W;3, 0 %, 0 MiB, 7.94 W; @1786722920
0, 0 %, 0 MiB, 21.84 W;1, 0 %, 0 MiB, 22.28 W;2, 0 %, 0 MiB, 12.14 W;3, 0 %, 0 MiB, 7.67 W; @1786722923
0, 0 %, 0 MiB, 21.74 W;1, 0 %, 0 MiB, 22.06 W;2, 0 %, 0 MiB, 12.40 W;3, 0 %, 0 MiB, 7.30 W; @1786722926
0, 0 %, 0 MiB, 21.56 W;1, 0 %, 0 MiB, 22.29 W;2, 0 %, 0 MiB, 12.28 W;3, 0 %, 0 MiB, 7.67 W; @1786722929
0, 0 %, 0 MiB, 21.71 W;1, 0 %, 0 MiB, 21.84 W;2, 0 %, 0 MiB, 12.36 W;3, 0 %, 0 MiB, 7.61 W; @1786722932
0, 0 %, 0 MiB, 21.99 W;1, 0 %, 0 MiB, 22.66 W;2, 0 %, 0 MiB, 12.07 W;3, 0 %, 0 MiB, 8.76 W; @1786722935
0, 0 %, 0 MiB, 21.90 W;1, 0 %, 0 MiB, 22.02 W;2, 0 %, 0 MiB, 11.98 W;3, 0 %, 0 MiB, 8.89 W; @1786722938
0, 0 %, 0 MiB, 22.14 W;1, 0 %, 0 MiB, 23.20 W;2, 0 %, 0 MiB, 12.40 W;3, 0 %, 0 MiB, 8.95 W; @1786722941
0, 0 %, 0 MiB, 22.01 W;1, 0 %, 0 MiB, 22.83 W;2, 0 %, 0 MiB, 12.28 W;3, 0 %, 0 MiB, 8.77 W; @1786722945
0, 0 %, 0 MiB, 21.74 W;1, 0 %, 0 MiB, 22.68 W;2, 0 %, 0 MiB, 12.13 W;3, 0 %, 0 MiB, 9.15 W; @1786722948
0, 0 %, 0 MiB, 21.63 W;1, 0 %, 0 MiB, 22.36 W;2, 0 %, 0 MiB, 12.12 W;3, 0 %, 0 MiB, 8.87 W; @1786722951
0, 0 %, 0 MiB, 22.06 W;1, 0 %, 0 MiB, 22.51 W;2, 0 %, 0 MiB, 12.20 W;3, 0 %, 0 MiB, 9.08 W; @1786722954
0, 0 %, 0 MiB, 22.15 W;1, 0 %, 0 MiB, 23.04 W;2, 0 %, 0 MiB, 12.73 W;3, 0 %, 0 MiB, 8.36 W; @1786722957
0, 0 %, 0 MiB, 21.66 W;1, 0 %, 0 MiB, 22.89 W;2, 0 %, 0 MiB, 11.95 W;3, 0 %, 0 MiB, 8.71 W; @1786722960
0, 0 %, 0 MiB, 21.43 W;1, 0 %, 0 MiB, 22.70 W;2, 0 %, 0 MiB, 11.78 W;3, 0 %, 0 MiB, 8.62 W; @1786722963
0, 0 %, 0 MiB, 21.28 W;1, 0 %, 0 MiB, 23.04 W;2, 0 %, 0 MiB, 12.15 W;3, 0 %, 0 MiB, 8.89 W; @1786722966
0, 0 %, 0 MiB, 21.42 W;1, 0 %, 0 MiB, 22.38 W;2, 0 %, 0 MiB, 11.99 W;3, 0 %, 0 MiB, 8.96 W; @1786722969
0, 0 %, 0 MiB, 21.14 W;1, 0 %, 0 MiB, 22.76 W;2, 0 %, 0 MiB, 12.17 W;3, 0 %, 0 MiB, 9.07 W; @1786722973
0, 0 %, 0 MiB, 21.23 W;1, 0 %, 0 MiB, 22.49 W;2, 0 %, 0 MiB, 12.09 W;3, 0 %, 0 MiB, 8.35 W; @1786722976
0, 0 %, 0 MiB, 21.24 W;1, 0 %, 0 MiB, 22.11 W;2, 0 %, 0 MiB, 12.03 W;3, 0 %, 0 MiB, 8.44 W; @1786722979
0, 0 %, 0 MiB, 21.52 W;1, 0 %, 0 MiB, 22.45 W;2, 0 %, 0 MiB, 12.07 W;3, 0 %, 0 MiB, 8.74 W; @1786722982
0, 0 %, 0 MiB, 21.87 W;1, 0 %, 0 MiB, 22.83 W;2, 0 %, 0 MiB, 11.93 W;3, 0 %, 0 MiB, 8.70 W; @1786722985
0, 0 %, 0 MiB, 21.73 W;1, 0 %, 0 MiB, 22.52 W;2, 0 %, 0 MiB, 11.85 W;3, 0 %, 0 MiB, 8.13 W; @1786722988
0, 0 %, 0 MiB, 21.90 W;1, 0 %, 0 MiB, 23.13 W;2, 0 %, 0 MiB, 12.41 W;3, 0 %, 0 MiB, 7.80 W; @1786722991
0, 0 %, 0 MiB, 21.60 W;1, 0 %, 0 MiB, 23.11 W;2, 0 %, 0 MiB, 12.56 W;3, 0 %, 0 MiB, 8.81 W; @1786722994
0, 0 %, 0 MiB, 21.25 W;1, 0 %, 0 MiB, 22.31 W;2, 0 %, 0 MiB, 12.01 W;3, 0 %, 0 MiB, 8.95 W; @1786722997
0, 0 %, 0 MiB, 21.52 W;1, 0 %, 0 MiB, 22.27 W;2, 0 %, 0 MiB, 12.16 W;3, 0 %, 0 MiB, 9.11 W; @1786723000
0, 0 %, 0 MiB, 21.44 W;1, 0 %, 0 MiB, 22.34 W;2, 0 %, 0 MiB, 12.12 W;3, 0 %, 0 MiB, 9.00 W; @1786723004
0, 0 %, 0 MiB, 21.58 W;1, 0 %, 0 MiB, 22.94 W;2, 0 %, 0 MiB, 12.14 W;3, 0 %, 0 MiB, 8.87 W; @1786723007
0, 0 %, 0 MiB, 21.54 W;1, 0 %, 0 MiB, 22.27 W;2, 0 %, 0 MiB, 12.08 W;3, 0 %, 0 MiB, 8.86 W; @1786723010
0, 0 %, 0 MiB, 21.95 W;1, 0 %, 0 MiB, 22.83 W;2, 0 %, 0 MiB, 12.00 W;3, 0 %, 0 MiB, 9.01 W; @1786723013
0, 0 %, 0 MiB, 21.66 W;1, 0 %, 0 MiB, 22.59 W;2, 0 %, 0 MiB, 12.16 W;3, 0 %, 0 MiB, 9.21 W; @1786723016
0, 0 %, 0 MiB, 21.50 W;1, 0 %, 0 MiB, 22.45 W;2, 0 %, 0 MiB, 12.13 W;3, 0 %, 0 MiB, 9.31 W; @1786723019
0, 0 %, 0 MiB, 21.97 W;1, 0 %, 0 MiB, 22.72 W;2, 0 %, 0 MiB, 12.16 W;3, 0 %, 0 MiB, 9.12 W; @1786723022
0, 0 %, 0 MiB, 21.58 W;1, 0 %, 0 MiB, 22.35 W;2, 0 %, 0 MiB, 11.90 W;3, 0 %, 0 MiB, 8.10 W; @1786723025
0, 0 %, 0 MiB, 21.52 W;1, 0 %, 0 MiB, 22.75 W;2, 0 %, 0 MiB, 12.03 W;3, 0 %, 0 MiB, 7.34 W; @1786723028
0, 0 %, 0 MiB, 21.52 W;1, 0 %, 0 MiB, 22.79 W;2, 0 %, 0 MiB, 11.91 W;3, 0 %, 0 MiB, 7.22 W; @1786723031
0, 0 %, 0 MiB, 21.54 W;1, 0 %, 0 MiB, 21.95 W;2, 0 %, 0 MiB, 11.88 W;3, 0 %, 0 MiB, 7.39 W; @1786723035
0, 0 %, 0 MiB, 21.92 W;1, 0 %, 0 MiB, 22.48 W;2, 0 %, 0 MiB, 11.83 W;3, 0 %, 0 MiB, 7.49 W; @1786723038
0, 0 %, 0 MiB, 21.64 W;1, 0 %, 0 MiB, 23.30 W;2, 0 %, 0 MiB, 11.87 W;3, 0 %, 0 MiB, 7.53 W; @1786723041
0, 0 %, 0 MiB, 21.71 W;1, 0 %, 0 MiB, 22.51 W;2, 0 %, 0 MiB, 11.96 W;3, 0 %, 0 MiB, 7.36 W; @1786723044
0, 0 %, 0 MiB, 21.89 W;1, 0 %, 0 MiB, 22.49 W;2, 0 %, 0 MiB, 11.91 W;3, 0 %, 0 MiB, 7.16 W; @1786723047
0, 0 %, 0 MiB, 21.47 W;1, 0 %, 0 MiB, 22.51 W;2, 0 %, 0 MiB, 11.91 W;3, 0 %, 0 MiB, 7.11 W; @1786723050
0, 0 %, 0 MiB, 21.72 W;1, 0 %, 0 MiB, 22.58 W;2, 0 %, 0 MiB, 11.91 W;3, 0 %, 0 MiB, 6.99 W; @1786723053
0, 0 %, 0 MiB, 21.89 W;1, 0 %, 0 MiB, 22.57 W;2, 0 %, 0 MiB, 11.90 W;3, 0 %, 0 MiB, 7.46 W; @1786723056
0, 0 %, 0 MiB, 21.65 W;1, 0 %, 0 MiB, 22.92 W;2, 0 %, 0 MiB, 12.00 W;3, 0 %, 0 MiB, 7.18 W; @1786723059
0, 0 %, 0 MiB, 21.36 W;1, 0 %, 0 MiB, 21.98 W;2, 0 %, 0 MiB, 12.11 W;3, 0 %, 0 MiB, 7.49 W; @1786723063
0, 0 %, 0 MiB, 21.14 W;1, 0 %, 0 MiB, 21.74 W;2, 0 %, 0 MiB, 12.17 W;3, 0 %, 0 MiB, 7.78 W; @1786723066
0, 0 %, 0 MiB, 21.58 W;1, 0 %, 0 MiB, 22.31 W;2, 0 %, 0 MiB, 12.08 W;3, 0 %, 0 MiB, 8.66 W; @1786723069
0, 0 %, 0 MiB, 21.10 W;1, 0 %, 0 MiB, 22.29 W;2, 0 %, 0 MiB, 11.91 W;3, 0 %, 0 MiB, 9.11 W; @1786723072
0, 0 %, 0 MiB, 21.45 W;1, 0 %, 0 MiB, 22.96 W;2, 0 %, 0 MiB, 11.96 W;3, 0 %, 0 MiB, 8.85 W; @1786723075
0, 0 %, 0 MiB, 21.35 W;1, 0 %, 0 MiB, 22.32 W;2, 0 %, 0 MiB, 11.80 W;3, 0 %, 0 MiB, 8.87 W; @1786723078
0, 0 %, 0 MiB, 21.54 W;1, 0 %, 0 MiB, 22.34 W;2, 0 %, 0 MiB, 11.71 W;3, 0 %, 0 MiB, 8.69 W; @1786723081
0, 0 %, 0 MiB, 21.45 W;1, 0 %, 0 MiB, 22.70 W;2, 0 %, 0 MiB, 11.70 W;3, 0 %, 0 MiB, 8.16 W; @1786723084
0, 0 %, 0 MiB, 21.56 W;1, 0 %, 0 MiB, 22.58 W;2, 0 %, 0 MiB, 11.74 W;3, 0 %, 0 MiB, 8.95 W; @1786723087
0, 0 %, 0 MiB, 21.85 W;1, 0 %, 0 MiB, 22.20 W;2, 0 %, 0 MiB, 11.84 W;3, 0 %, 0 MiB, 9.18 W; @1786723091
0, 0 %, 0 MiB, 21.83 W;1, 0 %, 0 MiB, 22.53 W;2, 0 %, 0 MiB, 11.93 W;3, 0 %, 0 MiB, 9.09 W; @1786723094
0, 0 %, 0 MiB, 21.61 W;1, 0 %, 0 MiB, 22.15 W;2, 0 %, 0 MiB, 12.03 W;3, 0 %, 0 MiB, 9.06 W; @1786723097
0, 0 %, 0 MiB, 21.51 W;1, 0 %, 0 MiB, 21.83 W;2, 0 %, 0 MiB, 12.15 W;3, 0 %, 0 MiB, 9.15 W; @1786723100
0, 0 %, 0 MiB, 21.66 W;1, 0 %, 0 MiB, 21.91 W;2, 0 %, 0 MiB, 11.94 W;3, 0 %, 0 MiB, 8.98 W; @1786723103
0, 0 %, 0 MiB, 21.89 W;1, 0 %, 0 MiB, 22.18 W;2, 0 %, 0 MiB, 11.88 W;3, 0 %, 0 MiB, 9.15 W; @1786723106
0, 0 %, 0 MiB, 21.61 W;1, 0 %, 0 MiB, 22.39 W;2, 0 %, 0 MiB, 11.81 W;3, 0 %, 0 MiB, 9.32 W; @1786723109
0, 0 %, 0 MiB, 21.66 W;1, 0 %, 0 MiB, 21.97 W;2, 0 %, 0 MiB, 11.75 W;3, 0 %, 0 MiB, 9.12 W; @1786723112
0, 0 %, 0 MiB, 21.58 W;1, 0 %, 0 MiB, 22.22 W;2, 0 %, 0 MiB, 11.85 W;3, 0 %, 0 MiB, 9.23 W; @1786723115
0, 0 %, 0 MiB, 21.75 W;1, 0 %, 0 MiB, 22.50 W;2, 0 %, 0 MiB, 11.96 W;3, 0 %, 0 MiB, 9.26 W; @1786723118
0, 0 %, 0 MiB, 21.49 W;1, 0 %, 0 MiB, 22.95 W;2, 0 %, 0 MiB, 11.92 W;3, 0 %, 0 MiB, 9.18 W; @1786723122
0, 0 %, 0 MiB, 21.56 W;1, 0 %, 0 MiB, 22.46 W;2, 0 %, 0 MiB, 12.04 W;3, 0 %, 0 MiB, 9.10 W; @1786723125
0, 0 %, 0 MiB, 21.59 W;1, 0 %, 0 MiB, 22.56 W;2, 0 %, 0 MiB, 11.99 W;3, 0 %, 0 MiB, 9.06 W; @1786723128
0, 0 %, 0 MiB, 21.66 W;1, 0 %, 0 MiB, 23.00 W;2, 0 %, 0 MiB, 11.94 W;3, 0 %, 0 MiB, 9.05 W; @1786723131
0, 0 %, 0 MiB, 21.38 W;1, 0 %, 0 MiB, 22.42 W;2, 0 %, 0 MiB, 11.96 W;3, 0 %, 0 MiB, 9.03 W; @1786723134
0, 0 %, 0 MiB, 21.71 W;1, 0 %, 0 MiB, 22.66 W;2, 0 %, 0 MiB, 12.10 W;3, 0 %, 0 MiB, 8.59 W; @1786723137
0, 0 %, 0 MiB, 21.38 W;1, 0 %, 0 MiB, 23.00 W;2, 0 %, 0 MiB, 12.06 W;3, 0 %, 0 MiB, 8.52 W; @1786723140
0, 0 %, 0 MiB, 21.59 W;1, 0 %, 0 MiB, 22.80 W;2, 0 %, 0 MiB, 12.09 W;3, 0 %, 0 MiB, 8.66 W; @1786723143
0, 0 %, 0 MiB, 21.46 W;1, 0 %, 0 MiB, 23.04 W;2, 0 %, 0 MiB, 11.97 W;3, 0 %, 0 MiB, 8.36 W; @1786723146
0, 0 %, 0 MiB, 21.39 W;1, 0 %, 0 MiB, 22.48 W;2, 0 %, 0 MiB, 12.15 W;3, 0 %, 0 MiB, 8.78 W; @1786723150
0, 0 %, 0 MiB, 21.07 W;1, 0 %, 0 MiB, 22.98 W;2, 0 %, 0 MiB, 11.99 W;3, 0 %, 0 MiB, 8.63 W; @1786723153
0, 0 %, 0 MiB, 21.30 W;1, 0 %, 0 MiB, 23.18 W;2, 0 %, 0 MiB, 12.07 W;3, 0 %, 0 MiB, 8.33 W; @1786723156
0, 0 %, 0 MiB, 21.23 W;1, 0 %, 0 MiB, 22.77 W;2, 0 %, 0 MiB, 12.11 W;3, 0 %, 0 MiB, 8.31 W; @1786723159
0, 0 %, 0 MiB, 21.44 W;1, 0 %, 0 MiB, 22.47 W;2, 0 %, 0 MiB, 11.96 W;3, 0 %, 0 MiB, 8.78 W; @1786723162
0, 0 %, 0 MiB, 21.54 W;1, 0 %, 0 MiB, 22.42 W;2, 0 %, 0 MiB, 11.84 W;3, 0 %, 0 MiB, 8.82 W; @1786723165
0, 0 %, 0 MiB, 21.56 W;1, 0 %, 0 MiB, 22.37 W;2, 0 %, 0 MiB, 11.80 W;3, 0 %, 0 MiB, 8.88 W; @1786723168
0, 0 %, 0 MiB, 21.48 W;1, 0 %, 0 MiB, 22.30 W;2, 0 %, 0 MiB, 11.89 W;3, 0 %, 0 MiB, 8.69 W; @1786723171
0, 0 %, 0 MiB, 21.30 W;1, 0 %, 0 MiB, 22.68 W;2, 0 %, 0 MiB, 11.94 W;3, 0 %, 0 MiB, 8.60 W; @1786723174
0, 0 %, 0 MiB, 21.31 W;1, 0 %, 0 MiB, 22.94 W;2, 0 %, 0 MiB, 12.11 W;3, 0 %, 0 MiB, 9.01 W; @1786723177
0, 0 %, 0 MiB, 21.33 W;1, 0 %, 0 MiB, 22.77 W;2, 0 %, 0 MiB, 12.01 W;3, 0 %, 0 MiB, 8.80 W; @1786723181
0, 0 %, 0 MiB, 21.81 W;1, 0 %, 0 MiB, 23.11 W;2, 0 %, 0 MiB, 11.93 W;3, 0 %, 0 MiB, 9.04 W; @1786723184
0, 0 %, 0 MiB, 22.15 W;1, 0 %, 0 MiB, 23.34 W;2, 0 %, 0 MiB, 11.85 W;3, 0 %, 0 MiB, 9.02 W; @1786723187
0, 0 %, 0 MiB, 21.72 W;1, 0 %, 0 MiB, 23.62 W;2, 0 %, 0 MiB, 11.98 W;3, 0 %, 0 MiB, 9.03 W; @1786723190
0, 0 %, 0 MiB, 22.03 W;1, 0 %, 0 MiB, 22.05 W;2, 0 %, 0 MiB, 11.96 W;3, 0 %, 0 MiB, 7.22 W; @1786723193
0, 0 %, 0 MiB, 21.76 W;1, 0 %, 0 MiB, 22.40 W;2, 0 %, 0 MiB, 12.01 W;3, 0 %, 0 MiB, 8.69 W; @1786723196
0, 0 %, 0 MiB, 21.92 W;1, 0 %, 0 MiB, 23.02 W;2, 0 %, 0 MiB, 11.92 W;3, 0 %, 0 MiB, 8.76 W; @1786723199
0, 0 %, 1 MiB, 22.10 W;1, 0 %, 0 MiB, 22.55 W;2, 0 %, 0 MiB, 11.99 W;3, 0 %, 0 MiB, 9.13 W; @1786723202
0, 0 %, 0 MiB, 65.03 W;1, 0 %, 0 MiB, 63.16 W;2, 1 %, 0 MiB, 44.08 W;3, 0 %, 0 MiB, 32.68 W; @1786723205
0, 0 %, 0 MiB, 46.45 W;1, 0 %, 0 MiB, 26.83 W;2, 0 %, 0 MiB, 48.85 W;3, 0 %, 0 MiB, 18.12 W; @1786723208
0, 0 %, 0 MiB, 22.04 W;1, 0 %, 0 MiB, 22.94 W;2, 0 %, 0 MiB, 11.88 W;3, 0 %, 0 MiB, 8.05 W; @1786723212
0, 0 %, 0 MiB, 21.99 W;1, 0 %, 0 MiB, 22.23 W;2, 0 %, 0 MiB, 11.81 W;3, 0 %, 0 MiB, 8.84 W; @1786723215
0, 0 %, 0 MiB, 22.00 W;1, 0 %, 0 MiB, 21.91 W;2, 0 %, 0 MiB, 11.81 W;3, 0 %, 0 MiB, 8.90 W; @1786723218
0, 0 %, 0 MiB, 21.94 W;1, 0 %, 0 MiB, 22.41 W;2, 0 %, 0 MiB, 11.70 W;3, 0 %, 0 MiB, 9.01 W; @1786723221
0, 0 %, 0 MiB, 21.90 W;1, 0 %, 0 MiB, 22.60 W;2, 0 %, 0 MiB, 11.72 W;3, 0 %, 0 MiB, 9.19 W; @1786723224
0, 0 %, 0 MiB, 22.20 W;1, 0 %, 0 MiB, 22.03 W;2, 0 %, 0 MiB, 11.77 W;3, 0 %, 0 MiB, 8.91 W; @1786723227
0, 0 %, 0 MiB, 22.09 W;1, 0 %, 0 MiB, 22.73 W;2, 0 %, 0 MiB, 11.95 W;3, 0 %, 0 MiB, 8.12 W; @1786723230
0, 0 %, 0 MiB, 21.82 W;1, 0 %, 0 MiB, 21.92 W;2, 0 %, 0 MiB, 11.98 W;3, 0 %, 0 MiB, 8.65 W; @1786723233
0, 0 %, 0 MiB, 21.81 W;1, 0 %, 0 MiB, 21.99 W;2, 0 %, 0 MiB, 11.93 W;3, 0 %, 0 MiB, 8.72 W; @1786723236
0, 0 %, 0 MiB, 21.85 W;1, 0 %, 0 MiB, 22.05 W;2, 0 %, 0 MiB, 11.91 W;3, 0 %, 0 MiB, 8.89 W; @1786723239
0, 0 %, 0 MiB, 21.96 W;1, 0 %, 0 MiB, 22.73 W;2, 0 %, 0 MiB, 11.89 W;3, 0 %, 0 MiB, 8.94 W; @1786723243
0, 0 %, 0 MiB, 21.85 W;1, 0 %, 0 MiB, 23.25 W;2, 0 %, 0 MiB, 12.02 W;3, 0 %, 0 MiB, 8.75 W; @1786723246
0, 0 %, 0 MiB, 21.73 W;1, 0 %, 0 MiB, 23.01 W;2, 0 %, 0 MiB, 11.80 W;3, 0 %, 0 MiB, 7.81 W; @1786723249
0, 0 %, 0 MiB, 22.24 W;1, 0 %, 0 MiB, 22.95 W;2, 0 %, 0 MiB, 12.05 W;3, 0 %, 0 MiB, 8.94 W; @1786723252
0, 0 %, 0 MiB, 21.76 W;1, 0 %, 0 MiB, 22.59 W;2, 0 %, 0 MiB, 11.93 W;3, 0 %, 0 MiB, 8.94 W; @1786723255
0, 0 %, 0 MiB, 21.74 W;1, 0 %, 0 MiB, 22.90 W;2, 0 %, 0 MiB, 11.90 W;3, 0 %, 0 MiB, 8.59 W; @1786723258
0, 0 %, 0 MiB, 21.88 W;1, 0 %, 0 MiB, 23.36 W;2, 0 %, 0 MiB, 11.80 W;3, 0 %, 0 MiB, 8.70 W; @1786723261
0, 0 %, 0 MiB, 21.67 W;1, 0 %, 0 MiB, 23.20 W;2, 0 %, 0 MiB, 11.76 W;3, 0 %, 0 MiB, 9.13 W; @1786723264
0, 0 %, 0 MiB, 21.79 W;1, 0 %, 0 MiB, 22.42 W;2, 0 %, 0 MiB, 11.88 W;3, 0 %, 0 MiB, 8.74 W; @1786723267
0, 0 %, 0 MiB, 21.84 W;1, 0 %, 0 MiB, 23.25 W;2, 0 %, 0 MiB, 11.96 W;3, 0 %, 0 MiB, 9.07 W; @1786723270
0, 0 %, 0 MiB, 21.39 W;1, 0 %, 0 MiB, 23.36 W;2, 0 %, 0 MiB, 11.90 W;3, 0 %, 0 MiB, 8.89 W; @1786723274
0, 0 %, 0 MiB, 21.59 W;1, 0 %, 0 MiB, 22.83 W;2, 0 %, 0 MiB, 11.87 W;3, 0 %, 0 MiB, 9.02 W; @1786723277
0, 0 %, 0 MiB, 21.79 W;1, 0 %, 0 MiB, 23.23 W;2, 0 %, 0 MiB, 11.97 W;3, 0 %, 0 MiB, 8.59 W; @1786723280
0, 0 %, 0 MiB, 21.85 W;1, 0 %, 0 MiB, 23.17 W;2, 0 %, 0 MiB, 11.89 W;3, 0 %, 0 MiB, 8.91 W; @1786723283
0, 0 %, 0 MiB, 21.55 W;1, 0 %, 0 MiB, 22.54 W;2, 0 %, 0 MiB, 12.10 W;3, 0 %, 0 MiB, 7.80 W; @1786723286
0, 0 %, 0 MiB, 21.62 W;1, 0 %, 0 MiB, 22.81 W;2, 0 %, 0 MiB, 11.85 W;3, 0 %, 0 MiB, 8.60 W; @1786723289
0, 0 %, 0 MiB, 21.75 W;1, 0 %, 0 MiB, 23.13 W;2, 0 %, 0 MiB, 11.71 W;3, 0 %, 0 MiB, 8.76 W; @1786723292
0, 0 %, 0 MiB, 21.80 W;1, 0 %, 0 MiB, 22.60 W;2, 0 %, 0 MiB, 11.75 W;3, 0 %, 0 MiB, 8.83 W; @1786723295
0, 0 %, 0 MiB, 21.83 W;1, 0 %, 0 MiB, 23.02 W;2, 0 %, 0 MiB, 11.83 W;3, 0 %, 0 MiB, 8.76 W; @1786723298
0, 0 %, 0 MiB, 21.82 W;1, 0 %, 0 MiB, 22.77 W;2, 0 %, 0 MiB, 11.91 W;3, 0 %, 0 MiB, 8.89 W; @1786723301
0, 0 %, 0 MiB, 21.61 W;1, 0 %, 0 MiB, 22.51 W;2, 0 %, 0 MiB, 11.88 W;3, 0 %, 0 MiB, 8.22 W; @1786723305
0, 0 %, 0 MiB, 21.71 W;1, 0 %, 0 MiB, 22.70 W;2, 0 %, 0 MiB, 11.79 W;3, 0 %, 0 MiB, 8.94 W; @1786723308
0, 0 %, 0 MiB, 21.71 W;1, 0 %, 0 MiB, 23.10 W;2, 0 %, 0 MiB, 11.87 W;3, 0 %, 0 MiB, 8.93 W; @1786723311
0, 0 %, 0 MiB, 21.74 W;1, 0 %, 0 MiB, 22.87 W;2, 0 %, 0 MiB, 11.79 W;3, 0 %, 0 MiB, 8.82 W; @1786723314
0, 0 %, 0 MiB, 21.81 W;1, 0 %, 0 MiB, 22.38 W;2, 0 %, 0 MiB, 11.99 W;3, 0 %, 0 MiB, 9.06 W; @1786723317
0, 0 %, 0 MiB, 21.56 W;1, 0 %, 0 MiB, 22.67 W;2, 0 %, 0 MiB, 11.78 W;3, 0 %, 0 MiB, 9.12 W; @1786723320
0, 0 %, 0 MiB, 21.26 W;1, 0 %, 0 MiB, 22.32 W;2, 0 %, 0 MiB, 11.81 W;3, 0 %, 0 MiB, 9.14 W; @1786723323
0, 0 %, 0 MiB, 21.42 W;1, 0 %, 0 MiB, 22.06 W;2, 0 %, 0 MiB, 11.84 W;3, 0 %, 0 MiB, 9.01 W; @1786723326
0, 0 %, 0 MiB, 21.38 W;1, 0 %, 0 MiB, 22.02 W;2, 0 %, 0 MiB, 11.65 W;3, 0 %, 0 MiB, 9.03 W; @1786723329
0, 0 %, 0 MiB, 21.20 W;1, 0 %, 0 MiB, 21.61 W;2, 0 %, 0 MiB, 11.80 W;3, 0 %, 0 MiB, 9.05 W; @1786723332
0, 0 %, 0 MiB, 21.26 W;1, 0 %, 0 MiB, 22.75 W;2, 0 %, 0 MiB, 11.92 W;3, 0 %, 0 MiB, 8.64 W; @1786723336
0, 0 %, 0 MiB, 21.19 W;1, 0 %, 0 MiB, 22.46 W;2, 0 %, 0 MiB, 11.71 W;3, 0 %, 0 MiB, 8.60 W; @1786723339
0, 0 %, 0 MiB, 21.51 W;1, 0 %, 0 MiB, 22.69 W;2, 0 %, 0 MiB, 11.68 W;3, 0 %, 0 MiB, 8.65 W; @1786723342
0, 0 %, 0 MiB, 21.47 W;1, 0 %, 0 MiB, 21.59 W;2, 0 %, 0 MiB, 11.78 W;3, 0 %, 0 MiB, 8.72 W; @1786723345
0, 0 %, 0 MiB, 21.38 W;1, 0 %, 0 MiB, 21.96 W;2, 0 %, 0 MiB, 11.93 W;3, 0 %, 0 MiB, 8.60 W; @1786723348
0, 0 %, 0 MiB, 21.75 W;1, 0 %, 0 MiB, 22.07 W;2, 0 %, 0 MiB, 11.77 W;3, 0 %, 0 MiB, 8.69 W; @1786723351
0, 0 %, 0 MiB, 21.89 W;1, 0 %, 0 MiB, 22.84 W;2, 0 %, 0 MiB, 11.88 W;3, 0 %, 0 MiB, 8.37 W; @1786723354
0, 0 %, 0 MiB, 21.56 W;1, 0 %, 0 MiB, 22.68 W;2, 0 %, 0 MiB, 11.94 W;3, 0 %, 0 MiB, 6.76 W; @1786723357
0, 0 %, 0 MiB, 21.63 W;1, 0 %, 0 MiB, 22.26 W;2, 0 %, 0 MiB, 12.15 W;3, 0 %, 0 MiB, 8.83 W; @1786723360
0, 0 %, 0 MiB, 21.49 W;1, 0 %, 0 MiB, 21.99 W;2, 0 %, 0 MiB, 12.13 W;3, 0 %, 0 MiB, 8.64 W; @1786723364
0, 0 %, 0 MiB, 21.70 W;1, 0 %, 0 MiB, 22.24 W;2, 0 %, 0 MiB, 12.10 W;3, 0 %, 0 MiB, 8.60 W; @1786723367
0, 0 %, 0 MiB, 21.29 W;1, 0 %, 0 MiB, 22.11 W;2, 0 %, 0 MiB, 11.84 W;3, 0 %, 0 MiB, 8.67 W; @1786723370
0, 0 %, 0 MiB, 21.40 W;1, 0 %, 0 MiB, 22.55 W;2, 0 %, 0 MiB, 11.79 W;3, 0 %, 0 MiB, 8.65 W; @1786723373
0, 0 %, 0 MiB, 21.46 W;1, 0 %, 0 MiB, 22.63 W;2, 0 %, 0 MiB, 11.87 W;3, 0 %, 0 MiB, 8.14 W; @1786723376
0, 0 %, 0 MiB, 21.53 W;1, 0 %, 0 MiB, 22.13 W;2, 0 %, 0 MiB, 11.91 W;3, 0 %, 0 MiB, 8.46 W; @1786723379
0, 0 %, 0 MiB, 21.47 W;1, 0 %, 0 MiB, 22.39 W;2, 0 %, 0 MiB, 11.97 W;3, 0 %, 0 MiB, 8.37 W; @1786723382
0, 0 %, 0 MiB, 21.43 W;1, 0 %, 0 MiB, 21.89 W;2, 0 %, 0 MiB, 12.05 W;3, 0 %, 0 MiB, 8.46 W; @1786723385
0, 0 %, 0 MiB, 21.39 W;1, 0 %, 0 MiB, 21.41 W;2, 0 %, 0 MiB, 11.87 W;3, 0 %, 0 MiB, 8.61 W; @1786723388
0, 0 %, 0 MiB, 21.75 W;1, 0 %, 0 MiB, 21.85 W;2, 0 %, 0 MiB, 11.93 W;3, 0 %, 0 MiB, 8.40 W; @1786723391
0, 0 %, 0 MiB, 21.68 W;1, 0 %, 0 MiB, 21.95 W;2, 0 %, 0 MiB, 12.15 W;3, 0 %, 0 MiB, 7.62 W; @1786723395
0, 0 %, 0 MiB, 21.74 W;1, 0 %, 0 MiB, 21.84 W;2, 0 %, 0 MiB, 11.84 W;3, 0 %, 0 MiB, 8.37 W; @1786723398
0, 0 %, 0 MiB, 21.61 W;1, 0 %, 0 MiB, 21.94 W;2, 0 %, 0 MiB, 12.02 W;3, 0 %, 0 MiB, 8.52 W; @1786723401
0, 0 %, 0 MiB, 21.60 W;1, 0 %, 0 MiB, 21.78 W;2, 0 %, 0 MiB, 11.93 W;3, 0 %, 0 MiB, 8.48 W; @1786723404
0, 0 %, 0 MiB, 21.50 W;1, 0 %, 0 MiB, 21.64 W;2, 0 %, 0 MiB, 11.99 W;3, 0 %, 0 MiB, 8.62 W; @1786723407
0, 0 %, 0 MiB, 21.41 W;1, 0 %, 0 MiB, 21.87 W;2, 0 %, 0 MiB, 11.92 W;3, 0 %, 0 MiB, 8.62 W; @1786723410
0, 0 %, 0 MiB, 21.31 W;1, 0 %, 0 MiB, 21.43 W;2, 0 %, 0 MiB, 11.98 W;3, 0 %, 0 MiB, 7.29 W; @1786723413
0, 0 %, 0 MiB, 21.33 W;1, 0 %, 0 MiB, 21.88 W;2, 0 %, 0 MiB, 11.82 W;3, 0 %, 0 MiB, 8.73 W; @1786723416
0, 0 %, 0 MiB, 21.46 W;1, 0 %, 0 MiB, 21.86 W;2, 0 %, 0 MiB, 11.74 W;3, 0 %, 0 MiB, 8.20 W; @1786723419
0, 0 %, 0 MiB, 21.57 W;1, 0 %, 0 MiB, 22.23 W;2, 0 %, 0 MiB, 11.82 W;3, 0 %, 0 MiB, 8.55 W; @1786723422
0, 0 %, 0 MiB, 21.43 W;1, 0 %, 0 MiB, 23.00 W;2, 0 %, 0 MiB, 11.82 W;3, 0 %, 0 MiB, 8.16 W; @1786723426
0, 0 %, 0 MiB, 21.56 W;1, 0 %, 0 MiB, 21.71 W;2, 0 %, 0 MiB, 11.83 W;3, 0 %, 0 MiB, 8.32 W; @1786723429
0, 0 %, 0 MiB, 21.66 W;1, 0 %, 0 MiB, 22.73 W;2, 0 %, 0 MiB, 11.94 W;3, 0 %, 0 MiB, 7.19 W; @1786723432
0, 0 %, 0 MiB, 21.42 W;1, 0 %, 0 MiB, 22.42 W;2, 0 %, 0 MiB, 11.77 W;3, 0 %, 0 MiB, 8.41 W; @1786723435
0, 0 %, 0 MiB, 21.43 W;1, 0 %, 0 MiB, 22.06 W;2, 0 %, 0 MiB, 11.88 W;3, 0 %, 0 MiB, 8.78 W; @1786723438
0, 0 %, 0 MiB, 21.45 W;1, 0 %, 0 MiB, 21.82 W;2, 0 %, 0 MiB, 12.00 W;3, 0 %, 0 MiB, 8.70 W; @1786723441
0, 0 %, 0 MiB, 21.57 W;1, 0 %, 0 MiB, 22.47 W;2, 0 %, 0 MiB, 11.90 W;3, 0 %, 0 MiB, 8.66 W; @1786723444
0, 0 %, 0 MiB, 21.58 W;1, 0 %, 0 MiB, 22.30 W;2, 0 %, 0 MiB, 11.76 W;3, 0 %, 0 MiB, 8.71 W; @1786723447
0, 0 %, 0 MiB, 21.14 W;1, 0 %, 0 MiB, 22.12 W;2, 0 %, 0 MiB, 11.98 W;3, 0 %, 0 MiB, 7.82 W; @1786723450
0, 0 %, 0 MiB, 21.40 W;1, 0 %, 0 MiB, 22.19 W;2, 0 %, 0 MiB, 11.97 W;3, 0 %, 0 MiB, 8.55 W; @1786723453
0, 0 %, 0 MiB, 21.66 W;1, 0 %, 0 MiB, 21.76 W;2, 0 %, 0 MiB, 11.94 W;3, 0 %, 0 MiB, 8.68 W; @1786723457
0, 0 %, 0 MiB, 21.53 W;1, 0 %, 0 MiB, 22.30 W;2, 0 %, 0 MiB, 11.93 W;3, 0 %, 0 MiB, 8.67 W; @1786723460
0, 0 %, 0 MiB, 21.66 W;1, 0 %, 0 MiB, 22.03 W;2, 0 %, 0 MiB, 11.95 W;3, 0 %, 0 MiB, 8.60 W; @1786723463
0, 0 %, 0 MiB, 21.42 W;1, 0 %, 0 MiB, 22.46 W;2, 0 %, 0 MiB, 12.05 W;3, 0 %, 0 MiB, 8.52 W; @1786723466
0, 0 %, 0 MiB, 21.27 W;1, 0 %, 0 MiB, 22.58 W;2, 0 %, 0 MiB, 12.04 W;3, 0 %, 0 MiB, 7.57 W; @1786723469
0, 0 %, 0 MiB, 21.64 W;1, 0 %, 0 MiB, 22.33 W;2, 0 %, 0 MiB, 11.84 W;3, 0 %, 0 MiB, 8.60 W; @1786723472
0, 0 %, 0 MiB, 21.59 W;1, 0 %, 0 MiB, 22.48 W;2, 0 %, 0 MiB, 11.98 W;3, 0 %, 0 MiB, 8.56 W; @1786723475
0, 0 %, 0 MiB, 21.88 W;1, 0 %, 0 MiB, 22.48 W;2, 0 %, 0 MiB, 11.86 W;3, 0 %, 0 MiB, 8.47 W; @1786723478
0, 0 %, 0 MiB, 21.78 W;1, 0 %, 0 MiB, 21.99 W;2, 0 %, 0 MiB, 11.83 W;3, 0 %, 0 MiB, 8.60 W; @1786723481
0, 0 %, 0 MiB, 21.45 W;1, 0 %, 0 MiB, 22.35 W;2, 0 %, 0 MiB, 11.82 W;3, 0 %, 0 MiB, 8.65 W; @1786723484
0, 0 %, 0 MiB, 21.67 W;1, 0 %, 0 MiB, 22.14 W;2, 0 %, 0 MiB, 11.73 W;3, 0 %, 0 MiB, 8.65 W; @1786723488
0, 0 %, 0 MiB, 21.58 W;1, 0 %, 0 MiB, 22.18 W;2, 0 %, 0 MiB, 11.87 W;3, 0 %, 0 MiB, 8.82 W; @1786723491
0, 0 %, 0 MiB, 21.51 W;1, 0 %, 0 MiB, 22.20 W;2, 0 %, 0 MiB, 11.69 W;3, 0 %, 0 MiB, 8.77 W; @1786723494
0, 0 %, 0 MiB, 21.56 W;1, 0 %, 0 MiB, 22.94 W;2, 0 %, 0 MiB, 11.79 W;3, 0 %, 0 MiB, 8.48 W; @1786723497
0, 0 %, 0 MiB, 21.74 W;1, 0 %, 0 MiB, 22.87 W;2, 0 %, 0 MiB, 11.75 W;3, 0 %, 0 MiB, 8.43 W; @1786723500
0, 0 %, 0 MiB, 21.92 W;1, 0 %, 0 MiB, 23.29 W;2, 0 %, 0 MiB, 11.74 W;3, 0 %, 0 MiB, 8.66 W; @1786723503
0, 0 %, 0 MiB, 21.63 W;1, 0 %, 0 MiB, 22.26 W;2, 0 %, 0 MiB, 11.63 W;3, 0 %, 0 MiB, 8.55 W; @1786723506
0, 0 %, 0 MiB, 21.69 W;1, 0 %, 0 MiB, 22.00 W;2, 0 %, 0 MiB, 11.67 W;3, 0 %, 0 MiB, 8.49 W; @1786723509
0, 0 %, 0 MiB, 21.66 W;1, 0 %, 0 MiB, 23.24 W;2, 0 %, 0 MiB, 11.69 W;3, 0 %, 0 MiB, 8.53 W; @1786723512
0, 0 %, 0 MiB, 21.46 W;1, 0 %, 0 MiB, 22.37 W;2, 0 %, 0 MiB, 11.93 W;3, 0 %, 0 MiB, 8.86 W; @1786723515
0, 0 %, 0 MiB, 21.46 W;1, 0 %, 0 MiB, 22.77 W;2, 0 %, 0 MiB, 11.82 W;3, 0 %, 0 MiB, 8.71 W; @1786723519
0, 0 %, 0 MiB, 20.97 W;1, 0 %, 0 MiB, 22.43 W;2, 0 %, 0 MiB, 11.99 W;3, 0 %, 0 MiB, 8.67 W; @1786723522
0, 0 %, 0 MiB, 22.04 W;1, 0 %, 0 MiB, 21.78 W;2, 0 %, 0 MiB, 12.40 W;3, 0 %, 0 MiB, 8.82 W; @1786723525
0, 0 %, 0 MiB, 21.77 W;1, 0 %, 0 MiB, 21.88 W;2, 0 %, 0 MiB, 12.58 W;3, 0 %, 0 MiB, 9.05 W; @1786723528
0, 0 %, 0 MiB, 21.65 W;1, 0 %, 0 MiB, 21.86 W;2, 0 %, 0 MiB, 12.16 W;3, 0 %, 0 MiB, 9.41 W; @1786723531
0, 0 %, 0 MiB, 21.67 W;1, 0 %, 0 MiB, 21.46 W;2, 0 %, 0 MiB, 12.35 W;3, 0 %, 0 MiB, 9.20 W; @1786723534
0, 0 %, 0 MiB, 21.15 W;1, 0 %, 0 MiB, 21.62 W;2, 0 %, 0 MiB, 12.41 W;3, 0 %, 0 MiB, 7.57 W; @1786723537
0, 0 %, 0 MiB, 21.11 W;1, 0 %, 0 MiB, 21.63 W;2, 0 %, 0 MiB, 11.81 W;3, 0 %, 0 MiB, 7.51 W; @1786723540
0, 0 %, 0 MiB, 21.15 W;1, 0 %, 0 MiB, 21.28 W;2, 0 %, 0 MiB, 11.76 W;3, 0 %, 0 MiB, 7.44 W; @1786723543
0, 0 %, 0 MiB, 21.35 W;1, 0 %, 0 MiB, 21.97 W;2, 0 %, 0 MiB, 11.84 W;3, 0 %, 0 MiB, 7.28 W; @1786723546
0, 0 %, 0 MiB, 21.21 W;1, 0 %, 0 MiB, 23.01 W;2, 0 %, 0 MiB, 11.73 W;3, 0 %, 0 MiB, 7.59 W; @1786723550
0, 0 %, 0 MiB, 21.52 W;1, 0 %, 0 MiB, 21.91 W;2, 0 %, 0 MiB, 11.75 W;3, 0 %, 0 MiB, 7.36 W; @1786723553
0, 0 %, 0 MiB, 21.73 W;1, 0 %, 0 MiB, 22.10 W;2, 0 %, 0 MiB, 11.72 W;3, 0 %, 0 MiB, 7.23 W; @1786723556
0, 0 %, 0 MiB, 21.75 W;1, 0 %, 0 MiB, 22.00 W;2, 0 %, 0 MiB, 11.57 W;3, 0 %, 0 MiB, 7.24 W; @1786723559
0, 0 %, 0 MiB, 21.54 W;1, 0 %, 0 MiB, 22.21 W;2, 0 %, 0 MiB, 11.68 W;3, 0 %, 0 MiB, 7.51 W; @1786723562
0, 0 %, 0 MiB, 21.24 W;1, 0 %, 0 MiB, 22.73 W;2, 0 %, 0 MiB, 11.87 W;3, 0 %, 0 MiB, 7.43 W; @1786723565
0, 0 %, 0 MiB, 21.29 W;1, 0 %, 0 MiB, 22.53 W;2, 0 %, 0 MiB, 11.73 W;3, 0 %, 0 MiB, 7.38 W; @1786723568
0, 0 %, 0 MiB, 21.26 W;1, 0 %, 0 MiB, 22.41 W;2, 0 %, 0 MiB, 12.06 W;3, 0 %, 0 MiB, 7.29 W; @1786723571
0, 0 %, 0 MiB, 21.25 W;1, 0 %, 0 MiB, 21.92 W;2, 0 %, 0 MiB, 11.78 W;3, 0 %, 0 MiB, 7.36 W; @1786723574
0, 0 %, 0 MiB, 21.14 W;1, 0 %, 0 MiB, 22.38 W;2, 0 %, 0 MiB, 11.83 W;3, 0 %, 0 MiB, 7.39 W; @1786723578
0, 0 %, 0 MiB, 20.58 W;1, 0 %, 0 MiB, 22.84 W;2, 0 %, 0 MiB, 11.90 W;3, 0 %, 0 MiB, 7.27 W; @1786723581
0, 0 %, 0 MiB, 20.72 W;1, 0 %, 0 MiB, 22.73 W;2, 0 %, 0 MiB, 11.78 W;3, 0 %, 0 MiB, 7.26 W; @1786723584
0, 0 %, 0 MiB, 20.86 W;1, 0 %, 0 MiB, 22.35 W;2, 0 %, 0 MiB, 11.66 W;3, 0 %, 0 MiB, 7.39 W; @1786723587
0, 0 %, 0 MiB, 21.31 W;1, 0 %, 0 MiB, 23.00 W;2, 0 %, 0 MiB, 11.61 W;3, 0 %, 0 MiB, 7.48 W; @1786723590
0, 0 %, 0 MiB, 21.18 W;1, 0 %, 0 MiB, 22.72 W;2, 0 %, 0 MiB, 11.75 W;3, 0 %, 0 MiB, 7.56 W; @1786723593
0, 0 %, 0 MiB, 21.08 W;1, 0 %, 0 MiB, 22.55 W;2, 0 %, 0 MiB, 11.96 W;3, 0 %, 0 MiB, 7.26 W; @1786723596
0, 0 %, 0 MiB, 21.16 W;1, 0 %, 0 MiB, 22.21 W;2, 0 %, 0 MiB, 11.88 W;3, 0 %, 0 MiB, 7.46 W; @1786723599
0, 0 %, 0 MiB, 21.22 W;1, 0 %, 0 MiB, 22.20 W;2, 0 %, 0 MiB, 11.91 W;3, 0 %, 0 MiB, 7.29 W; @1786723602
0, 0 %, 0 MiB, 21.17 W;1, 0 %, 0 MiB, 21.77 W;2, 0 %, 0 MiB, 11.85 W;3, 0 %, 0 MiB, 7.32 W; @1786723606
0, 0 %, 0 MiB, 21.57 W;1, 0 %, 0 MiB, 23.12 W;2, 0 %, 0 MiB, 11.86 W;3, 0 %, 0 MiB, 7.39 W; @1786723609
0, 0 %, 0 MiB, 21.52 W;1, 0 %, 0 MiB, 22.79 W;2, 0 %, 0 MiB, 11.93 W;3, 0 %, 0 MiB, 7.82 W; @1786723612
0, 0 %, 0 MiB, 21.73 W;1, 0 %, 0 MiB, 22.60 W;2, 0 %, 0 MiB, 11.93 W;3, 0 %, 0 MiB, 8.57 W; @1786723615
0, 0 %, 0 MiB, 21.52 W;1, 0 %, 0 MiB, 22.97 W;2, 0 %, 0 MiB, 11.86 W;3, 0 %, 0 MiB, 8.52 W; @1786723618
0, 0 %, 0 MiB, 21.46 W;1, 0 %, 0 MiB, 22.59 W;2, 0 %, 0 MiB, 11.90 W;3, 0 %, 0 MiB, 8.68 W; @1786723621
0, 0 %, 0 MiB, 21.52 W;1, 0 %, 0 MiB, 22.40 W;2, 0 %, 0 MiB, 11.91 W;3, 0 %, 0 MiB, 8.60 W; @1786723624
0, 0 %, 0 MiB, 21.46 W;1, 0 %, 0 MiB, 22.94 W;2, 0 %, 0 MiB, 11.75 W;3, 0 %, 0 MiB, 8.56 W; @1786723627
0, 0 %, 0 MiB, 21.56 W;1, 0 %, 0 MiB, 22.40 W;2, 0 %, 0 MiB, 11.73 W;3, 0 %, 0 MiB, 8.11 W; @1786723630
0, 0 %, 0 MiB, 21.50 W;1, 0 %, 0 MiB, 21.82 W;2, 0 %, 0 MiB, 11.81 W;3, 0 %, 0 MiB, 8.83 W; @1786723633
0, 0 %, 0 MiB, 21.47 W;1, 0 %, 0 MiB, 22.24 W;2, 0 %, 0 MiB, 11.86 W;3, 0 %, 0 MiB, 8.53 W; @1786723637
0, 0 %, 0 MiB, 21.47 W;1, 0 %, 0 MiB, 22.03 W;2, 0 %, 0 MiB, 11.71 W;3, 0 %, 0 MiB, 8.56 W; @1786723640
0, 0 %, 0 MiB, 21.53 W;1, 0 %, 0 MiB, 22.43 W;2, 0 %, 0 MiB, 11.79 W;3, 0 %, 0 MiB, 8.76 W; @1786723643
0, 0 %, 0 MiB, 21.25 W;1, 0 %, 0 MiB, 22.33 W;2, 0 %, 0 MiB, 11.79 W;3, 0 %, 0 MiB, 8.48 W; @1786723646
0, 0 %, 0 MiB, 21.50 W;1, 0 %, 0 MiB, 22.53 W;2, 0 %, 0 MiB, 12.16 W;3, 0 %, 0 MiB, 7.86 W; @1786723649
0, 0 %, 0 MiB, 21.47 W;1, 0 %, 0 MiB, 22.34 W;2, 0 %, 0 MiB, 12.01 W;3, 0 %, 0 MiB, 8.57 W; @1786723652
0, 0 %, 0 MiB, 21.39 W;1, 0 %, 0 MiB, 22.17 W;2, 0 %, 0 MiB, 12.03 W;3, 0 %, 0 MiB, 8.72 W; @1786723655
0, 0 %, 0 MiB, 21.29 W;1, 0 %, 0 MiB, 22.61 W;2, 0 %, 0 MiB, 12.07 W;3, 0 %, 0 MiB, 8.74 W; @1786723658
0, 0 %, 0 MiB, 21.36 W;1, 0 %, 0 MiB, 22.40 W;2, 0 %, 0 MiB, 11.94 W;3, 0 %, 0 MiB, 8.73 W; @1786723661
0, 0 %, 0 MiB, 21.41 W;1, 0 %, 0 MiB, 22.09 W;2, 0 %, 0 MiB, 11.87 W;3, 0 %, 0 MiB, 8.76 W; @1786723664
0, 0 %, 0 MiB, 21.36 W;1, 0 %, 0 MiB, 22.99 W;2, 0 %, 0 MiB, 12.04 W;3, 0 %, 0 MiB, 8.66 W; @1786723668
0, 0 %, 0 MiB, 21.40 W;1, 0 %, 0 MiB, 22.29 W;2, 0 %, 0 MiB, 11.96 W;3, 0 %, 0 MiB, 8.82 W; @1786723671
0, 0 %, 0 MiB, 21.42 W;1, 0 %, 0 MiB, 22.38 W;2, 0 %, 0 MiB, 12.06 W;3, 0 %, 0 MiB, 8.79 W; @1786723674
0, 0 %, 0 MiB, 21.45 W;1, 0 %, 0 MiB, 22.71 W;2, 0 %, 0 MiB, 11.86 W;3, 0 %, 0 MiB, 8.61 W; @1786723677
0, 0 %, 0 MiB, 20.99 W;1, 0 %, 0 MiB, 22.58 W;2, 0 %, 0 MiB, 11.96 W;3, 0 %, 0 MiB, 8.42 W; @1786723680
0, 0 %, 0 MiB, 21.09 W;1, 0 %, 0 MiB, 22.18 W;2, 0 %, 0 MiB, 11.91 W;3, 0 %, 0 MiB, 8.46 W; @1786723683
0, 0 %, 0 MiB, 21.02 W;1, 0 %, 0 MiB, 22.64 W;2, 0 %, 0 MiB, 11.91 W;3, 0 %, 0 MiB, 8.65 W; @1786723686
0, 0 %, 0 MiB, 21.00 W;1, 0 %, 0 MiB, 22.54 W;2, 0 %, 0 MiB, 11.79 W;3, 0 %, 0 MiB, 8.44 W; @1786723689
0, 0 %, 0 MiB, 21.32 W;1, 0 %, 0 MiB, 22.35 W;2, 0 %, 0 MiB, 12.06 W;3, 0 %, 0 MiB, 8.86 W; @1786723692
0, 0 %, 0 MiB, 21.24 W;1, 0 %, 0 MiB, 22.71 W;2, 0 %, 0 MiB, 11.86 W;3, 0 %, 0 MiB, 8.80 W; @1786723695
0, 0 %, 0 MiB, 20.95 W;1, 0 %, 0 MiB, 22.64 W;2, 0 %, 0 MiB, 11.85 W;3, 0 %, 0 MiB, 8.64 W; @1786723699
0, 0 %, 0 MiB, 20.88 W;1, 0 %, 0 MiB, 22.25 W;2, 0 %, 0 MiB, 11.70 W;3, 0 %, 0 MiB, 8.16 W; @1786723702
0, 0 %, 0 MiB, 20.99 W;1, 0 %, 0 MiB, 22.12 W;2, 0 %, 0 MiB, 11.90 W;3, 0 %, 0 MiB, 8.49 W; @1786723705
0, 0 %, 0 MiB, 21.20 W;1, 0 %, 0 MiB, 22.41 W;2, 0 %, 0 MiB, 11.92 W;3, 0 %, 0 MiB, 8.78 W; @1786723708
0, 0 %, 0 MiB, 21.28 W;1, 0 %, 0 MiB, 21.92 W;2, 0 %, 0 MiB, 11.80 W;3, 0 %, 0 MiB, 8.65 W; @1786723711
0, 0 %, 0 MiB, 21.34 W;1, 0 %, 0 MiB, 21.89 W;2, 0 %, 0 MiB, 11.69 W;3, 0 %, 0 MiB, 8.67 W; @1786723714
0, 0 %, 0 MiB, 21.35 W;1, 0 %, 0 MiB, 22.38 W;2, 0 %, 0 MiB, 12.00 W;3, 0 %, 0 MiB, 8.80 W; @1786723717
0, 0 %, 0 MiB, 21.72 W;1, 0 %, 0 MiB, 22.34 W;2, 0 %, 0 MiB, 11.82 W;3, 0 %, 0 MiB, 7.93 W; @1786723720
0, 0 %, 0 MiB, 21.67 W;1, 0 %, 0 MiB, 22.69 W;2, 0 %, 0 MiB, 11.81 W;3, 0 %, 0 MiB, 8.79 W; @1786723723
0, 0 %, 0 MiB, 21.59 W;1, 0 %, 0 MiB, 23.14 W;2, 0 %, 0 MiB, 11.83 W;3, 0 %, 0 MiB, 8.65 W; @1786723726
0, 0 %, 0 MiB, 21.58 W;1, 0 %, 0 MiB, 22.86 W;2, 0 %, 0 MiB, 11.82 W;3, 0 %, 0 MiB, 8.72 W; @1786723730
0, 0 %, 0 MiB, 21.57 W;1, 0 %, 0 MiB, 22.98 W;2, 0 %, 0 MiB, 11.74 W;3, 0 %, 0 MiB, 8.63 W; @1786723733
0, 0 %, 0 MiB, 21.21 W;1, 0 %, 0 MiB, 23.40 W;2, 0 %, 0 MiB, 11.72 W;3, 0 %, 0 MiB, 8.59 W; @1786723736
0, 0 %, 0 MiB, 21.25 W;1, 0 %, 0 MiB, 23.17 W;2, 0 %, 0 MiB, 11.86 W;3, 0 %, 0 MiB, 7.67 W; @1786723739
0, 0 %, 0 MiB, 21.22 W;1, 0 %, 0 MiB, 23.20 W;2, 0 %, 0 MiB, 11.74 W;3, 0 %, 0 MiB, 8.88 W; @1786723742
0, 0 %, 0 MiB, 21.35 W;1, 0 %, 0 MiB, 22.66 W;2, 0 %, 0 MiB, 11.99 W;3, 0 %, 0 MiB, 8.90 W; @1786723745
0, 0 %, 0 MiB, 21.70 W;1, 0 %, 0 MiB, 22.85 W;2, 0 %, 0 MiB, 11.93 W;3, 0 %, 0 MiB, 8.68 W; @1786723748
0, 0 %, 0 MiB, 21.68 W;1, 0 %, 0 MiB, 23.02 W;2, 0 %, 0 MiB, 12.00 W;3, 0 %, 0 MiB, 8.69 W; @1786723751
0, 0 %, 0 MiB, 21.80 W;1, 0 %, 0 MiB, 22.87 W;2, 0 %, 0 MiB, 12.06 W;3, 0 %, 0 MiB, 8.47 W; @1786723754
0, 0 %, 0 MiB, 21.75 W;1, 0 %, 0 MiB, 22.42 W;2, 0 %, 0 MiB, 11.91 W;3, 0 %, 0 MiB, 8.21 W; @1786723757
0, 0 %, 0 MiB, 21.94 W;1, 0 %, 0 MiB, 22.89 W;2, 0 %, 0 MiB, 11.98 W;3, 0 %, 0 MiB, 8.88 W; @1786723761
0, 0 %, 0 MiB, 21.66 W;1, 0 %, 0 MiB, 22.28 W;2, 0 %, 0 MiB, 11.78 W;3, 0 %, 0 MiB, 9.00 W; @1786723764
0, 0 %, 0 MiB, 21.82 W;1, 0 %, 0 MiB, 22.62 W;2, 0 %, 0 MiB, 11.79 W;3, 0 %, 0 MiB, 8.78 W; @1786723767
0, 0 %, 0 MiB, 21.73 W;1, 0 %, 0 MiB, 22.65 W;2, 0 %, 0 MiB, 11.61 W;3, 0 %, 0 MiB, 8.85 W; @1786723770
0, 0 %, 0 MiB, 21.76 W;1, 0 %, 0 MiB, 22.49 W;2, 0 %, 0 MiB, 11.83 W;3, 0 %, 0 MiB, 8.88 W; @1786723773
0, 0 %, 0 MiB, 21.55 W;1, 0 %, 0 MiB, 22.75 W;2, 0 %, 0 MiB, 11.93 W;3, 0 %, 0 MiB, 7.57 W; @1786723776
0, 0 %, 0 MiB, 21.80 W;1, 0 %, 0 MiB, 22.56 W;2, 0 %, 0 MiB, 11.77 W;3, 0 %, 0 MiB, 8.88 W; @1786723779
0, 0 %, 0 MiB, 21.83 W;1, 0 %, 0 MiB, 22.38 W;2, 0 %, 0 MiB, 11.98 W;3, 0 %, 0 MiB, 9.09 W; @1786723782
0, 0 %, 0 MiB, 21.54 W;1, 0 %, 0 MiB, 22.48 W;2, 0 %, 0 MiB, 11.99 W;3, 0 %, 0 MiB, 8.71 W; @1786723785
0, 0 %, 0 MiB, 21.66 W;1, 0 %, 0 MiB, 22.37 W;2, 0 %, 0 MiB, 11.98 W;3, 0 %, 0 MiB, 8.55 W; @1786723788
0, 0 %, 0 MiB, 21.61 W;1, 0 %, 0 MiB, 22.44 W;2, 0 %, 0 MiB, 11.93 W;3, 0 %, 0 MiB, 8.88 W; @1786723792
0, 0 %, 0 MiB, 21.32 W;1, 0 %, 0 MiB, 23.14 W;2, 0 %, 0 MiB, 11.96 W;3, 0 %, 0 MiB, 8.52 W; @1786723795
0, 0 %, 0 MiB, 21.32 W;1, 0 %, 0 MiB, 22.76 W;2, 0 %, 0 MiB, 11.79 W;3, 0 %, 0 MiB, 8.80 W; @1786723798
0, 0 %, 0 MiB, 21.57 W;1, 0 %, 0 MiB, 23.09 W;2, 0 %, 0 MiB, 11.97 W;3, 0 %, 0 MiB, 8.80 W; @1786723801
0, 0 %, 0 MiB, 21.41 W;1, 0 %, 0 MiB, 23.11 W;2, 0 %, 0 MiB, 11.77 W;3, 0 %, 0 MiB, 8.76 W; @1786723804
0, 0 %, 0 MiB, 21.47 W;1, 0 %, 0 MiB, 22.92 W;2, 0 %, 0 MiB, 12.07 W;3, 0 %, 0 MiB, 8.43 W; @1786723807
0, 0 %, 0 MiB, 21.52 W;1, 0 %, 0 MiB, 22.76 W;2, 0 %, 0 MiB, 12.05 W;3, 0 %, 0 MiB, 8.62 W; @1786723810
0, 0 %, 0 MiB, 21.55 W;1, 0 %, 0 MiB, 23.02 W;2, 0 %, 0 MiB, 12.10 W;3, 0 %, 0 MiB, 8.23 W; @1786723813
0, 0 %, 0 MiB, 21.45 W;1, 0 %, 0 MiB, 22.75 W;2, 0 %, 0 MiB, 12.15 W;3, 0 %, 0 MiB, 8.36 W; @1786723816
0, 0 %, 0 MiB, 21.48 W;1, 0 %, 0 MiB, 23.03 W;2, 0 %, 0 MiB, 11.90 W;3, 0 %, 0 MiB, 8.92 W; @1786723819
0, 0 %, 0 MiB, 21.64 W;1, 0 %, 0 MiB, 22.32 W;2, 0 %, 0 MiB, 11.87 W;3, 0 %, 0 MiB, 8.73 W; @1786723823
0, 0 %, 0 MiB, 21.86 W;1, 0 %, 0 MiB, 22.90 W;2, 0 %, 0 MiB, 11.93 W;3, 0 %, 0 MiB, 8.74 W; @1786723826
0, 0 %, 0 MiB, 21.93 W;1, 0 %, 0 MiB, 22.56 W;2, 0 %, 0 MiB, 11.90 W;3, 0 %, 0 MiB, 8.70 W; @1786723829
0, 0 %, 0 MiB, 21.95 W;1, 0 %, 0 MiB, 22.92 W;2, 0 %, 0 MiB, 11.96 W;3, 0 %, 0 MiB, 8.35 W; @1786723832
0, 0 %, 0 MiB, 21.80 W;1, 0 %, 0 MiB, 22.50 W;2, 0 %, 0 MiB, 12.06 W;3, 0 %, 0 MiB, 8.53 W; @1786723835
0, 0 %, 0 MiB, 21.07 W;1, 0 %, 0 MiB, 23.03 W;2, 0 %, 0 MiB, 12.00 W;3, 0 %, 0 MiB, 8.73 W; @1786723838
0, 0 %, 0 MiB, 21.58 W;1, 0 %, 0 MiB, 22.98 W;2, 0 %, 0 MiB, 12.12 W;3, 0 %, 0 MiB, 8.36 W; @1786723841
0, 0 %, 0 MiB, 21.14 W;1, 0 %, 0 MiB, 22.82 W;2, 0 %, 0 MiB, 11.99 W;3, 0 %, 0 MiB, 8.52 W; @1786723844
0, 0 %, 0 MiB, 20.98 W;1, 0 %, 0 MiB, 22.71 W;2, 0 %, 0 MiB, 11.73 W;3, 0 %, 0 MiB, 8.50 W; @1786723847
0, 0 %, 0 MiB, 21.09 W;1, 0 %, 0 MiB, 22.96 W;2, 0 %, 0 MiB, 12.01 W;3, 0 %, 0 MiB, 8.71 W; @1786723850
0, 0 %, 0 MiB, 21.41 W;1, 0 %, 0 MiB, 22.90 W;2, 0 %, 0 MiB, 12.17 W;3, 0 %, 0 MiB, 8.54 W; @1786723854
0, 0 %, 0 MiB, 21.34 W;1, 0 %, 0 MiB, 23.30 W;2, 0 %, 0 MiB, 12.00 W;3, 0 %, 0 MiB, 8.65 W; @1786723857
0, 0 %, 0 MiB, 21.26 W;1, 0 %, 0 MiB, 22.86 W;2, 0 %, 0 MiB, 11.81 W;3, 0 %, 0 MiB, 8.69 W; @1786723860
0, 0 %, 0 MiB, 21.36 W;1, 0 %, 0 MiB, 22.51 W;2, 0 %, 0 MiB, 11.75 W;3, 0 %, 0 MiB, 8.75 W; @1786723863
0, 0 %, 0 MiB, 21.36 W;1, 0 %, 0 MiB, 22.25 W;2, 0 %, 0 MiB, 11.73 W;3, 0 %, 0 MiB, 8.66 W; @1786723866
0, 0 %, 0 MiB, 21.34 W;1, 0 %, 0 MiB, 22.34 W;2, 0 %, 0 MiB, 11.73 W;3, 0 %, 0 MiB, 8.81 W; @1786723869
0, 0 %, 0 MiB, 21.49 W;1, 0 %, 0 MiB, 22.79 W;2, 0 %, 0 MiB, 11.99 W;3, 0 %, 0 MiB, 8.58 W; @1786723872
0, 0 %, 0 MiB, 21.47 W;1, 0 %, 0 MiB, 22.61 W;2, 0 %, 0 MiB, 11.92 W;3, 0 %, 0 MiB, 8.53 W; @1786723875
0, 0 %, 0 MiB, 21.61 W;1, 0 %, 0 MiB, 22.88 W;2, 0 %, 0 MiB, 12.05 W;3, 0 %, 0 MiB, 8.92 W; @1786723878
0, 0 %, 0 MiB, 21.52 W;1, 0 %, 0 MiB, 23.46 W;2, 0 %, 0 MiB, 12.00 W;3, 0 %, 0 MiB, 8.85 W; @1786723881
0, 0 %, 0 MiB, 21.47 W;1, 0 %, 0 MiB, 22.15 W;2, 0 %, 0 MiB, 11.94 W;3, 0 %, 0 MiB, 8.28 W; @1786723885
0, 0 %, 0 MiB, 21.57 W;1, 0 %, 0 MiB, 22.51 W;2, 0 %, 0 MiB, 11.90 W;3, 0 %, 0 MiB, 8.91 W; @1786723888
0, 0 %, 0 MiB, 21.88 W;1, 0 %, 0 MiB, 22.83 W;2, 0 %, 0 MiB, 11.78 W;3, 0 %, 0 MiB, 8.72 W; @1786723891
0, 0 %, 0 MiB, 21.80 W;1, 0 %, 0 MiB, 23.15 W;2, 0 %, 0 MiB, 11.92 W;3, 0 %, 0 MiB, 8.51 W; @1786723894
0, 0 %, 0 MiB, 21.46 W;1, 0 %, 0 MiB, 22.61 W;2, 0 %, 0 MiB, 11.82 W;3, 0 %, 0 MiB, 8.83 W; @1786723897
0, 0 %, 0 MiB, 21.63 W;1, 0 %, 0 MiB, 23.00 W;2, 0 %, 0 MiB, 11.80 W;3, 0 %, 0 MiB, 8.57 W; @1786723900
0, 0 %, 0 MiB, 21.86 W;1, 0 %, 0 MiB, 23.17 W;2, 0 %, 0 MiB, 12.06 W;3, 0 %, 0 MiB, 7.58 W; @1786723903
0, 0 %, 0 MiB, 21.92 W;1, 0 %, 0 MiB, 22.44 W;2, 0 %, 0 MiB, 12.02 W;3, 0 %, 0 MiB, 8.55 W; @1786723906
0, 0 %, 0 MiB, 21.95 W;1, 0 %, 0 MiB, 22.76 W;2, 0 %, 0 MiB, 11.88 W;3, 0 %, 0 MiB, 8.80 W; @1786723909
0, 0 %, 0 MiB, 22.38 W;1, 0 %, 0 MiB, 23.46 W;2, 0 %, 0 MiB, 12.08 W;3, 0 %, 0 MiB, 8.84 W; @1786723912
0, 0 %, 0 MiB, 21.85 W;1, 0 %, 0 MiB, 22.66 W;2, 0 %, 0 MiB, 11.91 W;3, 0 %, 0 MiB, 8.69 W; @1786723916
0, 0 %, 0 MiB, 21.76 W;1, 0 %, 0 MiB, 22.33 W;2, 0 %, 0 MiB, 11.93 W;3, 0 %, 0 MiB, 8.86 W; @1786723919
0, 0 %, 0 MiB, 21.94 W;1, 0 %, 0 MiB, 22.58 W;2, 0 %, 0 MiB, 11.84 W;3, 0 %, 0 MiB, 7.82 W; @1786723922
0, 0 %, 0 MiB, 21.76 W;1, 0 %, 0 MiB, 22.91 W;2, 0 %, 0 MiB, 11.89 W;3, 0 %, 0 MiB, 8.51 W; @1786723925
0, 0 %, 0 MiB, 21.63 W;1, 0 %, 0 MiB, 22.56 W;2, 0 %, 0 MiB, 12.20 W;3, 0 %, 0 MiB, 8.61 W; @1786723928
0, 0 %, 0 MiB, 21.77 W;1, 0 %, 0 MiB, 23.20 W;2, 0 %, 0 MiB, 11.89 W;3, 0 %, 0 MiB, 8.84 W; @1786723931
0, 0 %, 0 MiB, 21.63 W;1, 0 %, 0 MiB, 22.20 W;2, 0 %, 0 MiB, 12.15 W;3, 0 %, 0 MiB, 8.63 W; @1786723934
0, 0 %, 0 MiB, 21.93 W;1, 0 %, 0 MiB, 23.51 W;2, 0 %, 0 MiB, 11.74 W;3, 0 %, 0 MiB, 8.66 W; @1786723937
0, 0 %, 0 MiB, 21.77 W;1, 0 %, 0 MiB, 23.26 W;2, 0 %, 0 MiB, 11.73 W;3, 0 %, 0 MiB, 7.42 W; @1786723940
0, 0 %, 0 MiB, 21.53 W;1, 0 %, 0 MiB, 23.63 W;2, 0 %, 0 MiB, 11.87 W;3, 0 %, 0 MiB, 8.76 W; @1786723943
0, 0 %, 0 MiB, 21.82 W;1, 0 %, 0 MiB, 22.75 W;2, 0 %, 0 MiB, 11.97 W;3, 0 %, 0 MiB, 8.96 W; @1786723946
0, 0 %, 0 MiB, 21.57 W;1, 0 %, 0 MiB, 23.09 W;2, 0 %, 0 MiB, 11.85 W;3, 0 %, 0 MiB, 8.70 W; @1786723950
0, 0 %, 0 MiB, 21.75 W;1, 0 %, 0 MiB, 23.42 W;2, 0 %, 0 MiB, 11.98 W;3, 0 %, 0 MiB, 8.74 W; @1786723953
0, 0 %, 0 MiB, 21.51 W;1, 0 %, 0 MiB, 23.36 W;2, 0 %, 0 MiB, 11.92 W;3, 0 %, 0 MiB, 8.50 W; @1786723956
0, 0 %, 0 MiB, 21.55 W;1, 0 %, 0 MiB, 23.11 W;2, 0 %, 0 MiB, 11.94 W;3, 0 %, 0 MiB, 7.30 W; @1786723959
0, 0 %, 0 MiB, 21.49 W;1, 0 %, 0 MiB, 23.03 W;2, 0 %, 0 MiB, 11.89 W;3, 0 %, 0 MiB, 8.73 W; @1786723962
0, 0 %, 0 MiB, 21.35 W;1, 0 %, 0 MiB, 23.46 W;2, 0 %, 0 MiB, 12.03 W;3, 0 %, 0 MiB, 8.72 W; @1786723965
0, 0 %, 0 MiB, 21.08 W;1, 0 %, 0 MiB, 22.97 W;2, 0 %, 0 MiB, 11.97 W;3, 0 %, 0 MiB, 8.65 W; @1786723968
0, 0 %, 0 MiB, 21.42 W;1, 0 %, 0 MiB, 23.18 W;2, 0 %, 0 MiB, 11.91 W;3, 0 %, 0 MiB, 8.85 W; @1786723971
0, 0 %, 0 MiB, 20.95 W;1, 0 %, 0 MiB, 23.01 W;2, 0 %, 0 MiB, 11.92 W;3, 0 %, 0 MiB, 8.42 W; @1786723974
0, 0 %, 0 MiB, 21.03 W;1, 0 %, 0 MiB, 23.63 W;2, 0 %, 0 MiB, 11.96 W;3, 0 %, 0 MiB, 7.45 W; @1786723977
0, 0 %, 0 MiB, 21.29 W;1, 0 %, 0 MiB, 22.91 W;2, 0 %, 0 MiB, 11.99 W;3, 0 %, 0 MiB, 8.23 W; @1786723981
0, 0 %, 0 MiB, 21.41 W;1, 0 %, 0 MiB, 22.35 W;2, 0 %, 0 MiB, 12.14 W;3, 0 %, 0 MiB, 8.41 W; @1786723984
0, 0 %, 0 MiB, 21.25 W;1, 0 %, 0 MiB, 22.27 W;2, 0 %, 0 MiB, 11.96 W;3, 0 %, 0 MiB, 8.26 W; @1786723987
0, 0 %, 0 MiB, 21.17 W;1, 0 %, 0 MiB, 22.53 W;2, 0 %, 0 MiB, 11.98 W;3, 0 %, 0 MiB, 8.36 W; @1786723990
0, 0 %, 0 MiB, 21.66 W;1, 0 %, 0 MiB, 23.02 W;2, 0 %, 0 MiB, 11.87 W;3, 0 %, 0 MiB, 8.51 W; @1786723993
0, 0 %, 0 MiB, 21.44 W;1, 0 %, 0 MiB, 22.90 W;2, 0 %, 0 MiB, 11.85 W;3, 0 %, 0 MiB, 7.29 W; @1786723996
0, 0 %, 0 MiB, 21.29 W;1, 0 %, 0 MiB, 23.56 W;2, 0 %, 0 MiB, 11.93 W;3, 0 %, 0 MiB, 8.48 W; @1786723999
0, 0 %, 0 MiB, 21.31 W;1, 0 %, 0 MiB, 23.11 W;2, 0 %, 0 MiB, 11.95 W;3, 0 %, 0 MiB, 8.32 W; @1786724002
0, 0 %, 0 MiB, 21.64 W;1, 0 %, 0 MiB, 23.48 W;2, 0 %, 0 MiB, 12.00 W;3, 0 %, 0 MiB, 8.38 W; @1786724005
0, 0 %, 0 MiB, 21.45 W;1, 0 %, 0 MiB, 23.57 W;2, 0 %, 0 MiB, 11.94 W;3, 0 %, 0 MiB, 8.59 W; @1786724008
0, 0 %, 0 MiB, 21.30 W;1, 0 %, 0 MiB, 23.08 W;2, 0 %, 0 MiB, 11.97 W;3, 0 %, 0 MiB, 8.61 W; @1786724012
0, 0 %, 0 MiB, 21.15 W;1, 0 %, 0 MiB, 22.66 W;2, 0 %, 0 MiB, 11.96 W;3, 0 %, 0 MiB, 8.64 W; @1786724015
0, 0 %, 0 MiB, 20.98 W;1, 0 %, 0 MiB, 23.07 W;2, 0 %, 0 MiB, 11.94 W;3, 0 %, 0 MiB, 8.69 W; @1786724018
0, 0 %, 0 MiB, 21.21 W;1, 0 %, 0 MiB, 23.43 W;2, 0 %, 0 MiB, 11.99 W;3, 0 %, 0 MiB, 8.56 W; @1786724021
0, 0 %, 0 MiB, 21.49 W;1, 0 %, 0 MiB, 23.08 W;2, 0 %, 0 MiB, 11.87 W;3, 0 %, 0 MiB, 8.65 W; @1786724024
0, 0 %, 0 MiB, 21.54 W;1, 0 %, 0 MiB, 23.26 W;2, 0 %, 0 MiB, 11.97 W;3, 0 %, 0 MiB, 8.64 W; @1786724027
0, 0 %, 0 MiB, 21.39 W;1, 0 %, 0 MiB, 23.44 W;2, 0 %, 0 MiB, 12.11 W;3, 0 %, 0 MiB, 8.65 W; @1786724030
0, 0 %, 0 MiB, 21.24 W;1, 0 %, 0 MiB, 24.35 W;2, 0 %, 0 MiB, 11.93 W;3, 0 %, 0 MiB, 8.81 W; @1786724033
0, 0 %, 0 MiB, 21.28 W;1, 0 %, 0 MiB, 24.23 W;2, 0 %, 0 MiB, 12.02 W;3, 0 %, 0 MiB, 8.63 W; @1786724036
0, 0 %, 0 MiB, 21.19 W;1, 0 %, 0 MiB, 23.21 W;2, 0 %, 0 MiB, 11.93 W;3, 0 %, 0 MiB, 8.64 W; @1786724040
0, 0 %, 0 MiB, 21.15 W;1, 0 %, 0 MiB, 22.96 W;2, 0 %, 0 MiB, 11.89 W;3, 0 %, 0 MiB, 8.67 W; @1786724043
0, 0 %, 0 MiB, 21.40 W;1, 0 %, 0 MiB, 23.10 W;2, 0 %, 0 MiB, 12.14 W;3, 0 %, 0 MiB, 8.75 W; @1786724046
0, 0 %, 0 MiB, 21.31 W;1, 0 %, 0 MiB, 23.92 W;2, 0 %, 0 MiB, 12.13 W;3, 0 %, 0 MiB, 8.72 W; @1786724049
0, 0 %, 0 MiB, 21.40 W;1, 0 %, 0 MiB, 23.66 W;2, 0 %, 0 MiB, 12.10 W;3, 0 %, 0 MiB, 8.21 W; @1786724052
0, 0 %, 0 MiB, 21.66 W;1, 0 %, 0 MiB, 24.11 W;2, 0 %, 0 MiB, 12.02 W;3, 0 %, 0 MiB, 8.84 W; @1786724055
0, 0 %, 0 MiB, 21.88 W;1, 0 %, 0 MiB, 24.23 W;2, 0 %, 0 MiB, 11.98 W;3, 0 %, 0 MiB, 8.53 W; @1786724058
0, 0 %, 0 MiB, 21.48 W;1, 0 %, 0 MiB, 23.58 W;2, 0 %, 0 MiB, 12.06 W;3, 0 %, 0 MiB, 8.62 W; @1786724061
0, 0 %, 0 MiB, 21.83 W;1, 0 %, 0 MiB, 23.42 W;2, 0 %, 0 MiB, 12.07 W;3, 0 %, 0 MiB, 8.64 W; @1786724064
0, 0 %, 0 MiB, 21.69 W;1, 0 %, 0 MiB, 23.58 W;2, 0 %, 0 MiB, 12.09 W;3, 0 %, 0 MiB, 8.26 W; @1786724067
0, 0 %, 0 MiB, 21.97 W;1, 0 %, 0 MiB, 23.00 W;2, 0 %, 0 MiB, 12.64 W;3, 0 %, 0 MiB, 9.33 W; @1786724071
0, 0 %, 0 MiB, 22.10 W;1, 0 %, 0 MiB, 23.13 W;2, 0 %, 0 MiB, 12.81 W;3, 0 %, 0 MiB, 9.34 W; @1786724074
0, 0 %, 0 MiB, 22.10 W;1, 0 %, 0 MiB, 22.81 W;2, 0 %, 0 MiB, 12.73 W;3, 0 %, 0 MiB, 9.45 W; @1786724077
0, 0 %, 0 MiB, 21.83 W;1, 0 %, 0 MiB, 22.74 W;2, 0 %, 0 MiB, 12.90 W;3, 0 %, 0 MiB, 9.53 W; @1786724080
0, 0 %, 0 MiB, 21.63 W;1, 0 %, 0 MiB, 23.23 W;2, 0 %, 0 MiB, 11.85 W;3, 0 %, 0 MiB, 7.95 W; @1786724083
0, 0 %, 0 MiB, 21.27 W;1, 0 %, 0 MiB, 23.54 W;2, 0 %, 0 MiB, 11.89 W;3, 0 %, 0 MiB, 7.12 W; @1786724086
0, 0 %, 0 MiB, 21.78 W;1, 0 %, 0 MiB, 23.17 W;2, 0 %, 0 MiB, 11.82 W;3, 0 %, 0 MiB, 7.23 W; @1786724089
0, 0 %, 0 MiB, 21.85 W;1, 0 %, 0 MiB, 22.80 W;2, 0 %, 0 MiB, 11.92 W;3, 0 %, 0 MiB, 7.62 W; @1786724092
0, 0 %, 0 MiB, 21.65 W;1, 0 %, 0 MiB, 23.34 W;2, 0 %, 0 MiB, 11.90 W;3, 0 %, 0 MiB, 7.46 W; @1786724095
0, 0 %, 0 MiB, 21.69 W;1, 0 %, 0 MiB, 22.31 W;2, 0 %, 0 MiB, 11.91 W;3, 0 %, 0 MiB, 7.34 W; @1786724098
0, 0 %, 0 MiB, 21.57 W;1, 0 %, 0 MiB, 22.60 W;2, 0 %, 0 MiB, 11.85 W;3, 0 %, 0 MiB, 7.21 W; @1786724102
0, 0 %, 509 MiB, 64.31 W;1, 0 %, 509 MiB, 56.08 W;2, 2 %, 509 MiB, 16.05 W;3, 0 %, 509 MiB, 9.24 W; @1786724105
0, 0 %, 0 MiB, 45.58 W;1, 0 %, 0 MiB, 58.71 W;2, 0 %, 0 MiB, 49.90 W;3, 0 %, 0 MiB, 22.00 W; @1786724108
0, 0 %, 0 MiB, 21.72 W;1, 0 %, 0 MiB, 23.70 W;2, 0 %, 0 MiB, 12.71 W;3, 0 %, 0 MiB, 7.21 W; @1786724111
0, 0 %, 0 MiB, 21.42 W;1, 0 %, 0 MiB, 23.68 W;2, 0 %, 0 MiB, 11.94 W;3, 0 %, 0 MiB, 7.08 W; @1786724114
0, 0 %, 0 MiB, 21.74 W;1, 0 %, 0 MiB, 23.14 W;2, 0 %, 0 MiB, 11.98 W;3, 0 %, 0 MiB, 7.05 W; @1786724117
0, 0 %, 0 MiB, 21.61 W;1, 0 %, 0 MiB, 23.36 W;2, 0 %, 0 MiB, 12.08 W;3, 0 %, 0 MiB, 7.44 W; @1786724120
0, 0 %, 0 MiB, 21.72 W;1, 0 %, 0 MiB, 23.75 W;2, 0 %, 0 MiB, 12.13 W;3, 0 %, 0 MiB, 7.36 W; @1786724123
0, 0 %, 0 MiB, 21.59 W;1, 0 %, 0 MiB, 23.04 W;2, 0 %, 0 MiB, 12.10 W;3, 0 %, 0 MiB, 7.30 W; @1786724126
0, 0 %, 0 MiB, 21.67 W;1, 0 %, 0 MiB, 23.42 W;2, 0 %, 0 MiB, 12.14 W;3, 0 %, 0 MiB, 7.10 W; @1786724130
0, 0 %, 0 MiB, 21.79 W;1, 0 %, 0 MiB, 23.63 W;2, 0 %, 0 MiB, 12.26 W;3, 0 %, 0 MiB, 6.97 W; @1786724133
0, 0 %, 0 MiB, 21.70 W;1, 0 %, 0 MiB, 22.89 W;2, 0 %, 0 MiB, 12.35 W;3, 0 %, 0 MiB, 7.25 W; @1786724136
0, 0 %, 0 MiB, 21.80 W;1, 0 %, 0 MiB, 22.93 W;2, 0 %, 0 MiB, 12.06 W;3, 0 %, 0 MiB, 7.18 W; @1786724139
0, 0 %, 0 MiB, 21.65 W;1, 0 %, 0 MiB, 23.08 W;2, 0 %, 0 MiB, 12.12 W;3, 0 %, 0 MiB, 7.16 W; @1786724143
0, 0 %, 0 MiB, 21.49 W;1, 0 %, 0 MiB, 23.62 W;2, 0 %, 0 MiB, 11.93 W;3, 0 %, 0 MiB, 6.95 W; @1786724146
0, 0 %, 0 MiB, 21.54 W;1, 0 %, 0 MiB, 23.56 W;2, 0 %, 0 MiB, 12.03 W;3, 0 %, 0 MiB, 7.32 W; @1786724149
0, 0 %, 0 MiB, 21.31 W;1, 0 %, 0 MiB, 22.98 W;2, 0 %, 0 MiB, 12.22 W;3, 0 %, 0 MiB, 7.43 W; @1786724152
0, 0 %, 0 MiB, 21.31 W;1, 0 %, 0 MiB, 23.68 W;2, 0 %, 0 MiB, 12.16 W;3, 0 %, 0 MiB, 7.03 W; @1786724155
0, 0 %, 0 MiB, 21.28 W;1, 0 %, 0 MiB, 23.00 W;2, 0 %, 0 MiB, 12.05 W;3, 0 %, 0 MiB, 7.47 W; @1786724158
0, 0 %, 0 MiB, 21.93 W;1, 0 %, 0 MiB, 22.96 W;2, 0 %, 0 MiB, 12.11 W;3, 0 %, 0 MiB, 7.50 W; @1786724161
0, 0 %, 0 MiB, 21.82 W;1, 0 %, 0 MiB, 23.26 W;2, 0 %, 0 MiB, 12.23 W;3, 0 %, 0 MiB, 7.64 W; @1786724164
0, 0 %, 0 MiB, 21.82 W;1, 0 %, 0 MiB, 23.19 W;2, 0 %, 0 MiB, 12.20 W;3, 0 %, 0 MiB, 7.37 W; @1786724167
0, 0 %, 0 MiB, 21.62 W;1, 0 %, 0 MiB, 23.07 W;2, 0 %, 0 MiB, 12.05 W;3, 0 %, 0 MiB, 8.86 W; @1786724170
0, 0 %, 0 MiB, 21.83 W;1, 0 %, 0 MiB, 23.02 W;2, 0 %, 0 MiB, 12.02 W;3, 0 %, 0 MiB, 8.60 W; @1786724174
0, 0 %, 0 MiB, 22.03 W;1, 0 %, 0 MiB, 24.01 W;2, 0 %, 0 MiB, 11.91 W;3, 0 %, 0 MiB, 8.92 W; @1786724177
0, 0 %, 0 MiB, 22.01 W;1, 0 %, 0 MiB, 23.45 W;2, 0 %, 0 MiB, 11.67 W;3, 0 %, 0 MiB, 8.77 W; @1786724180
0, 0 %, 0 MiB, 21.84 W;1, 0 %, 0 MiB, 24.36 W;2, 0 %, 0 MiB, 11.88 W;3, 0 %, 0 MiB, 9.24 W; @1786724183
0, 0 %, 0 MiB, 21.57 W;1, 0 %, 0 MiB, 23.82 W;2, 0 %, 0 MiB, 11.94 W;3, 0 %, 0 MiB, 7.99 W; @1786724186
0, 0 %, 0 MiB, 21.38 W;1, 0 %, 0 MiB, 23.49 W;2, 0 %, 0 MiB, 12.02 W;3, 0 %, 0 MiB, 9.23 W; @1786724189
0, 0 %, 0 MiB, 21.60 W;1, 0 %, 0 MiB, 23.62 W;2, 0 %, 0 MiB, 11.85 W;3, 0 %, 0 MiB, 9.19 W; @1786724192
0, 0 %, 0 MiB, 21.59 W;1, 0 %, 0 MiB, 23.10 W;2, 0 %, 0 MiB, 12.03 W;3, 0 %, 0 MiB, 9.20 W; @1786724195
0, 0 %, 0 MiB, 21.58 W;1, 0 %, 0 MiB, 23.27 W;2, 0 %, 0 MiB, 12.21 W;3, 0 %, 0 MiB, 9.25 W; @1786724198
0, 0 %, 0 MiB, 21.83 W;1, 0 %, 0 MiB, 23.66 W;2, 0 %, 0 MiB, 11.94 W;3, 0 %, 0 MiB, 9.03 W; @1786724201
0, 0 %, 0 MiB, 21.31 W;1, 0 %, 0 MiB, 22.89 W;2, 0 %, 0 MiB, 12.20 W;3, 0 %, 0 MiB, 8.43 W; @1786724205
0, 0 %, 0 MiB, 21.57 W;1, 0 %, 0 MiB, 22.47 W;2, 0 %, 0 MiB, 12.22 W;3, 0 %, 0 MiB, 9.31 W; @1786724208
0, 0 %, 0 MiB, 21.67 W;1, 0 %, 0 MiB, 23.52 W;2, 0 %, 0 MiB, 12.29 W;3, 0 %, 0 MiB, 9.23 W; @1786724211
0, 0 %, 0 MiB, 21.68 W;1, 0 %, 0 MiB, 22.78 W;2, 0 %, 0 MiB, 12.18 W;3, 0 %, 0 MiB, 9.22 W; @1786724214
0, 0 %, 0 MiB, 21.39 W;1, 0 %, 0 MiB, 23.60 W;2, 0 %, 0 MiB, 12.18 W;3, 0 %, 0 MiB, 9.13 W; @1786724217
0, 0 %, 0 MiB, 21.15 W;1, 0 %, 0 MiB, 23.29 W;2, 0 %, 0 MiB, 12.25 W;3, 0 %, 0 MiB, 8.88 W; @1786724220
0, 0 %, 0 MiB, 21.62 W;1, 0 %, 0 MiB, 23.68 W;2, 0 %, 0 MiB, 11.99 W;3, 0 %, 0 MiB, 8.21 W; @1786724223
0, 0 %, 0 MiB, 21.60 W;1, 0 %, 0 MiB, 23.80 W;2, 0 %, 0 MiB, 12.04 W;3, 0 %, 0 MiB, 8.79 W; @1786724226
0, 0 %, 0 MiB, 21.73 W;1, 0 %, 0 MiB, 23.11 W;2, 0 %, 0 MiB, 12.25 W;3, 0 %, 0 MiB, 9.03 W; @1786724229
0, 0 %, 0 MiB, 21.45 W;1, 0 %, 0 MiB, 23.01 W;2, 0 %, 0 MiB, 12.25 W;3, 0 %, 0 MiB, 8.76 W; @1786724232
0, 0 %, 0 MiB, 21.71 W;1, 0 %, 0 MiB, 22.61 W;2, 0 %, 0 MiB, 12.12 W;3, 0 %, 0 MiB, 8.75 W; @1786724236
0, 0 %, 0 MiB, 21.24 W;1, 0 %, 0 MiB, 23.46 W;2, 0 %, 0 MiB, 12.02 W;3, 0 %, 0 MiB, 8.68 W; @1786724239
0, 0 %, 0 MiB, 21.76 W;1, 0 %, 0 MiB, 23.15 W;2, 0 %, 0 MiB, 12.22 W;3, 0 %, 0 MiB, 8.63 W; @1786724242
0, 0 %, 0 MiB, 21.64 W;1, 0 %, 0 MiB, 22.88 W;2, 0 %, 0 MiB, 12.21 W;3, 0 %, 0 MiB, 9.10 W; @1786724245
0, 0 %, 0 MiB, 21.65 W;1, 0 %, 0 MiB, 23.75 W;2, 0 %, 0 MiB, 12.26 W;3, 0 %, 0 MiB, 9.10 W; @1786724248
0, 0 %, 0 MiB, 21.40 W;1, 0 %, 0 MiB, 22.98 W;2, 0 %, 0 MiB, 12.26 W;3, 0 %, 0 MiB, 8.89 W; @1786724251
0, 0 %, 0 MiB, 21.52 W;1, 0 %, 0 MiB, 22.60 W;2, 0 %, 0 MiB, 11.91 W;3, 0 %, 0 MiB, 8.73 W; @1786724254
0, 0 %, 0 MiB, 21.45 W;1, 0 %, 0 MiB, 23.16 W;2, 0 %, 0 MiB, 12.28 W;3, 0 %, 0 MiB, 8.85 W; @1786724257
0, 0 %, 0 MiB, 20.85 W;1, 0 %, 0 MiB, 23.28 W;2, 0 %, 0 MiB, 12.03 W;3, 0 %, 0 MiB, 8.87 W; @1786724260
0, 0 %, 0 MiB, 21.30 W;1, 0 %, 0 MiB, 22.82 W;2, 0 %, 0 MiB, 12.01 W;3, 0 %, 0 MiB, 8.77 W; @1786724263
0, 0 %, 0 MiB, 21.41 W;1, 0 %, 0 MiB, 23.23 W;2, 0 %, 0 MiB, 12.16 W;3, 0 %, 0 MiB, 8.39 W; @1786724267
0, 0 %, 0 MiB, 21.44 W;1, 0 %, 0 MiB, 22.97 W;2, 0 %, 0 MiB, 11.86 W;3, 0 %, 0 MiB, 8.48 W; @1786724270
0, 0 %, 0 MiB, 21.44 W;1, 0 %, 0 MiB, 22.76 W;2, 0 %, 0 MiB, 11.93 W;3, 0 %, 0 MiB, 8.74 W; @1786724273
0, 0 %, 0 MiB, 21.59 W;1, 0 %, 0 MiB, 23.39 W;2, 0 %, 0 MiB, 12.03 W;3, 0 %, 0 MiB, 8.09 W; @1786724276
0, 0 %, 0 MiB, 21.52 W;1, 0 %, 0 MiB, 22.51 W;2, 0 %, 0 MiB, 11.97 W;3, 0 %, 0 MiB, 8.71 W; @1786724279
0, 0 %, 0 MiB, 21.50 W;1, 0 %, 0 MiB, 23.65 W;2, 0 %, 0 MiB, 12.22 W;3, 0 %, 0 MiB, 8.55 W; @1786724282
0, 0 %, 0 MiB, 21.72 W;1, 0 %, 0 MiB, 23.49 W;2, 0 %, 0 MiB, 12.07 W;3, 0 %, 0 MiB, 8.64 W; @1786724285
0, 0 %, 0 MiB, 21.83 W;1, 0 %, 0 MiB, 23.06 W;2, 0 %, 0 MiB, 12.04 W;3, 0 %, 0 MiB, 8.48 W; @1786724288
0, 0 %, 0 MiB, 21.89 W;1, 0 %, 0 MiB, 23.25 W;2, 0 %, 0 MiB, 12.27 W;3, 0 %, 0 MiB, 7.60 W; @1786724291
0, 0 %, 0 MiB, 21.89 W;1, 0 %, 0 MiB, 23.16 W;2, 0 %, 0 MiB, 12.22 W;3, 0 %, 0 MiB, 7.24 W; @1786724294
0, 0 %, 0 MiB, 22.09 W;1, 0 %, 0 MiB, 22.72 W;2, 0 %, 0 MiB, 11.98 W;3, 0 %, 0 MiB, 7.46 W; @1786724298
0, 0 %, 0 MiB, 21.82 W;1, 0 %, 0 MiB, 23.20 W;2, 0 %, 0 MiB, 12.13 W;3, 0 %, 0 MiB, 7.34 W; @1786724301
0, 0 %, 0 MiB, 21.67 W;1, 0 %, 0 MiB, 22.74 W;2, 0 %, 0 MiB, 12.15 W;3, 0 %, 0 MiB, 7.67 W; @1786724304
0, 0 %, 0 MiB, 22.57 W;1, 0 %, 0 MiB, 22.49 W;2, 0 %, 0 MiB, 12.68 W;3, 0 %, 0 MiB, 8.40 W; @1786724307
0, 0 %, 0 MiB, 22.65 W;1, 0 %, 0 MiB, 23.10 W;2, 0 %, 0 MiB, 12.52 W;3, 0 %, 0 MiB, 8.64 W; @1786724310
0, 0 %, 0 MiB, 22.58 W;1, 0 %, 0 MiB, 22.63 W;2, 0 %, 0 MiB, 12.68 W;3, 0 %, 0 MiB, 8.02 W; @1786724313
0, 0 %, 0 MiB, 22.44 W;1, 0 %, 0 MiB, 23.33 W;2, 0 %, 0 MiB, 12.83 W;3, 0 %, 0 MiB, 8.36 W; @1786724316
0, 0 %, 0 MiB, 22.71 W;1, 0 %, 0 MiB, 22.56 W;2, 0 %, 0 MiB, 12.74 W;3, 0 %, 0 MiB, 8.74 W; @1786724319
0, 0 %, 0 MiB, 22.49 W;1, 0 %, 0 MiB, 22.97 W;2, 0 %, 0 MiB, 12.57 W;3, 0 %, 0 MiB, 8.70 W; @1786724322
0, 0 %, 0 MiB, 22.55 W;1, 0 %, 0 MiB, 22.17 W;2, 0 %, 0 MiB, 12.68 W;3, 0 %, 0 MiB, 9.19 W; @1786724325
0, 0 %, 0 MiB, 22.46 W;1, 0 %, 0 MiB, 22.61 W;2, 0 %, 0 MiB, 12.58 W;3, 0 %, 0 MiB, 9.35 W; @1786724329
0, 0 %, 0 MiB, 22.65 W;1, 0 %, 0 MiB, 22.41 W;2, 0 %, 0 MiB, 12.94 W;3, 0 %, 0 MiB, 9.28 W; @1786724332
0, 0 %, 0 MiB, 22.25 W;1, 0 %, 0 MiB, 22.08 W;2, 0 %, 0 MiB, 12.81 W;3, 0 %, 0 MiB, 9.00 W; @1786724335
0, 0 %, 0 MiB, 22.66 W;1, 0 %, 0 MiB, 22.99 W;2, 0 %, 0 MiB, 13.03 W;3, 0 %, 0 MiB, 8.95 W; @1786724338
0, 0 %, 0 MiB, 21.41 W;1, 0 %, 0 MiB, 23.08 W;2, 0 %, 0 MiB, 12.65 W;3, 0 %, 0 MiB, 7.81 W; @1786724341
0, 0 %, 0 MiB, 21.26 W;1, 0 %, 0 MiB, 23.66 W;2, 0 %, 0 MiB, 12.19 W;3, 0 %, 0 MiB, 8.18 W; @1786724344
0, 0 %, 0 MiB, 21.36 W;1, 0 %, 0 MiB, 23.04 W;2, 0 %, 0 MiB, 12.27 W;3, 0 %, 0 MiB, 8.06 W; @1786724347
0, 0 %, 0 MiB, 21.56 W;1, 0 %, 0 MiB, 23.53 W;2, 0 %, 0 MiB, 11.94 W;3, 0 %, 0 MiB, 7.94 W; @1786724350
0, 0 %, 0 MiB, 21.57 W;1, 0 %, 0 MiB, 22.94 W;2, 0 %, 0 MiB, 12.13 W;3, 0 %, 0 MiB, 8.15 W; @1786724353
0, 0 %, 0 MiB, 21.49 W;1, 0 %, 0 MiB, 22.90 W;2, 0 %, 0 MiB, 12.38 W;3, 0 %, 0 MiB, 8.15 W; @1786724356
0, 0 %, 0 MiB, 21.34 W;1, 0 %, 0 MiB, 23.21 W;2, 0 %, 0 MiB, 12.16 W;3, 0 %, 0 MiB, 8.13 W; @1786724360
0, 0 %, 0 MiB, 21.20 W;1, 0 %, 0 MiB, 22.54 W;2, 0 %, 0 MiB, 12.07 W;3, 0 %, 0 MiB, 8.26 W; @1786724363
0, 0 %, 0 MiB, 21.48 W;1, 0 %, 0 MiB, 22.69 W;2, 0 %, 0 MiB, 12.21 W;3, 0 %, 0 MiB, 7.89 W; @1786724366
0, 0 %, 0 MiB, 21.59 W;1, 0 %, 0 MiB, 22.82 W;2, 0 %, 0 MiB, 12.03 W;3, 0 %, 0 MiB, 8.21 W; @1786724369
0, 0 %, 0 MiB, 21.36 W;1, 0 %, 0 MiB, 23.63 W;2, 0 %, 0 MiB, 12.33 W;3, 0 %, 0 MiB, 7.91 W; @1786724372
0, 0 %, 0 MiB, 21.88 W;1, 0 %, 0 MiB, 22.54 W;2, 0 %, 0 MiB, 12.29 W;3, 0 %, 0 MiB, 7.59 W; @1786724375
0, 0 %, 0 MiB, 21.89 W;1, 0 %, 0 MiB, 22.93 W;2, 0 %, 0 MiB, 12.22 W;3, 0 %, 0 MiB, 7.68 W; @1786724378
0, 0 %, 0 MiB, 21.77 W;1, 0 %, 0 MiB, 22.93 W;2, 0 %, 0 MiB, 12.22 W;3, 0 %, 0 MiB, 7.80 W; @1786724381
0, 0 %, 0 MiB, 21.84 W;1, 0 %, 0 MiB, 22.86 W;2, 0 %, 0 MiB, 12.20 W;3, 0 %, 0 MiB, 7.56 W; @1786724384
0, 0 %, 0 MiB, 21.72 W;1, 0 %, 0 MiB, 23.74 W;2, 0 %, 0 MiB, 12.08 W;3, 0 %, 0 MiB, 7.61 W; @1786724387
0, 0 %, 0 MiB, 21.40 W;1, 0 %, 0 MiB, 23.60 W;2, 0 %, 0 MiB, 12.05 W;3, 0 %, 0 MiB, 7.90 W; @1786724391
0, 0 %, 0 MiB, 22.08 W;1, 0 %, 0 MiB, 23.24 W;2, 0 %, 0 MiB, 12.31 W;3, 0 %, 0 MiB, 7.82 W; @1786724394
0, 0 %, 0 MiB, 21.80 W;1, 0 %, 0 MiB, 23.36 W;2, 0 %, 0 MiB, 12.10 W;3, 0 %, 0 MiB, 7.91 W; @1786724397
0, 0 %, 0 MiB, 21.62 W;1, 0 %, 0 MiB, 23.16 W;2, 0 %, 0 MiB, 12.18 W;3, 0 %, 0 MiB, 7.86 W; @1786724400
0, 0 %, 0 MiB, 21.65 W;1, 0 %, 0 MiB, 23.17 W;2, 0 %, 0 MiB, 12.31 W;3, 0 %, 0 MiB, 7.72 W; @1786724403
0, 0 %, 0 MiB, 21.67 W;1, 0 %, 0 MiB, 23.93 W;2, 0 %, 0 MiB, 12.05 W;3, 0 %, 0 MiB, 7.88 W; @1786724406
0, 0 %, 0 MiB, 21.27 W;1, 0 %, 0 MiB, 24.06 W;2, 0 %, 0 MiB, 12.10 W;3, 0 %, 0 MiB, 7.94 W; @1786724409
0, 0 %, 0 MiB, 21.44 W;1, 0 %, 0 MiB, 23.32 W;2, 0 %, 0 MiB, 12.56 W;3, 0 %, 0 MiB, 8.26 W; @1786724412
0, 0 %, 0 MiB, 21.56 W;1, 0 %, 0 MiB, 23.24 W;2, 0 %, 0 MiB, 12.34 W;3, 0 %, 0 MiB, 8.25 W; @1786724415
0, 0 %, 0 MiB, 21.73 W;1, 0 %, 0 MiB, 23.36 W;2, 0 %, 0 MiB, 12.10 W;3, 0 %, 0 MiB, 8.11 W; @1786724419
0, 0 %, 0 MiB, 21.80 W;1, 0 %, 0 MiB, 23.12 W;2, 0 %, 0 MiB, 12.12 W;3, 0 %, 0 MiB, 7.96 W; @1786724422
0, 0 %, 0 MiB, 21.72 W;1, 0 %, 0 MiB, 22.82 W;2, 0 %, 0 MiB, 11.96 W;3, 0 %, 0 MiB, 8.16 W; @1786724425
0, 0 %, 0 MiB, 21.67 W;1, 0 %, 0 MiB, 23.05 W;2, 0 %, 0 MiB, 12.06 W;3, 0 %, 0 MiB, 8.02 W; @1786724428
0, 0 %, 0 MiB, 21.67 W;1, 0 %, 0 MiB, 23.18 W;2, 0 %, 0 MiB, 11.98 W;3, 0 %, 0 MiB, 7.73 W; @1786724431
0, 0 %, 0 MiB, 21.43 W;1, 0 %, 0 MiB, 22.73 W;2, 0 %, 0 MiB, 12.06 W;3, 0 %, 0 MiB, 8.04 W; @1786724434
0, 0 %, 0 MiB, 21.71 W;1, 0 %, 0 MiB, 22.21 W;2, 0 %, 0 MiB, 12.03 W;3, 0 %, 0 MiB, 7.77 W; @1786724437
0, 0 %, 0 MiB, 21.93 W;1, 0 %, 0 MiB, 23.27 W;2, 0 %, 0 MiB, 12.08 W;3, 0 %, 0 MiB, 7.82 W; @1786724440
0, 0 %, 0 MiB, 22.46 W;1, 0 %, 0 MiB, 22.45 W;2, 0 %, 0 MiB, 11.91 W;3, 0 %, 0 MiB, 8.28 W; @1786724443
0, 0 %, 0 MiB, 21.95 W;1, 0 %, 0 MiB, 22.52 W;2, 0 %, 0 MiB, 11.90 W;3, 0 %, 0 MiB, 8.27 W; @1786724446
0, 0 %, 0 MiB, 21.70 W;1, 0 %, 0 MiB, 23.08 W;2, 0 %, 0 MiB, 12.04 W;3, 0 %, 0 MiB, 8.17 W; @1786724450
0, 0 %, 0 MiB, 21.88 W;1, 0 %, 0 MiB, 23.12 W;2, 0 %, 0 MiB, 12.11 W;3, 0 %, 0 MiB, 8.15 W; @1786724453
0, 0 %, 0 MiB, 21.67 W;1, 0 %, 0 MiB, 22.40 W;2, 0 %, 0 MiB, 12.11 W;3, 0 %, 0 MiB, 7.65 W; @1786724456
0, 0 %, 0 MiB, 21.74 W;1, 0 %, 0 MiB, 23.10 W;2, 0 %, 0 MiB, 12.00 W;3, 0 %, 0 MiB, 8.30 W; @1786724459
0, 0 %, 0 MiB, 21.58 W;1, 0 %, 0 MiB, 23.38 W;2, 0 %, 0 MiB, 12.06 W;3, 0 %, 0 MiB, 8.34 W; @1786724462
0, 0 %, 0 MiB, 21.88 W;1, 0 %, 0 MiB, 22.89 W;2, 0 %, 0 MiB, 12.03 W;3, 0 %, 0 MiB, 8.05 W; @1786724465
0, 0 %, 0 MiB, 21.70 W;1, 0 %, 0 MiB, 23.34 W;2, 0 %, 0 MiB, 11.99 W;3, 0 %, 0 MiB, 8.64 W; @1786724469
0, 0 %, 0 MiB, 21.96 W;1, 0 %, 0 MiB, 22.90 W;2, 0 %, 0 MiB, 12.23 W;3, 0 %, 0 MiB, 8.13 W; @1786724472
0, 0 %, 0 MiB, 21.85 W;1, 0 %, 0 MiB, 22.42 W;2, 0 %, 0 MiB, 11.96 W;3, 0 %, 0 MiB, 7.82 W; @1786724475
0, 0 %, 0 MiB, 21.86 W;1, 0 %, 0 MiB, 23.10 W;2, 0 %, 0 MiB, 12.13 W;3, 0 %, 0 MiB, 8.16 W; @1786724478
0, 0 %, 0 MiB, 21.93 W;1, 0 %, 0 MiB, 22.62 W;2, 0 %, 0 MiB, 12.01 W;3, 0 %, 0 MiB, 8.34 W; @1786724482
0, 0 %, 0 MiB, 21.65 W;1, 0 %, 0 MiB, 23.00 W;2, 0 %, 0 MiB, 12.10 W;3, 0 %, 0 MiB, 7.86 W; @1786724485
0, 0 %, 0 MiB, 21.98 W;1, 0 %, 0 MiB, 22.46 W;2, 0 %, 0 MiB, 11.94 W;3, 0 %, 0 MiB, 7.92 W; @1786724488
0, 0 %, 0 MiB, 21.66 W;1, 0 %, 0 MiB, 22.61 W;2, 0 %, 0 MiB, 12.08 W;3, 0 %, 0 MiB, 7.48 W; @1786724491
0, 0 %, 0 MiB, 21.73 W;1, 0 %, 0 MiB, 23.44 W;2, 0 %, 0 MiB, 12.04 W;3, 0 %, 0 MiB, 7.87 W; @1786724494
0, 0 %, 0 MiB, 21.27 W;1, 0 %, 0 MiB, 22.83 W;2, 0 %, 0 MiB, 11.98 W;3, 0 %, 0 MiB, 7.63 W; @1786724497
0, 0 %, 0 MiB, 21.58 W;1, 0 %, 0 MiB, 23.20 W;2, 0 %, 0 MiB, 11.78 W;3, 0 %, 0 MiB, 7.64 W; @1786724500
0, 0 %, 0 MiB, 21.43 W;1, 0 %, 0 MiB, 22.85 W;2, 0 %, 0 MiB, 11.73 W;3, 0 %, 0 MiB, 7.81 W; @1786724503
0, 0 %, 0 MiB, 21.68 W;1, 0 %, 0 MiB, 23.02 W;2, 0 %, 0 MiB, 11.83 W;3, 0 %, 0 MiB, 7.89 W; @1786724506
0, 0 %, 0 MiB, 21.77 W;1, 0 %, 0 MiB, 23.24 W;2, 0 %, 0 MiB, 11.93 W;3, 0 %, 0 MiB, 8.13 W; @1786724509
0, 0 %, 0 MiB, 21.97 W;1, 0 %, 0 MiB, 22.98 W;2, 0 %, 0 MiB, 12.15 W;3, 0 %, 0 MiB, 8.29 W; @1786724513
0, 0 %, 0 MiB, 21.74 W;1, 0 %, 0 MiB, 22.90 W;2, 0 %, 0 MiB, 12.20 W;3, 0 %, 0 MiB, 8.18 W; @1786724516
0, 0 %, 0 MiB, 21.80 W;1, 0 %, 0 MiB, 22.49 W;2, 0 %, 0 MiB, 12.03 W;3, 0 %, 0 MiB, 7.99 W; @1786724519
0, 0 %, 0 MiB, 22.02 W;1, 0 %, 0 MiB, 23.01 W;2, 0 %, 0 MiB, 11.96 W;3, 0 %, 0 MiB, 7.92 W; @1786724522
0, 0 %, 0 MiB, 21.71 W;1, 0 %, 0 MiB, 23.66 W;2, 0 %, 0 MiB, 11.96 W;3, 0 %, 0 MiB, 7.45 W; @1786724525
0, 0 %, 0 MiB, 21.73 W;1, 0 %, 0 MiB, 22.65 W;2, 0 %, 0 MiB, 11.90 W;3, 0 %, 0 MiB, 7.67 W; @1786724528
0, 0 %, 0 MiB, 21.78 W;1, 0 %, 0 MiB, 23.16 W;2, 0 %, 0 MiB, 12.00 W;3, 0 %, 0 MiB, 7.33 W; @1786724531
0, 0 %, 0 MiB, 21.62 W;1, 0 %, 0 MiB, 23.29 W;2, 0 %, 0 MiB, 11.87 W;3, 0 %, 0 MiB, 7.55 W; @1786724534
0, 0 %, 0 MiB, 21.41 W;1, 0 %, 0 MiB, 21.93 W;2, 0 %, 0 MiB, 12.08 W;3, 0 %, 0 MiB, 7.23 W; @1786724537
0, 0 %, 0 MiB, 21.81 W;1, 0 %, 0 MiB, 22.35 W;2, 0 %, 0 MiB, 12.04 W;3, 0 %, 0 MiB, 7.45 W; @1786724540
0, 0 %, 0 MiB, 21.81 W;1, 0 %, 0 MiB, 22.97 W;2, 0 %, 0 MiB, 11.96 W;3, 0 %, 0 MiB, 7.38 W; @1786724544
0, 0 %, 0 MiB, 21.46 W;1, 0 %, 0 MiB, 22.65 W;2, 0 %, 0 MiB, 11.94 W;3, 0 %, 0 MiB, 7.50 W; @1786724547
0, 0 %, 0 MiB, 21.77 W;1, 0 %, 0 MiB, 22.49 W;2, 0 %, 0 MiB, 12.16 W;3, 0 %, 0 MiB, 7.43 W; @1786724550
0, 0 %, 0 MiB, 21.55 W;1, 0 %, 0 MiB, 22.85 W;2, 0 %, 0 MiB, 11.72 W;3, 0 %, 0 MiB, 7.89 W; @1786724553
0, 0 %, 0 MiB, 21.71 W;1, 0 %, 0 MiB, 22.55 W;2, 0 %, 0 MiB, 12.01 W;3, 0 %, 0 MiB, 7.77 W; @1786724556
0, 0 %, 0 MiB, 21.80 W;1, 0 %, 0 MiB, 22.01 W;2, 0 %, 0 MiB, 11.76 W;3, 0 %, 0 MiB, 7.59 W; @1786724559
0, 0 %, 0 MiB, 21.47 W;1, 0 %, 0 MiB, 22.61 W;2, 0 %, 0 MiB, 11.87 W;3, 0 %, 0 MiB, 7.47 W; @1786724562
0, 0 %, 0 MiB, 21.82 W;1, 0 %, 0 MiB, 22.39 W;2, 0 %, 0 MiB, 11.79 W;3, 0 %, 0 MiB, 7.85 W; @1786724565
0, 0 %, 0 MiB, 21.65 W;1, 0 %, 0 MiB, 22.91 W;2, 0 %, 0 MiB, 11.97 W;3, 0 %, 0 MiB, 8.05 W; @1786724568
0, 0 %, 0 MiB, 22.02 W;1, 0 %, 0 MiB, 22.42 W;2, 0 %, 0 MiB, 12.04 W;3, 0 %, 0 MiB, 7.65 W; @1786724571
0, 0 %, 0 MiB, 22.16 W;1, 0 %, 0 MiB, 23.28 W;2, 0 %, 0 MiB, 11.98 W;3, 0 %, 0 MiB, 7.62 W; @1786724574
0, 0 %, 0 MiB, 21.89 W;1, 0 %, 0 MiB, 22.96 W;2, 0 %, 0 MiB, 11.99 W;3, 0 %, 0 MiB, 7.68 W; @1786724578
0, 0 %, 0 MiB, 21.62 W;1, 0 %, 0 MiB, 23.39 W;2, 0 %, 0 MiB, 11.91 W;3, 0 %, 0 MiB, 7.76 W; @1786724581
0, 0 %, 0 MiB, 21.91 W;1, 0 %, 0 MiB, 22.76 W;2, 0 %, 0 MiB, 11.81 W;3, 0 %, 0 MiB, 7.80 W; @1786724584
0, 0 %, 0 MiB, 21.95 W;1, 0 %, 0 MiB, 22.70 W;2, 0 %, 0 MiB, 11.94 W;3, 0 %, 0 MiB, 7.72 W; @1786724587
0, 0 %, 0 MiB, 21.88 W;1, 0 %, 0 MiB, 23.03 W;2, 0 %, 0 MiB, 11.96 W;3, 0 %, 0 MiB, 7.92 W; @1786724590
0, 0 %, 0 MiB, 21.82 W;1, 0 %, 0 MiB, 22.56 W;2, 0 %, 0 MiB, 11.85 W;3, 0 %, 0 MiB, 7.59 W; @1786724593
0, 0 %, 0 MiB, 21.61 W;1, 0 %, 0 MiB, 22.22 W;2, 0 %, 0 MiB, 11.76 W;3, 0 %, 0 MiB, 7.65 W; @1786724596
0, 0 %, 0 MiB, 21.47 W;1, 0 %, 0 MiB, 22.38 W;2, 0 %, 0 MiB, 11.92 W;3, 0 %, 0 MiB, 7.78 W; @1786724599
0, 0 %, 0 MiB, 21.74 W;1, 0 %, 0 MiB, 22.84 W;2, 0 %, 0 MiB, 12.03 W;3, 0 %, 0 MiB, 7.87 W; @1786724602
0, 0 %, 0 MiB, 21.89 W;1, 0 %, 0 MiB, 22.29 W;2, 0 %, 0 MiB, 11.97 W;3, 0 %, 0 MiB, 7.81 W; @1786724606
0, 0 %, 0 MiB, 21.60 W;1, 0 %, 0 MiB, 22.08 W;2, 0 %, 0 MiB, 11.78 W;3, 0 %, 0 MiB, 7.74 W; @1786724609
0, 0 %, 0 MiB, 21.66 W;1, 0 %, 0 MiB, 23.48 W;2, 0 %, 0 MiB, 11.84 W;3, 0 %, 0 MiB, 7.58 W; @1786724612
0, 0 %, 0 MiB, 21.98 W;1, 0 %, 0 MiB, 22.43 W;2, 0 %, 0 MiB, 13.03 W;3, 0 %, 0 MiB, 8.26 W; @1786724615
0, 0 %, 0 MiB, 21.84 W;1, 0 %, 0 MiB, 22.48 W;2, 0 %, 0 MiB, 12.47 W;3, 0 %, 0 MiB, 8.66 W; @1786724618
0, 0 %, 0 MiB, 21.96 W;1, 0 %, 0 MiB, 23.07 W;2, 0 %, 0 MiB, 12.61 W;3, 0 %, 0 MiB, 8.58 W; @1786724621
0, 0 %, 0 MiB, 22.07 W;1, 0 %, 0 MiB, 22.36 W;2, 0 %, 0 MiB, 12.59 W;3, 0 %, 0 MiB, 8.54 W; @1786724624
0, 0 %, 0 MiB, 22.15 W;1, 0 %, 0 MiB, 22.86 W;2, 0 %, 0 MiB, 12.67 W;3, 0 %, 0 MiB, 7.04 W; @1786724627
0, 0 %, 0 MiB, 21.44 W;1, 0 %, 0 MiB, 23.32 W;2, 0 %, 0 MiB, 12.19 W;3, 0 %, 0 MiB, 6.43 W; @1786724630
0, 0 %, 0 MiB, 21.41 W;1, 0 %, 0 MiB, 23.12 W;2, 0 %, 0 MiB, 11.92 W;3, 0 %, 0 MiB, 6.19 W; @1786724633
0, 0 %, 0 MiB, 21.53 W;1, 0 %, 0 MiB, 22.19 W;2, 0 %, 0 MiB, 11.95 W;3, 0 %, 0 MiB, 6.23 W; @1786724637
0, 0 %, 0 MiB, 21.54 W;1, 0 %, 0 MiB, 23.09 W;2, 0 %, 0 MiB, 12.00 W;3, 0 %, 0 MiB, 6.12 W; @1786724640
0, 0 %, 0 MiB, 21.95 W;1, 0 %, 0 MiB, 22.78 W;2, 0 %, 0 MiB, 11.93 W;3, 0 %, 0 MiB, 6.36 W; @1786724643
0, 0 %, 0 MiB, 21.61 W;1, 0 %, 0 MiB, 22.43 W;2, 0 %, 0 MiB, 12.02 W;3, 0 %, 0 MiB, 6.51 W; @1786724646
0, 0 %, 0 MiB, 21.68 W;1, 0 %, 0 MiB, 22.14 W;2, 0 %, 0 MiB, 12.24 W;3, 0 %, 0 MiB, 6.61 W; @1786724649
0, 0 %, 0 MiB, 21.71 W;1, 0 %, 0 MiB, 22.78 W;2, 0 %, 0 MiB, 12.28 W;3, 0 %, 0 MiB, 6.31 W; @1786724652
0, 0 %, 0 MiB, 21.60 W;1, 0 %, 0 MiB, 22.64 W;2, 0 %, 0 MiB, 12.19 W;3, 0 %, 0 MiB, 6.27 W; @1786724655
0, 0 %, 0 MiB, 21.80 W;1, 0 %, 0 MiB, 22.99 W;2, 0 %, 0 MiB, 12.24 W;3, 0 %, 0 MiB, 6.11 W; @1786724658
0, 0 %, 0 MiB, 21.57 W;1, 0 %, 0 MiB, 22.27 W;2, 0 %, 0 MiB, 12.20 W;3, 0 %, 0 MiB, 6.20 W; @1786724661
0, 0 %, 0 MiB, 21.03 W;1, 0 %, 0 MiB, 22.97 W;2, 0 %, 0 MiB, 12.16 W;3, 0 %, 0 MiB, 6.18 W; @1786724664
0, 0 %, 0 MiB, 20.88 W;1, 0 %, 0 MiB, 23.51 W;2, 0 %, 0 MiB, 12.22 W;3, 0 %, 0 MiB, 5.93 W; @1786724668
0, 0 %, 0 MiB, 21.22 W;1, 0 %, 0 MiB, 22.71 W;2, 0 %, 0 MiB, 12.14 W;3, 0 %, 0 MiB, 6.09 W; @1786724671
0, 0 %, 0 MiB, 21.35 W;1, 0 %, 0 MiB, 22.66 W;2, 0 %, 0 MiB, 12.03 W;3, 0 %, 0 MiB, 6.24 W; @1786724674
0, 0 %, 0 MiB, 21.24 W;1, 0 %, 0 MiB, 22.94 W;2, 0 %, 0 MiB, 12.11 W;3, 0 %, 0 MiB, 6.05 W; @1786724677
0, 0 %, 0 MiB, 21.42 W;1, 0 %, 0 MiB, 22.34 W;2, 0 %, 0 MiB, 12.20 W;3, 0 %, 0 MiB, 5.93 W; @1786724680
0, 0 %, 0 MiB, 21.61 W;1, 0 %, 0 MiB, 21.96 W;2, 0 %, 0 MiB, 12.31 W;3, 0 %, 0 MiB, 5.88 W; @1786724683
0, 0 %, 0 MiB, 21.43 W;1, 0 %, 0 MiB, 22.60 W;2, 0 %, 0 MiB, 12.31 W;3, 0 %, 0 MiB, 6.43 W; @1786724686
0, 0 %, 0 MiB, 21.42 W;1, 0 %, 0 MiB, 22.54 W;2, 0 %, 0 MiB, 12.33 W;3, 0 %, 0 MiB, 6.08 W; @1786724689
0, 0 %, 0 MiB, 21.53 W;1, 0 %, 0 MiB, 22.74 W;2, 0 %, 0 MiB, 12.10 W;3, 0 %, 0 MiB, 6.21 W; @1786724692
0, 0 %, 0 MiB, 21.86 W;1, 0 %, 0 MiB, 22.53 W;2, 0 %, 0 MiB, 12.08 W;3, 0 %, 0 MiB, 6.05 W; @1786724695
0, 0 %, 0 MiB, 21.81 W;1, 0 %, 0 MiB, 22.85 W;2, 0 %, 0 MiB, 12.23 W;3, 0 %, 0 MiB, 6.38 W; @1786724699
0, 0 %, 0 MiB, 21.88 W;1, 0 %, 0 MiB, 22.17 W;2, 0 %, 0 MiB, 12.19 W;3, 0 %, 0 MiB, 6.00 W; @1786724702
0, 0 %, 0 MiB, 22.18 W;1, 0 %, 0 MiB, 22.98 W;2, 0 %, 0 MiB, 12.48 W;3, 0 %, 0 MiB, 7.36 W; @1786724705
0, 0 %, 0 MiB, 21.86 W;1, 0 %, 0 MiB, 23.38 W;2, 0 %, 0 MiB, 12.11 W;3, 0 %, 0 MiB, 6.14 W; @1786724708
0, 0 %, 0 MiB, 22.08 W;1, 0 %, 0 MiB, 23.57 W;2, 0 %, 0 MiB, 12.13 W;3, 0 %, 0 MiB, 7.54 W; @1786724711
0, 0 %, 0 MiB, 21.56 W;1, 0 %, 0 MiB, 23.27 W;2, 0 %, 0 MiB, 12.05 W;3, 0 %, 0 MiB, 7.45 W; @1786724714
0, 0 %, 0 MiB, 21.50 W;1, 0 %, 0 MiB, 23.66 W;2, 0 %, 0 MiB, 12.12 W;3, 0 %, 0 MiB, 8.15 W; @1786724717
0, 0 %, 0 MiB, 21.53 W;1, 0 %, 0 MiB, 23.22 W;2, 0 %, 0 MiB, 12.07 W;3, 0 %, 0 MiB, 8.08 W; @1786724720
0, 0 %, 0 MiB, 21.91 W;1, 0 %, 0 MiB, 23.63 W;2, 0 %, 0 MiB, 11.97 W;3, 0 %, 0 MiB, 7.84 W; @1786724723
0, 0 %, 0 MiB, 22.02 W;1, 0 %, 0 MiB, 22.89 W;2, 0 %, 0 MiB, 12.01 W;3, 0 %, 0 MiB, 8.15 W; @1786724726
0, 0 %, 0 MiB, 21.86 W;1, 0 %, 0 MiB, 22.72 W;2, 0 %, 0 MiB, 12.17 W;3, 0 %, 0 MiB, 8.09 W; @1786724730
0, 0 %, 0 MiB, 21.98 W;1, 0 %, 0 MiB, 22.87 W;2, 0 %, 0 MiB, 12.01 W;3, 0 %, 0 MiB, 8.09 W; @1786724733
0, 0 %, 0 MiB, 21.81 W;1, 0 %, 0 MiB, 23.61 W;2, 0 %, 0 MiB, 12.29 W;3, 0 %, 0 MiB, 8.34 W; @1786724736
0, 0 %, 0 MiB, 21.61 W;1, 0 %, 0 MiB, 22.94 W;2, 0 %, 0 MiB, 11.99 W;3, 0 %, 0 MiB, 8.28 W; @1786724739
0, 0 %, 0 MiB, 21.81 W;1, 0 %, 0 MiB, 23.10 W;2, 0 %, 0 MiB, 11.90 W;3, 0 %, 0 MiB, 8.35 W; @1786724742
0, 0 %, 0 MiB, 21.72 W;1, 0 %, 0 MiB, 23.68 W;2, 0 %, 0 MiB, 11.92 W;3, 0 %, 0 MiB, 8.19 W; @1786724745
0, 0 %, 0 MiB, 21.82 W;1, 0 %, 0 MiB, 23.25 W;2, 0 %, 0 MiB, 11.84 W;3, 0 %, 0 MiB, 8.20 W; @1786724748
0, 0 %, 0 MiB, 21.67 W;1, 0 %, 0 MiB, 23.17 W;2, 0 %, 0 MiB, 12.00 W;3, 0 %, 0 MiB, 7.79 W; @1786724751
0, 0 %, 0 MiB, 21.87 W;1, 0 %, 0 MiB, 22.93 W;2, 0 %, 0 MiB, 12.03 W;3, 0 %, 0 MiB, 8.03 W; @1786724754
0, 0 %, 0 MiB, 21.93 W;1, 0 %, 0 MiB, 23.07 W;2, 0 %, 0 MiB, 12.17 W;3, 0 %, 0 MiB, 8.31 W; @1786724757
0, 0 %, 0 MiB, 21.56 W;1, 0 %, 0 MiB, 23.41 W;2, 0 %, 0 MiB, 11.96 W;3, 0 %, 0 MiB, 8.10 W; @1786724761
0, 0 %, 0 MiB, 21.82 W;1, 0 %, 0 MiB, 22.64 W;2, 0 %, 0 MiB, 11.85 W;3, 0 %, 0 MiB, 8.68 W; @1786724764
0, 0 %, 0 MiB, 21.73 W;1, 0 %, 0 MiB, 22.87 W;2, 0 %, 0 MiB, 12.02 W;3, 0 %, 0 MiB, 8.19 W; @1786724767
0, 0 %, 0 MiB, 21.61 W;1, 0 %, 0 MiB, 23.24 W;2, 0 %, 0 MiB, 12.00 W;3, 0 %, 0 MiB, 8.51 W; @1786724770
0, 0 %, 0 MiB, 21.81 W;1, 0 %, 0 MiB, 22.97 W;2, 0 %, 0 MiB, 12.01 W;3, 0 %, 0 MiB, 7.96 W; @1786724773
0, 0 %, 0 MiB, 21.69 W;1, 0 %, 0 MiB, 23.13 W;2, 0 %, 0 MiB, 11.87 W;3, 0 %, 0 MiB, 7.88 W; @1786724776
0, 0 %, 0 MiB, 21.62 W;1, 0 %, 0 MiB, 23.12 W;2, 0 %, 0 MiB, 11.94 W;3, 0 %, 0 MiB, 7.99 W; @1786724779
0, 0 %, 0 MiB, 21.76 W;1, 0 %, 0 MiB, 23.43 W;2, 0 %, 0 MiB, 12.02 W;3, 0 %, 0 MiB, 8.14 W; @1786724782
0, 0 %, 0 MiB, 21.66 W;1, 0 %, 0 MiB, 23.21 W;2, 0 %, 0 MiB, 11.95 W;3, 0 %, 0 MiB, 8.21 W; @1786724785
0, 0 %, 0 MiB, 21.83 W;1, 0 %, 0 MiB, 23.27 W;2, 0 %, 0 MiB, 11.91 W;3, 0 %, 0 MiB, 7.89 W; @1786724788
0, 0 %, 0 MiB, 21.96 W;1, 0 %, 0 MiB, 23.03 W;2, 0 %, 0 MiB, 12.00 W;3, 0 %, 0 MiB, 7.71 W; @1786724792
0, 0 %, 0 MiB, 22.11 W;1, 0 %, 0 MiB, 22.99 W;2, 0 %, 0 MiB, 11.95 W;3, 0 %, 0 MiB, 7.90 W; @1786724795
0, 0 %, 0 MiB, 21.77 W;1, 0 %, 0 MiB, 22.87 W;2, 0 %, 0 MiB, 11.97 W;3, 0 %, 0 MiB, 8.17 W; @1786724798
0, 0 %, 0 MiB, 21.80 W;1, 0 %, 0 MiB, 23.08 W;2, 0 %, 0 MiB, 11.81 W;3, 0 %, 0 MiB, 8.06 W; @1786724801
0, 0 %, 0 MiB, 21.53 W;1, 0 %, 0 MiB, 22.86 W;2, 0 %, 0 MiB, 11.86 W;3, 0 %, 0 MiB, 8.09 W; @1786724804
0, 0 %, 0 MiB, 21.72 W;1, 0 %, 0 MiB, 22.29 W;2, 0 %, 0 MiB, 11.85 W;3, 0 %, 0 MiB, 7.90 W; @1786724807
0, 0 %, 0 MiB, 21.56 W;1, 0 %, 0 MiB, 22.15 W;2, 0 %, 0 MiB, 12.00 W;3, 0 %, 0 MiB, 7.82 W; @1786724810
0, 0 %, 0 MiB, 21.44 W;1, 0 %, 0 MiB, 22.83 W;2, 0 %, 0 MiB, 11.84 W;3, 0 %, 0 MiB, 7.90 W; @1786724813
0, 0 %, 0 MiB, 21.60 W;1, 0 %, 0 MiB, 22.86 W;2, 0 %, 0 MiB, 11.87 W;3, 0 %, 0 MiB, 7.84 W; @1786724816
0, 0 %, 0 MiB, 21.85 W;1, 0 %, 0 MiB, 22.42 W;2, 0 %, 0 MiB, 11.86 W;3, 0 %, 0 MiB, 7.84 W; @1786724820
0, 0 %, 0 MiB, 21.34 W;1, 0 %, 0 MiB, 21.96 W;2, 0 %, 0 MiB, 11.89 W;3, 0 %, 0 MiB, 7.83 W; @1786724823
0, 0 %, 0 MiB, 21.52 W;1, 0 %, 0 MiB, 22.37 W;2, 0 %, 0 MiB, 11.72 W;3, 0 %, 0 MiB, 7.91 W; @1786724826
0, 0 %, 0 MiB, 21.41 W;1, 0 %, 0 MiB, 22.68 W;2, 0 %, 0 MiB, 11.83 W;3, 0 %, 0 MiB, 7.74 W; @1786724829
0, 0 %, 0 MiB, 21.73 W;1, 0 %, 0 MiB, 22.38 W;2, 0 %, 0 MiB, 11.89 W;3, 0 %, 0 MiB, 7.54 W; @1786724832
0, 0 %, 0 MiB, 21.60 W;1, 0 %, 0 MiB, 22.51 W;2, 0 %, 0 MiB, 11.92 W;3, 0 %, 0 MiB, 7.82 W; @1786724835
0, 0 %, 0 MiB, 21.71 W;1, 0 %, 0 MiB, 22.17 W;2, 0 %, 0 MiB, 11.97 W;3, 0 %, 0 MiB, 7.69 W; @1786724838
0, 0 %, 0 MiB, 21.73 W;1, 0 %, 0 MiB, 22.30 W;2, 0 %, 0 MiB, 12.04 W;3, 0 %, 0 MiB, 7.68 W; @1786724841
0, 0 %, 0 MiB, 21.77 W;1, 0 %, 0 MiB, 22.34 W;2, 0 %, 0 MiB, 12.17 W;3, 0 %, 0 MiB, 7.59 W; @1786724844
0, 0 %, 0 MiB, 21.72 W;1, 0 %, 0 MiB, 22.46 W;2, 0 %, 0 MiB, 12.29 W;3, 0 %, 0 MiB, 7.89 W; @1786724847
0, 0 %, 0 MiB, 21.85 W;1, 0 %, 0 MiB, 22.01 W;2, 0 %, 0 MiB, 11.98 W;3, 0 %, 0 MiB, 7.75 W; @1786724851
0, 0 %, 0 MiB, 22.16 W;1, 0 %, 0 MiB, 22.80 W;2, 0 %, 0 MiB, 12.39 W;3, 0 %, 0 MiB, 7.65 W; @1786724854
0, 0 %, 0 MiB, 21.66 W;1, 0 %, 0 MiB, 22.56 W;2, 0 %, 0 MiB, 12.12 W;3, 0 %, 0 MiB, 7.59 W; @1786724857
0, 0 %, 0 MiB, 21.68 W;1, 0 %, 0 MiB, 22.29 W;2, 0 %, 0 MiB, 12.07 W;3, 0 %, 0 MiB, 7.84 W; @1786724860
0, 0 %, 0 MiB, 21.65 W;1, 0 %, 0 MiB, 22.95 W;2, 0 %, 0 MiB, 12.07 W;3, 0 %, 0 MiB, 8.06 W; @1786724863
0, 0 %, 0 MiB, 21.16 W;1, 0 %, 0 MiB, 22.60 W;2, 0 %, 0 MiB, 12.16 W;3, 0 %, 0 MiB, 7.68 W; @1786724866
0, 0 %, 0 MiB, 21.64 W;1, 0 %, 0 MiB, 22.36 W;2, 0 %, 0 MiB, 12.25 W;3, 0 %, 0 MiB, 7.49 W; @1786724869
0, 0 %, 0 MiB, 21.76 W;1, 0 %, 0 MiB, 23.00 W;2, 0 %, 0 MiB, 12.26 W;3, 0 %, 0 MiB, 8.06 W; @1786724872
0, 0 %, 0 MiB, 21.54 W;1, 0 %, 0 MiB, 22.69 W;2, 0 %, 0 MiB, 12.27 W;3, 0 %, 0 MiB, 8.16 W; @1786724875
0, 0 %, 0 MiB, 21.50 W;1, 0 %, 0 MiB, 22.13 W;2, 0 %, 0 MiB, 12.18 W;3, 0 %, 0 MiB, 7.65 W; @1786724878
0, 0 %, 0 MiB, 21.93 W;1, 0 %, 0 MiB, 22.64 W;2, 0 %, 0 MiB, 12.26 W;3, 0 %, 0 MiB, 7.66 W; @1786724882
0, 0 %, 0 MiB, 21.77 W;1, 0 %, 0 MiB, 22.47 W;2, 0 %, 0 MiB, 12.20 W;3, 0 %, 0 MiB, 7.62 W; @1786724885
0, 0 %, 0 MiB, 21.57 W;1, 0 %, 0 MiB, 22.55 W;2, 0 %, 0 MiB, 11.84 W;3, 0 %, 0 MiB, 7.72 W; @1786724888
0, 0 %, 0 MiB, 21.46 W;1, 0 %, 0 MiB, 22.22 W;2, 0 %, 0 MiB, 12.15 W;3, 0 %, 0 MiB, 7.79 W; @1786724891
0, 0 %, 0 MiB, 21.78 W;1, 0 %, 0 MiB, 22.28 W;2, 0 %, 0 MiB, 12.20 W;3, 0 %, 0 MiB, 7.93 W; @1786724894
0, 0 %, 0 MiB, 21.92 W;1, 0 %, 0 MiB, 22.23 W;2, 0 %, 0 MiB, 12.05 W;3, 0 %, 0 MiB, 7.55 W; @1786724897
0, 0 %, 0 MiB, 21.86 W;1, 0 %, 0 MiB, 22.44 W;2, 0 %, 0 MiB, 11.94 W;3, 0 %, 0 MiB, 7.54 W; @1786724900
0, 0 %, 0 MiB, 21.75 W;1, 0 %, 0 MiB, 22.28 W;2, 0 %, 0 MiB, 12.06 W;3, 0 %, 0 MiB, 7.43 W; @1786724903
0, 0 %, 0 MiB, 21.39 W;1, 0 %, 0 MiB, 22.11 W;2, 0 %, 0 MiB, 12.06 W;3, 0 %, 0 MiB, 7.92 W; @1786724906
0, 0 %, 0 MiB, 21.27 W;1, 0 %, 0 MiB, 22.15 W;2, 0 %, 0 MiB, 12.36 W;3, 0 %, 0 MiB, 7.84 W; @1786724909
0, 0 %, 0 MiB, 21.38 W;1, 0 %, 0 MiB, 21.84 W;2, 0 %, 0 MiB, 12.22 W;3, 0 %, 0 MiB, 7.77 W; @1786724913
0, 0 %, 0 MiB, 21.62 W;1, 0 %, 0 MiB, 22.28 W;2, 0 %, 0 MiB, 12.30 W;3, 0 %, 0 MiB, 7.84 W; @1786724916
0, 0 %, 0 MiB, 21.56 W;1, 0 %, 0 MiB, 22.69 W;2, 0 %, 0 MiB, 12.30 W;3, 0 %, 0 MiB, 7.99 W; @1786724919
0, 0 %, 0 MiB, 21.42 W;1, 0 %, 0 MiB, 21.87 W;2, 0 %, 0 MiB, 12.30 W;3, 0 %, 0 MiB, 7.80 W; @1786724922
0, 0 %, 0 MiB, 21.37 W;1, 0 %, 0 MiB, 21.86 W;2, 0 %, 0 MiB, 12.20 W;3, 0 %, 0 MiB, 7.92 W; @1786724925
0, 0 %, 0 MiB, 21.32 W;1, 0 %, 0 MiB, 22.53 W;2, 0 %, 0 MiB, 12.20 W;3, 0 %, 0 MiB, 7.86 W; @1786724928
0, 0 %, 0 MiB, 21.55 W;1, 0 %, 0 MiB, 22.08 W;2, 0 %, 0 MiB, 12.11 W;3, 0 %, 0 MiB, 7.84 W; @1786724931
0, 0 %, 0 MiB, 21.69 W;1, 0 %, 0 MiB, 22.68 W;2, 0 %, 0 MiB, 12.07 W;3, 0 %, 0 MiB, 7.72 W; @1786724934
0, 0 %, 0 MiB, 21.67 W;1, 0 %, 0 MiB, 22.77 W;2, 0 %, 0 MiB, 12.15 W;3, 0 %, 0 MiB, 7.66 W; @1786724937
0, 0 %, 0 MiB, 21.49 W;1, 0 %, 0 MiB, 22.42 W;2, 0 %, 0 MiB, 12.25 W;3, 0 %, 0 MiB, 8.02 W; @1786724940
0, 0 %, 0 MiB, 21.65 W;1, 0 %, 0 MiB, 22.03 W;2, 0 %, 0 MiB, 12.32 W;3, 0 %, 0 MiB, 7.91 W; @1786724944
0, 0 %, 0 MiB, 21.68 W;1, 0 %, 0 MiB, 22.01 W;2, 0 %, 0 MiB, 12.21 W;3, 0 %, 0 MiB, 8.10 W; @1786724947
0, 0 %, 0 MiB, 21.65 W;1, 0 %, 0 MiB, 22.67 W;2, 0 %, 0 MiB, 12.27 W;3, 0 %, 0 MiB, 7.93 W; @1786724950
0, 0 %, 0 MiB, 21.47 W;1, 0 %, 0 MiB, 21.98 W;2, 0 %, 0 MiB, 12.25 W;3, 0 %, 0 MiB, 7.71 W; @1786724953
0, 0 %, 0 MiB, 21.46 W;1, 0 %, 0 MiB, 21.99 W;2, 0 %, 0 MiB, 12.27 W;3, 0 %, 0 MiB, 7.57 W; @1786724956
0, 0 %, 0 MiB, 21.47 W;1, 0 %, 0 MiB, 22.47 W;2, 0 %, 0 MiB, 12.28 W;3, 0 %, 0 MiB, 7.75 W; @1786724959
0, 0 %, 0 MiB, 21.60 W;1, 0 %, 0 MiB, 21.32 W;2, 0 %, 0 MiB, 12.17 W;3, 0 %, 0 MiB, 7.44 W; @1786724962
0, 0 %, 0 MiB, 21.70 W;1, 0 %, 0 MiB, 22.22 W;2, 0 %, 0 MiB, 12.23 W;3, 0 %, 0 MiB, 7.43 W; @1786724965
0, 0 %, 0 MiB, 21.46 W;1, 0 %, 0 MiB, 21.53 W;2, 0 %, 0 MiB, 12.18 W;3, 0 %, 0 MiB, 7.64 W; @1786724968
0, 0 %, 0 MiB, 21.69 W;1, 0 %, 0 MiB, 22.58 W;2, 0 %, 0 MiB, 12.08 W;3, 0 %, 0 MiB, 7.64 W; @1786724971
0, 0 %, 0 MiB, 21.75 W;1, 0 %, 0 MiB, 22.39 W;2, 0 %, 0 MiB, 12.10 W;3, 0 %, 0 MiB, 7.70 W; @1786724975
0, 0 %, 0 MiB, 21.91 W;1, 0 %, 0 MiB, 21.88 W;2, 0 %, 0 MiB, 11.81 W;3, 0 %, 0 MiB, 7.54 W; @1786724978
0, 0 %, 0 MiB, 22.05 W;1, 0 %, 0 MiB, 22.28 W;2, 0 %, 0 MiB, 12.00 W;3, 0 %, 0 MiB, 7.59 W; @1786724981
0, 0 %, 0 MiB, 21.69 W;1, 0 %, 0 MiB, 22.38 W;2, 0 %, 0 MiB, 12.03 W;3, 0 %, 0 MiB, 7.69 W; @1786724984
0, 0 %, 0 MiB, 21.97 W;1, 0 %, 0 MiB, 22.60 W;2, 0 %, 0 MiB, 12.18 W;3, 0 %, 0 MiB, 7.79 W; @1786724987
0, 0 %, 0 MiB, 22.06 W;1, 0 %, 0 MiB, 22.28 W;2, 0 %, 0 MiB, 12.08 W;3, 0 %, 0 MiB, 7.87 W; @1786724990
0, 0 %, 0 MiB, 22.06 W;1, 0 %, 0 MiB, 22.93 W;2, 0 %, 0 MiB, 12.19 W;3, 0 %, 0 MiB, 8.02 W; @1786724993
0, 0 %, 0 MiB, 21.68 W;1, 0 %, 0 MiB, 22.49 W;2, 0 %, 0 MiB, 12.03 W;3, 0 %, 0 MiB, 7.74 W; @1786724996
0, 0 %, 0 MiB, 21.91 W;1, 0 %, 0 MiB, 22.29 W;2, 0 %, 0 MiB, 12.24 W;3, 0 %, 0 MiB, 7.64 W; @1786724999
0, 0 %, 0 MiB, 21.76 W;1, 0 %, 0 MiB, 21.71 W;2, 0 %, 0 MiB, 12.25 W;3, 0 %, 0 MiB, 7.91 W; @1786725002
0, 0 %, 0 MiB, 64.16 W;1, 0 %, 0 MiB, 62.13 W;2, 0 %, 0 MiB, 44.66 W;3, 0 %, 0 MiB, 35.73 W; @1786725006
0, 0 %, 0 MiB, 43.52 W;1, 0 %, 0 MiB, 26.43 W;2, 0 %, 0 MiB, 48.01 W;3, 0 %, 0 MiB, 20.22 W; @1786725009
0, 0 %, 0 MiB, 21.94 W;1, 0 %, 0 MiB, 22.56 W;2, 0 %, 0 MiB, 12.45 W;3, 0 %, 0 MiB, 7.57 W; @1786725012
0, 0 %, 0 MiB, 21.89 W;1, 0 %, 0 MiB, 22.61 W;2, 0 %, 0 MiB, 12.39 W;3, 0 %, 0 MiB, 7.75 W; @1786725015
0, 0 %, 0 MiB, 21.80 W;1, 0 %, 0 MiB, 22.25 W;2, 0 %, 0 MiB, 12.65 W;3, 0 %, 0 MiB, 8.28 W; @1786725018
0, 0 %, 0 MiB, 21.99 W;1, 0 %, 0 MiB, 22.61 W;2, 0 %, 0 MiB, 12.73 W;3, 0 %, 0 MiB, 8.55 W; @1786725021
0, 0 %, 0 MiB, 21.60 W;1, 0 %, 0 MiB, 22.56 W;2, 0 %, 0 MiB, 12.28 W;3, 0 %, 0 MiB, 6.40 W; @1786725024
0, 0 %, 0 MiB, 21.74 W;1, 0 %, 0 MiB, 22.17 W;2, 0 %, 0 MiB, 12.07 W;3, 0 %, 0 MiB, 6.38 W; @1786725027
0, 0 %, 0 MiB, 21.93 W;1, 0 %, 0 MiB, 23.30 W;2, 0 %, 0 MiB, 12.11 W;3, 0 %, 0 MiB, 6.36 W; @1786725030
0, 0 %, 0 MiB, 21.81 W;1, 0 %, 0 MiB, 22.57 W;2, 0 %, 0 MiB, 11.88 W;3, 0 %, 0 MiB, 6.53 W; @1786725034
0, 0 %, 0 MiB, 21.72 W;1, 0 %, 0 MiB, 22.99 W;2, 0 %, 0 MiB, 12.04 W;3, 0 %, 0 MiB, 6.47 W; @1786725037
0, 0 %, 0 MiB, 21.97 W;1, 0 %, 0 MiB, 22.30 W;2, 0 %, 0 MiB, 11.98 W;3, 0 %, 0 MiB, 6.61 W; @1786725040
0, 0 %, 0 MiB, 21.85 W;1, 0 %, 0 MiB, 22.97 W;2, 0 %, 0 MiB, 12.17 W;3, 0 %, 0 MiB, 6.31 W; @1786725043
0, 0 %, 0 MiB, 21.93 W;1, 0 %, 0 MiB, 23.08 W;2, 0 %, 0 MiB, 12.24 W;3, 0 %, 0 MiB, 6.39 W; @1786725046
0, 0 %, 0 MiB, 21.77 W;1, 0 %, 0 MiB, 22.79 W;2, 0 %, 0 MiB, 12.08 W;3, 0 %, 0 MiB, 6.24 W; @1786725049
0, 0 %, 0 MiB, 21.67 W;1, 0 %, 0 MiB, 23.08 W;2, 0 %, 0 MiB, 12.06 W;3, 0 %, 0 MiB, 6.36 W; @1786725052
0, 0 %, 0 MiB, 21.97 W;1, 0 %, 0 MiB, 22.92 W;2, 0 %, 0 MiB, 12.18 W;3, 0 %, 0 MiB, 5.81 W; @1786725055
0, 0 %, 0 MiB, 21.55 W;1, 0 %, 0 MiB, 22.39 W;2, 0 %, 0 MiB, 12.46 W;3, 0 %, 0 MiB, 6.08 W; @1786725058
0, 0 %, 0 MiB, 21.83 W;1, 0 %, 0 MiB, 21.74 W;2, 0 %, 0 MiB, 12.55 W;3, 0 %, 0 MiB, 6.05 W; @1786725061
0, 0 %, 0 MiB, 21.62 W;1, 0 %, 0 MiB, 22.43 W;2, 0 %, 0 MiB, 12.47 W;3, 0 %, 0 MiB, 6.38 W; @1786725065
0, 0 %, 0 MiB, 21.48 W;1, 0 %, 0 MiB, 22.20 W;2, 0 %, 0 MiB, 12.34 W;3, 0 %, 0 MiB, 6.59 W; @1786725068
0, 0 %, 0 MiB, 21.59 W;1, 0 %, 0 MiB, 22.73 W;2, 0 %, 0 MiB, 12.29 W;3, 0 %, 0 MiB, 6.42 W; @1786725071
0, 0 %, 0 MiB, 21.75 W;1, 0 %, 0 MiB, 22.55 W;2, 0 %, 0 MiB, 12.22 W;3, 0 %, 0 MiB, 6.04 W; @1786725074
0, 0 %, 0 MiB, 21.40 W;1, 0 %, 0 MiB, 21.80 W;2, 0 %, 0 MiB, 12.22 W;3, 0 %, 0 MiB, 6.43 W; @1786725077
0, 0 %, 0 MiB, 21.36 W;1, 0 %, 0 MiB, 22.65 W;2, 0 %, 0 MiB, 12.13 W;3, 0 %, 0 MiB, 7.74 W; @1786725080
0, 0 %, 0 MiB, 21.45 W;1, 0 %, 0 MiB, 21.93 W;2, 0 %, 0 MiB, 12.10 W;3, 0 %, 0 MiB, 7.80 W; @1786725083
0, 0 %, 0 MiB, 21.60 W;1, 0 %, 0 MiB, 22.34 W;2, 0 %, 0 MiB, 12.09 W;3, 0 %, 0 MiB, 7.82 W; @1786725086
0, 0 %, 0 MiB, 21.46 W;1, 0 %, 0 MiB, 22.05 W;2, 0 %, 0 MiB, 12.16 W;3, 0 %, 0 MiB, 8.06 W; @1786725089
0, 0 %, 0 MiB, 21.18 W;1, 0 %, 0 MiB, 22.03 W;2, 0 %, 0 MiB, 12.09 W;3, 0 %, 0 MiB, 7.85 W; @1786725093
0, 0 %, 0 MiB, 21.37 W;1, 0 %, 0 MiB, 21.98 W;2, 0 %, 0 MiB, 12.22 W;3, 0 %, 0 MiB, 7.84 W; @1786725096
0, 0 %, 0 MiB, 21.33 W;1, 0 %, 0 MiB, 21.94 W;2, 0 %, 0 MiB, 12.19 W;3, 0 %, 0 MiB, 7.57 W; @1786725099
0, 0 %, 0 MiB, 21.36 W;1, 0 %, 0 MiB, 22.03 W;2, 0 %, 0 MiB, 12.43 W;3, 0 %, 0 MiB, 7.86 W; @1786725102
0, 0 %, 0 MiB, 21.39 W;1, 0 %, 0 MiB, 21.87 W;2, 0 %, 0 MiB, 12.36 W;3, 0 %, 0 MiB, 7.97 W; @1786725105
0, 0 %, 0 MiB, 21.45 W;1, 0 %, 0 MiB, 21.96 W;2, 0 %, 0 MiB, 12.29 W;3, 0 %, 0 MiB, 8.04 W; @1786725108
0, 0 %, 0 MiB, 21.57 W;1, 0 %, 0 MiB, 21.99 W;2, 0 %, 0 MiB, 12.36 W;3, 0 %, 0 MiB, 7.99 W; @1786725111
0, 0 %, 0 MiB, 21.77 W;1, 0 %, 0 MiB, 21.87 W;2, 0 %, 0 MiB, 12.34 W;3, 0 %, 0 MiB, 8.27 W; @1786725114
0, 0 %, 0 MiB, 21.80 W;1, 0 %, 0 MiB, 22.10 W;2, 0 %, 0 MiB, 12.04 W;3, 0 %, 0 MiB, 7.98 W; @1786725117
0, 0 %, 0 MiB, 21.51 W;1, 0 %, 0 MiB, 21.28 W;2, 0 %, 0 MiB, 12.40 W;3, 0 %, 0 MiB, 8.30 W; @1786725120
0, 0 %, 0 MiB, 21.35 W;1, 0 %, 0 MiB, 21.16 W;2, 0 %, 0 MiB, 12.20 W;3, 0 %, 0 MiB, 8.05 W; @1786725124
0, 0 %, 0 MiB, 21.32 W;1, 0 %, 0 MiB, 21.35 W;2, 0 %, 0 MiB, 12.19 W;3, 0 %, 0 MiB, 7.98 W; @1786725127
0, 0 %, 0 MiB, 21.67 W;1, 0 %, 0 MiB, 21.80 W;2, 0 %, 0 MiB, 12.16 W;3, 0 %, 0 MiB, 8.03 W; @1786725130
0, 0 %, 0 MiB, 21.29 W;1, 0 %, 0 MiB, 21.35 W;2, 0 %, 0 MiB, 12.43 W;3, 0 %, 0 MiB, 8.24 W; @1786725133
0, 0 %, 0 MiB, 21.38 W;1, 0 %, 0 MiB, 22.18 W;2, 0 %, 0 MiB, 12.33 W;3, 0 %, 0 MiB, 8.18 W; @1786725136
0, 0 %, 0 MiB, 21.53 W;1, 0 %, 0 MiB, 23.06 W;2, 0 %, 0 MiB, 12.17 W;3, 0 %, 0 MiB, 8.01 W; @1786725139
0, 0 %, 0 MiB, 21.41 W;1, 0 %, 0 MiB, 22.06 W;2, 0 %, 0 MiB, 12.27 W;3, 0 %, 0 MiB, 7.94 W; @1786725142
0, 0 %, 0 MiB, 21.62 W;1, 0 %, 0 MiB, 22.61 W;2, 0 %, 0 MiB, 12.19 W;3, 0 %, 0 MiB, 8.29 W; @1786725145
0, 0 %, 0 MiB, 21.70 W;1, 0 %, 0 MiB, 22.77 W;2, 0 %, 0 MiB, 12.22 W;3, 0 %, 0 MiB, 8.12 W; @1786725148
0, 0 %, 0 MiB, 21.81 W;1, 0 %, 0 MiB, 22.17 W;2, 0 %, 0 MiB, 12.21 W;3, 0 %, 0 MiB, 7.91 W; @1786725151
0, 0 %, 0 MiB, 22.05 W;1, 0 %, 0 MiB, 22.36 W;2, 0 %, 0 MiB, 12.15 W;3, 0 %, 0 MiB, 7.78 W; @1786725155
0, 0 %, 0 MiB, 21.75 W;1, 0 %, 0 MiB, 21.62 W;2, 0 %, 0 MiB, 12.08 W;3, 0 %, 0 MiB, 7.91 W; @1786725158
0, 0 %, 0 MiB, 21.90 W;1, 0 %, 0 MiB, 22.58 W;2, 0 %, 0 MiB, 12.05 W;3, 0 %, 0 MiB, 7.88 W; @1786725161
0, 0 %, 0 MiB, 21.70 W;1, 0 %, 0 MiB, 22.24 W;2, 0 %, 0 MiB, 12.21 W;3, 0 %, 0 MiB, 7.87 W; @1786725164
0, 0 %, 0 MiB, 21.75 W;1, 0 %, 0 MiB, 21.97 W;2, 0 %, 0 MiB, 12.26 W;3, 0 %, 0 MiB, 7.90 W; @1786725167
0, 0 %, 0 MiB, 21.81 W;1, 0 %, 0 MiB, 22.02 W;2, 0 %, 0 MiB, 11.97 W;3, 0 %, 0 MiB, 8.00 W; @1786725170
0, 0 %, 0 MiB, 21.53 W;1, 0 %, 0 MiB, 22.65 W;2, 0 %, 0 MiB, 12.18 W;3, 0 %, 0 MiB, 7.74 W; @1786725173
0, 0 %, 0 MiB, 21.60 W;1, 0 %, 0 MiB, 22.80 W;2, 0 %, 0 MiB, 12.36 W;3, 0 %, 0 MiB, 7.61 W; @1786725176
0, 0 %, 0 MiB, 21.87 W;1, 0 %, 0 MiB, 22.27 W;2, 0 %, 0 MiB, 12.39 W;3, 0 %, 0 MiB, 7.66 W; @1786725179
0, 0 %, 0 MiB, 21.95 W;1, 0 %, 0 MiB, 22.21 W;2, 0 %, 0 MiB, 12.28 W;3, 0 %, 0 MiB, 7.84 W; @1786725182
0, 0 %, 0 MiB, 21.77 W;1, 0 %, 0 MiB, 23.03 W;2, 0 %, 0 MiB, 12.08 W;3, 0 %, 0 MiB, 7.69 W; @1786725186
0, 0 %, 0 MiB, 21.62 W;1, 0 %, 0 MiB, 22.49 W;2, 0 %, 0 MiB, 12.23 W;3, 0 %, 0 MiB, 7.97 W; @1786725189
0, 0 %, 0 MiB, 21.58 W;1, 0 %, 0 MiB, 22.42 W;2, 0 %, 0 MiB, 12.31 W;3, 0 %, 0 MiB, 7.96 W; @1786725192
0, 0 %, 0 MiB, 21.40 W;1, 0 %, 0 MiB, 22.05 W;2, 0 %, 0 MiB, 11.96 W;3, 0 %, 0 MiB, 7.84 W; @1786725195
0, 0 %, 0 MiB, 21.63 W;1, 0 %, 0 MiB, 22.48 W;2, 0 %, 0 MiB, 11.84 W;3, 0 %, 0 MiB, 7.83 W; @1786725198
0, 0 %, 0 MiB, 21.58 W;1, 0 %, 0 MiB, 22.23 W;2, 0 %, 0 MiB, 12.08 W;3, 0 %, 0 MiB, 7.71 W; @1786725201
0, 0 %, 0 MiB, 21.54 W;1, 0 %, 0 MiB, 22.52 W;2, 0 %, 0 MiB, 12.09 W;3, 0 %, 0 MiB, 7.51 W; @1786725204
0, 0 %, 0 MiB, 21.90 W;1, 0 %, 0 MiB, 22.41 W;2, 0 %, 0 MiB, 12.34 W;3, 0 %, 0 MiB, 7.44 W; @1786725207
0, 0 %, 0 MiB, 21.53 W;1, 0 %, 0 MiB, 21.94 W;2, 0 %, 0 MiB, 12.19 W;3, 0 %, 0 MiB, 7.69 W; @1786725210
0, 0 %, 0 MiB, 21.57 W;1, 0 %, 0 MiB, 22.75 W;2, 0 %, 0 MiB, 12.03 W;3, 0 %, 0 MiB, 7.75 W; @1786725214
0, 0 %, 0 MiB, 21.62 W;1, 0 %, 0 MiB, 22.43 W;2, 0 %, 0 MiB, 12.01 W;3, 0 %, 0 MiB, 7.48 W; @1786725217
0, 0 %, 0 MiB, 21.60 W;1, 0 %, 0 MiB, 22.08 W;2, 0 %, 0 MiB, 12.30 W;3, 0 %, 0 MiB, 7.34 W; @1786725220
0, 0 %, 0 MiB, 21.69 W;1, 0 %, 0 MiB, 22.37 W;2, 0 %, 0 MiB, 12.33 W;3, 0 %, 0 MiB, 7.45 W; @1786725223
0, 0 %, 0 MiB, 21.78 W;1, 0 %, 0 MiB, 22.16 W;2, 0 %, 0 MiB, 12.24 W;3, 0 %, 0 MiB, 7.66 W; @1786725226
0, 0 %, 0 MiB, 21.56 W;1, 0 %, 0 MiB, 22.17 W;2, 0 %, 0 MiB, 12.24 W;3, 0 %, 0 MiB, 7.76 W; @1786725229
0, 0 %, 0 MiB, 21.96 W;1, 0 %, 0 MiB, 22.09 W;2, 0 %, 0 MiB, 12.27 W;3, 0 %, 0 MiB, 7.93 W; @1786725232
0, 0 %, 0 MiB, 21.80 W;1, 0 %, 0 MiB, 22.07 W;2, 0 %, 0 MiB, 12.14 W;3, 0 %, 0 MiB, 7.78 W; @1786725235
0, 0 %, 0 MiB, 21.77 W;1, 0 %, 0 MiB, 21.70 W;2, 0 %, 0 MiB, 11.91 W;3, 0 %, 0 MiB, 7.82 W; @1786725238
0, 0 %, 0 MiB, 21.84 W;1, 0 %, 0 MiB, 22.47 W;2, 0 %, 0 MiB, 12.09 W;3, 0 %, 0 MiB, 7.67 W; @1786725241
0, 0 %, 0 MiB, 21.95 W;1, 0 %, 0 MiB, 23.33 W;2, 0 %, 0 MiB, 12.09 W;3, 0 %, 0 MiB, 8.11 W; @1786725245
0, 0 %, 0 MiB, 22.33 W;1, 0 %, 0 MiB, 22.53 W;2, 0 %, 0 MiB, 12.12 W;3, 0 %, 0 MiB, 7.85 W; @1786725248
0, 0 %, 0 MiB, 21.74 W;1, 0 %, 0 MiB, 22.89 W;2, 0 %, 0 MiB, 12.04 W;3, 0 %, 0 MiB, 7.90 W; @1786725251
0, 0 %, 0 MiB, 21.68 W;1, 0 %, 0 MiB, 23.22 W;2, 0 %, 0 MiB, 11.93 W;3, 0 %, 0 MiB, 7.75 W; @1786725254
0, 0 %, 0 MiB, 21.72 W;1, 0 %, 0 MiB, 23.33 W;2, 0 %, 0 MiB, 12.16 W;3, 0 %, 0 MiB, 7.59 W; @1786725257
0, 0 %, 0 MiB, 21.77 W;1, 0 %, 0 MiB, 22.70 W;2, 0 %, 0 MiB, 12.08 W;3, 0 %, 0 MiB, 7.74 W; @1786725260
0, 0 %, 0 MiB, 21.71 W;1, 0 %, 0 MiB, 22.37 W;2, 0 %, 0 MiB, 11.87 W;3, 0 %, 0 MiB, 7.86 W; @1786725263
0, 0 %, 0 MiB, 22.03 W;1, 0 %, 0 MiB, 22.50 W;2, 0 %, 0 MiB, 11.85 W;3, 0 %, 0 MiB, 7.76 W; @1786725266
0, 0 %, 0 MiB, 21.88 W;1, 0 %, 0 MiB, 22.11 W;2, 0 %, 0 MiB, 12.03 W;3, 0 %, 0 MiB, 7.91 W; @1786725269
0, 0 %, 0 MiB, 21.89 W;1, 0 %, 0 MiB, 22.26 W;2, 0 %, 0 MiB, 11.90 W;3, 0 %, 0 MiB, 7.90 W; @1786725272
0, 0 %, 0 MiB, 21.83 W;1, 0 %, 0 MiB, 21.85 W;2, 0 %, 0 MiB, 12.06 W;3, 0 %, 0 MiB, 8.05 W; @1786725276
0, 0 %, 0 MiB, 21.63 W;1, 0 %, 0 MiB, 22.96 W;2, 0 %, 0 MiB, 12.20 W;3, 0 %, 0 MiB, 8.39 W; @1786725279
0, 0 %, 0 MiB, 21.53 W;1, 0 %, 0 MiB, 22.75 W;2, 0 %, 0 MiB, 12.11 W;3, 0 %, 0 MiB, 8.05 W; @1786725282
0, 0 %, 0 MiB, 21.71 W;1, 0 %, 0 MiB, 22.58 W;2, 0 %, 0 MiB, 12.15 W;3, 0 %, 0 MiB, 7.95 W; @1786725285
0, 0 %, 0 MiB, 21.54 W;1, 0 %, 0 MiB, 22.10 W;2, 0 %, 0 MiB, 12.14 W;3, 0 %, 0 MiB, 8.16 W; @1786725288
0, 0 %, 0 MiB, 21.66 W;1, 0 %, 0 MiB, 22.45 W;2, 0 %, 0 MiB, 12.27 W;3, 0 %, 0 MiB, 8.27 W; @1786725291
0, 0 %, 0 MiB, 21.62 W;1, 0 %, 0 MiB, 22.53 W;2, 0 %, 0 MiB, 12.11 W;3, 0 %, 0 MiB, 8.12 W; @1786725294
0, 0 %, 0 MiB, 21.67 W;1, 0 %, 0 MiB, 22.34 W;2, 0 %, 0 MiB, 12.06 W;3, 0 %, 0 MiB, 7.93 W; @1786725297
0, 0 %, 0 MiB, 21.77 W;1, 0 %, 0 MiB, 22.55 W;2, 0 %, 0 MiB, 12.10 W;3, 0 %, 0 MiB, 7.97 W; @1786725300
0, 0 %, 0 MiB, 21.78 W;1, 0 %, 0 MiB, 22.76 W;2, 0 %, 0 MiB, 12.30 W;3, 0 %, 0 MiB, 7.76 W; @1786725303
0, 0 %, 0 MiB, 21.84 W;1, 0 %, 0 MiB, 22.41 W;2, 0 %, 0 MiB, 12.18 W;3, 0 %, 0 MiB, 7.90 W; @1786725307
0, 0 %, 0 MiB, 21.81 W;1, 0 %, 0 MiB, 22.87 W;2, 0 %, 0 MiB, 12.01 W;3, 0 %, 0 MiB, 7.93 W; @1786725310
0, 0 %, 0 MiB, 21.49 W;1, 0 %, 0 MiB, 22.28 W;2, 0 %, 0 MiB, 12.03 W;3, 0 %, 0 MiB, 8.37 W; @1786725313
0, 0 %, 0 MiB, 21.73 W;1, 0 %, 0 MiB, 21.90 W;2, 0 %, 0 MiB, 11.94 W;3, 0 %, 0 MiB, 8.10 W; @1786725316
0, 0 %, 0 MiB, 21.64 W;1, 0 %, 0 MiB, 23.11 W;2, 0 %, 0 MiB, 12.05 W;3, 0 %, 0 MiB, 7.95 W; @1786725319
0, 0 %, 0 MiB, 21.76 W;1, 0 %, 0 MiB, 22.35 W;2, 0 %, 0 MiB, 12.16 W;3, 0 %, 0 MiB, 7.85 W; @1786725322
0, 0 %, 0 MiB, 21.74 W;1, 0 %, 0 MiB, 21.64 W;2, 0 %, 0 MiB, 11.96 W;3, 0 %, 0 MiB, 8.02 W; @1786725325
0, 0 %, 0 MiB, 21.80 W;1, 0 %, 0 MiB, 22.24 W;2, 0 %, 0 MiB, 12.22 W;3, 0 %, 0 MiB, 7.87 W; @1786725328
0, 0 %, 0 MiB, 21.81 W;1, 0 %, 0 MiB, 23.05 W;2, 0 %, 0 MiB, 12.10 W;3, 0 %, 0 MiB, 7.72 W; @1786725331
0, 0 %, 0 MiB, 21.82 W;1, 0 %, 0 MiB, 21.76 W;2, 0 %, 0 MiB, 12.25 W;3, 0 %, 0 MiB, 7.66 W; @1786725334
0, 0 %, 0 MiB, 21.88 W;1, 0 %, 0 MiB, 22.14 W;2, 0 %, 0 MiB, 12.13 W;3, 0 %, 0 MiB, 7.78 W; @1786725338
0, 0 %, 0 MiB, 21.76 W;1, 0 %, 0 MiB, 22.92 W;2, 0 %, 0 MiB, 12.11 W;3, 0 %, 0 MiB, 7.81 W; @1786725341
0, 0 %, 0 MiB, 21.97 W;1, 0 %, 0 MiB, 22.28 W;2, 0 %, 0 MiB, 12.05 W;3, 0 %, 0 MiB, 7.66 W; @1786725344
0, 0 %, 0 MiB, 21.49 W;1, 0 %, 0 MiB, 22.64 W;2, 0 %, 0 MiB, 12.07 W;3, 0 %, 0 MiB, 7.60 W; @1786725347
0, 0 %, 0 MiB, 21.60 W;1, 0 %, 0 MiB, 21.61 W;2, 0 %, 0 MiB, 12.09 W;3, 0 %, 0 MiB, 7.68 W; @1786725350
0, 0 %, 0 MiB, 21.64 W;1, 0 %, 0 MiB, 22.50 W;2, 0 %, 0 MiB, 12.03 W;3, 0 %, 0 MiB, 7.47 W; @1786725353
0, 0 %, 0 MiB, 21.65 W;1, 0 %, 0 MiB, 22.09 W;2, 0 %, 0 MiB, 12.05 W;3, 0 %, 0 MiB, 7.71 W; @1786725356
0, 0 %, 0 MiB, 21.66 W;1, 0 %, 0 MiB, 21.95 W;2, 0 %, 0 MiB, 12.22 W;3, 0 %, 0 MiB, 7.93 W; @1786725359
0, 0 %, 0 MiB, 21.65 W;1, 0 %, 0 MiB, 22.23 W;2, 0 %, 0 MiB, 12.12 W;3, 0 %, 0 MiB, 7.76 W; @1786725362
0, 0 %, 0 MiB, 21.50 W;1, 0 %, 0 MiB, 21.74 W;2, 0 %, 0 MiB, 12.16 W;3, 0 %, 0 MiB, 7.81 W; @1786725365
0, 0 %, 0 MiB, 21.75 W;1, 0 %, 0 MiB, 21.90 W;2, 0 %, 0 MiB, 12.10 W;3, 0 %, 0 MiB, 8.09 W; @1786725369
0, 0 %, 0 MiB, 21.58 W;1, 0 %, 0 MiB, 22.63 W;2, 0 %, 0 MiB, 12.00 W;3, 0 %, 0 MiB, 7.81 W; @1786725372
0, 0 %, 0 MiB, 21.93 W;1, 0 %, 0 MiB, 22.06 W;2, 0 %, 0 MiB, 12.04 W;3, 0 %, 0 MiB, 7.58 W; @1786725375
0, 0 %, 0 MiB, 21.63 W;1, 0 %, 0 MiB, 21.96 W;2, 0 %, 0 MiB, 12.16 W;3, 0 %, 0 MiB, 7.57 W; @1786725378
0, 0 %, 0 MiB, 21.66 W;1, 0 %, 0 MiB, 22.23 W;2, 0 %, 0 MiB, 12.28 W;3, 0 %, 0 MiB, 7.71 W; @1786725381
0, 0 %, 0 MiB, 22.30 W;1, 0 %, 0 MiB, 21.74 W;2, 0 %, 0 MiB, 13.15 W;3, 0 %, 0 MiB, 8.27 W; @1786725384
0, 0 %, 0 MiB, 22.07 W;1, 0 %, 0 MiB, 21.29 W;2, 0 %, 0 MiB, 12.71 W;3, 0 %, 0 MiB, 8.04 W; @1786725387
0, 0 %, 0 MiB, 21.85 W;1, 0 %, 0 MiB, 21.92 W;2, 0 %, 0 MiB, 12.59 W;3, 0 %, 0 MiB, 7.91 W; @1786725390
0, 0 %, 0 MiB, 21.62 W;1, 0 %, 0 MiB, 21.45 W;2, 0 %, 0 MiB, 12.08 W;3, 0 %, 0 MiB, 6.00 W; @1786725393
0, 0 %, 0 MiB, 21.55 W;1, 0 %, 0 MiB, 21.65 W;2, 0 %, 0 MiB, 12.16 W;3, 0 %, 0 MiB, 6.15 W; @1786725396
0, 0 %, 0 MiB, 21.83 W;1, 0 %, 0 MiB, 21.52 W;2, 0 %, 0 MiB, 12.23 W;3, 0 %, 0 MiB, 5.98 W; @1786725400
0, 0 %, 0 MiB, 21.79 W;1, 0 %, 0 MiB, 21.50 W;2, 0 %, 0 MiB, 12.28 W;3, 0 %, 0 MiB, 5.86 W; @1786725403
0, 0 %, 0 MiB, 21.56 W;1, 0 %, 0 MiB, 22.08 W;2, 0 %, 0 MiB, 12.18 W;3, 0 %, 0 MiB, 6.36 W; @1786725406
0, 0 %, 0 MiB, 21.54 W;1, 0 %, 0 MiB, 22.56 W;2, 0 %, 0 MiB, 12.20 W;3, 0 %, 0 MiB, 6.19 W; @1786725409
0, 0 %, 0 MiB, 21.47 W;1, 0 %, 0 MiB, 22.45 W;2, 0 %, 0 MiB, 12.26 W;3, 0 %, 0 MiB, 6.50 W; @1786725412
0, 0 %, 0 MiB, 21.53 W;1, 0 %, 0 MiB, 22.20 W;2, 0 %, 0 MiB, 12.43 W;3, 0 %, 0 MiB, 5.97 W; @1786725415
0, 0 %, 0 MiB, 21.22 W;1, 0 %, 0 MiB, 21.65 W;2, 0 %, 0 MiB, 12.20 W;3, 0 %, 0 MiB, 6.53 W; @1786725418
0, 0 %, 0 MiB, 21.33 W;1, 0 %, 0 MiB, 22.10 W;2, 0 %, 0 MiB, 12.35 W;3, 0 %, 0 MiB, 6.26 W; @1786725421
0, 0 %, 0 MiB, 21.83 W;1, 0 %, 0 MiB, 22.39 W;2, 0 %, 0 MiB, 12.26 W;3, 0 %, 0 MiB, 6.01 W; @1786725424
0, 0 %, 0 MiB, 21.66 W;1, 0 %, 0 MiB, 21.29 W;2, 0 %, 0 MiB, 12.18 W;3, 0 %, 0 MiB, 5.94 W; @1786725428
0, 0 %, 0 MiB, 21.83 W;1, 0 %, 0 MiB, 21.45 W;2, 0 %, 0 MiB, 12.24 W;3, 0 %, 0 MiB, 6.39 W; @1786725431
0, 0 %, 0 MiB, 21.86 W;1, 0 %, 0 MiB, 22.03 W;2, 0 %, 0 MiB, 12.20 W;3, 0 %, 0 MiB, 6.39 W; @1786725434
0, 0 %, 0 MiB, 21.82 W;1, 0 %, 0 MiB, 22.12 W;2, 0 %, 0 MiB, 12.27 W;3, 0 %, 0 MiB, 6.40 W; @1786725437
0, 0 %, 0 MiB, 21.59 W;1, 0 %, 0 MiB, 21.43 W;2, 0 %, 0 MiB, 12.13 W;3, 0 %, 0 MiB, 5.75 W; @1786725440
0, 0 %, 0 MiB, 21.25 W;1, 0 %, 0 MiB, 22.19 W;2, 0 %, 0 MiB, 12.02 W;3, 0 %, 0 MiB, 6.24 W; @1786725443
0, 0 %, 0 MiB, 21.47 W;1, 0 %, 0 MiB, 22.07 W;2, 0 %, 0 MiB, 12.25 W;3, 0 %, 0 MiB, 6.33 W; @1786725446
0, 0 %, 0 MiB, 21.30 W;1, 0 %, 0 MiB, 21.50 W;2, 0 %, 0 MiB, 12.16 W;3, 0 %, 0 MiB, 6.45 W; @1786725449
0, 0 %, 0 MiB, 21.17 W;1, 0 %, 0 MiB, 21.94 W;2, 0 %, 0 MiB, 12.18 W;3, 0 %, 0 MiB, 6.51 W; @1786725452
0, 0 %, 0 MiB, 21.06 W;1, 0 %, 0 MiB, 22.77 W;2, 0 %, 0 MiB, 12.05 W;3, 0 %, 0 MiB, 6.26 W; @1786725455
0, 0 %, 0 MiB, 21.33 W;1, 0 %, 0 MiB, 21.84 W;2, 0 %, 0 MiB, 12.21 W;3, 0 %, 0 MiB, 6.49 W; @1786725459
0, 0 %, 0 MiB, 21.36 W;1, 0 %, 0 MiB, 22.55 W;2, 0 %, 0 MiB, 12.13 W;3, 0 %, 0 MiB, 6.67 W; @1786725462
0, 0 %, 0 MiB, 21.31 W;1, 0 %, 0 MiB, 22.76 W;2, 0 %, 0 MiB, 12.34 W;3, 0 %, 0 MiB, 6.67 W; @1786725465
0, 0 %, 0 MiB, 21.47 W;1, 0 %, 0 MiB, 22.22 W;2, 0 %, 0 MiB, 12.02 W;3, 0 %, 0 MiB, 6.48 W; @1786725468
0, 0 %, 0 MiB, 21.76 W;1, 0 %, 0 MiB, 22.01 W;2, 0 %, 0 MiB, 11.97 W;3, 0 %, 0 MiB, 6.10 W; @1786725471
0, 0 %, 0 MiB, 21.56 W;1, 0 %, 0 MiB, 22.27 W;2, 0 %, 0 MiB, 11.87 W;3, 0 %, 0 MiB, 5.91 W; @1786725474
0, 0 %, 0 MiB, 21.96 W;1, 0 %, 0 MiB, 22.60 W;2, 0 %, 0 MiB, 12.42 W;3, 0 %, 0 MiB, 7.51 W; @1786725477
0, 0 %, 0 MiB, 21.84 W;1, 0 %, 0 MiB, 22.14 W;2, 0 %, 0 MiB, 12.15 W;3, 0 %, 0 MiB, 7.48 W; @1786725480
0, 0 %, 0 MiB, 21.83 W;1, 0 %, 0 MiB, 21.99 W;2, 0 %, 0 MiB, 12.06 W;3, 0 %, 0 MiB, 7.79 W; @1786725483
0, 0 %, 0 MiB, 21.91 W;1, 0 %, 0 MiB, 22.27 W;2, 0 %, 0 MiB, 12.23 W;3, 0 %, 0 MiB, 7.88 W; @1786725487
0, 0 %, 0 MiB, 22.06 W;1, 0 %, 0 MiB, 21.41 W;2, 0 %, 0 MiB, 12.07 W;3, 0 %, 0 MiB, 8.04 W; @1786725490
0, 0 %, 0 MiB, 21.77 W;1, 0 %, 0 MiB, 21.09 W;2, 0 %, 0 MiB, 11.94 W;3, 0 %, 0 MiB, 8.34 W; @1786725493
0, 0 %, 0 MiB, 21.87 W;1, 0 %, 0 MiB, 22.34 W;2, 0 %, 0 MiB, 11.81 W;3, 0 %, 0 MiB, 7.88 W; @1786725496
0, 0 %, 0 MiB, 22.01 W;1, 0 %, 0 MiB, 22.21 W;2, 0 %, 0 MiB, 12.04 W;3, 0 %, 0 MiB, 7.84 W; @1786725499
0, 0 %, 0 MiB, 21.45 W;1, 0 %, 0 MiB, 22.52 W;2, 0 %, 0 MiB, 11.98 W;3, 0 %, 0 MiB, 7.85 W; @1786725502
0, 0 %, 0 MiB, 21.56 W;1, 0 %, 0 MiB, 22.06 W;2, 0 %, 0 MiB, 12.28 W;3, 0 %, 0 MiB, 8.09 W; @1786725505
0, 0 %, 0 MiB, 21.56 W;1, 0 %, 0 MiB, 22.46 W;2, 0 %, 0 MiB, 12.16 W;3, 0 %, 0 MiB, 7.87 W; @1786725508
0, 0 %, 0 MiB, 21.60 W;1, 0 %, 0 MiB, 22.75 W;2, 0 %, 0 MiB, 12.12 W;3, 0 %, 0 MiB, 7.57 W; @1786725511
0, 0 %, 0 MiB, 21.70 W;1, 0 %, 0 MiB, 21.77 W;2, 0 %, 0 MiB, 11.99 W;3, 0 %, 0 MiB, 7.80 W; @1786725515
0, 0 %, 0 MiB, 21.49 W;1, 0 %, 0 MiB, 21.80 W;2, 0 %, 0 MiB, 12.01 W;3, 0 %, 0 MiB, 7.89 W; @1786725518
0, 0 %, 0 MiB, 21.73 W;1, 0 %, 0 MiB, 21.93 W;2, 0 %, 0 MiB, 12.12 W;3, 0 %, 0 MiB, 7.96 W; @1786725521
0, 0 %, 0 MiB, 21.31 W;1, 0 %, 0 MiB, 21.81 W;2, 0 %, 0 MiB, 11.98 W;3, 0 %, 0 MiB, 7.97 W; @1786725524
0, 0 %, 0 MiB, 21.72 W;1, 0 %, 0 MiB, 21.83 W;2, 0 %, 0 MiB, 12.03 W;3, 0 %, 0 MiB, 7.99 W; @1786725527
0, 0 %, 0 MiB, 21.95 W;1, 0 %, 0 MiB, 21.29 W;2, 0 %, 0 MiB, 12.05 W;3, 0 %, 0 MiB, 7.97 W; @1786725530
0, 0 %, 0 MiB, 21.99 W;1, 0 %, 0 MiB, 20.99 W;2, 0 %, 0 MiB, 12.03 W;3, 0 %, 0 MiB, 7.95 W; @1786725533
0, 0 %, 0 MiB, 21.88 W;1, 0 %, 0 MiB, 21.42 W;2, 0 %, 0 MiB, 11.92 W;3, 0 %, 0 MiB, 7.94 W; @1786725536
0, 0 %, 0 MiB, 21.63 W;1, 0 %, 0 MiB, 21.65 W;2, 0 %, 0 MiB, 11.92 W;3, 0 %, 0 MiB, 7.81 W; @1786725539
0, 0 %, 0 MiB, 21.57 W;1, 0 %, 0 MiB, 21.07 W;2, 0 %, 0 MiB, 12.17 W;3, 0 %, 0 MiB, 7.82 W; @1786725542
0, 0 %, 0 MiB, 21.30 W;1, 0 %, 0 MiB, 21.33 W;2, 0 %, 0 MiB, 12.14 W;3, 0 %, 0 MiB, 8.15 W; @1786725546
0, 0 %, 0 MiB, 21.31 W;1, 0 %, 0 MiB, 21.65 W;2, 0 %, 0 MiB, 11.97 W;3, 0 %, 0 MiB, 8.29 W; @1786725549
0, 0 %, 0 MiB, 21.74 W;1, 0 %, 0 MiB, 21.67 W;2, 0 %, 0 MiB, 12.23 W;3, 0 %, 0 MiB, 8.17 W; @1786725552
0, 0 %, 0 MiB, 21.43 W;1, 0 %, 0 MiB, 21.64 W;2, 0 %, 0 MiB, 12.01 W;3, 0 %, 0 MiB, 8.27 W; @1786725555
0, 0 %, 0 MiB, 21.57 W;1, 0 %, 0 MiB, 21.47 W;2, 0 %, 0 MiB, 11.80 W;3, 0 %, 0 MiB, 8.27 W; @1786725558
0, 0 %, 0 MiB, 21.48 W;1, 0 %, 0 MiB, 20.67 W;2, 0 %, 0 MiB, 11.99 W;3, 0 %, 0 MiB, 8.35 W; @1786725561
0, 0 %, 0 MiB, 21.64 W;1, 0 %, 0 MiB, 21.22 W;2, 0 %, 0 MiB, 11.88 W;3, 0 %, 0 MiB, 8.22 W; @1786725564
0, 0 %, 0 MiB, 21.34 W;1, 0 %, 0 MiB, 20.88 W;2, 0 %, 0 MiB, 11.91 W;3, 0 %, 0 MiB, 7.84 W; @1786725567
0, 0 %, 0 MiB, 21.78 W;1, 0 %, 0 MiB, 21.42 W;2, 0 %, 0 MiB, 12.09 W;3, 0 %, 0 MiB, 8.10 W; @1786725570
0, 0 %, 0 MiB, 21.65 W;1, 0 %, 0 MiB, 21.15 W;2, 0 %, 0 MiB, 11.87 W;3, 0 %, 0 MiB, 8.21 W; @1786725574
0, 0 %, 0 MiB, 21.77 W;1, 0 %, 0 MiB, 21.15 W;2, 0 %, 0 MiB, 12.03 W;3, 0 %, 0 MiB, 8.10 W; @1786725577
0, 0 %, 0 MiB, 21.64 W;1, 0 %, 0 MiB, 20.57 W;2, 0 %, 0 MiB, 12.03 W;3, 0 %, 0 MiB, 8.18 W; @1786725580
0, 0 %, 0 MiB, 21.64 W;1, 0 %, 0 MiB, 21.06 W;2, 0 %, 0 MiB, 12.02 W;3, 0 %, 0 MiB, 8.25 W; @1786725583
0, 0 %, 0 MiB, 21.73 W;1, 0 %, 0 MiB, 21.36 W;2, 0 %, 0 MiB, 12.26 W;3, 0 %, 0 MiB, 8.18 W; @1786725586
0, 0 %, 0 MiB, 21.71 W;1, 0 %, 0 MiB, 20.97 W;2, 0 %, 0 MiB, 12.26 W;3, 0 %, 0 MiB, 8.19 W; @1786725589
0, 0 %, 0 MiB, 21.66 W;1, 0 %, 0 MiB, 22.19 W;2, 0 %, 0 MiB, 12.32 W;3, 0 %, 0 MiB, 8.35 W; @1786725592
0, 0 %, 0 MiB, 21.69 W;1, 0 %, 0 MiB, 21.07 W;2, 0 %, 0 MiB, 12.28 W;3, 0 %, 0 MiB, 8.12 W; @1786725595
0, 0 %, 0 MiB, 21.87 W;1, 0 %, 0 MiB, 21.23 W;2, 0 %, 0 MiB, 12.26 W;3, 0 %, 0 MiB, 8.04 W; @1786725598
0, 0 %, 0 MiB, 21.66 W;1, 0 %, 0 MiB, 21.12 W;2, 0 %, 0 MiB, 12.10 W;3, 0 %, 0 MiB, 8.07 W; @1786725601
0, 0 %, 0 MiB, 21.51 W;1, 0 %, 0 MiB, 21.06 W;2, 0 %, 0 MiB, 12.27 W;3, 0 %, 0 MiB, 8.18 W; @1786725605
0, 0 %, 0 MiB, 21.78 W;1, 0 %, 0 MiB, 21.96 W;2, 0 %, 0 MiB, 12.24 W;3, 0 %, 0 MiB, 8.22 W; @1786725608
0, 0 %, 0 MiB, 21.56 W;1, 0 %, 0 MiB, 21.93 W;2, 0 %, 0 MiB, 12.47 W;3, 0 %, 0 MiB, 7.82 W; @1786725611
0, 0 %, 0 MiB, 21.45 W;1, 0 %, 0 MiB, 21.84 W;2, 0 %, 0 MiB, 12.19 W;3, 0 %, 0 MiB, 7.78 W; @1786725614
0, 0 %, 0 MiB, 21.41 W;1, 0 %, 0 MiB, 21.56 W;2, 0 %, 0 MiB, 12.12 W;3, 0 %, 0 MiB, 8.15 W; @1786725617
0, 0 %, 0 MiB, 21.57 W;1, 0 %, 0 MiB, 21.53 W;2, 0 %, 0 MiB, 12.05 W;3, 0 %, 0 MiB, 7.59 W; @1786725620
0, 0 %, 0 MiB, 21.52 W;1, 0 %, 0 MiB, 21.82 W;2, 0 %, 0 MiB, 12.07 W;3, 0 %, 0 MiB, 7.82 W; @1786725623
0, 0 %, 0 MiB, 21.47 W;1, 0 %, 0 MiB, 22.07 W;2, 0 %, 0 MiB, 12.17 W;3, 0 %, 0 MiB, 8.03 W; @1786725626
0, 0 %, 0 MiB, 21.64 W;1, 0 %, 0 MiB, 22.22 W;2, 0 %, 0 MiB, 11.94 W;3, 0 %, 0 MiB, 8.15 W; @1786725629
0, 0 %, 0 MiB, 21.49 W;1, 0 %, 0 MiB, 22.08 W;2, 0 %, 0 MiB, 12.02 W;3, 0 %, 0 MiB, 8.07 W; @1786725632
0, 0 %, 0 MiB, 21.73 W;1, 0 %, 0 MiB, 22.50 W;2, 0 %, 0 MiB, 12.02 W;3, 0 %, 0 MiB, 8.06 W; @1786725636
0, 0 %, 0 MiB, 21.74 W;1, 0 %, 0 MiB, 22.26 W;2, 0 %, 0 MiB, 11.93 W;3, 0 %, 0 MiB, 7.86 W; @1786725639
0, 0 %, 0 MiB, 22.11 W;1, 0 %, 0 MiB, 22.06 W;2, 0 %, 0 MiB, 12.07 W;3, 0 %, 0 MiB, 8.66 W; @1786725642
0, 0 %, 0 MiB, 21.50 W;1, 0 %, 0 MiB, 21.88 W;2, 0 %, 0 MiB, 12.34 W;3, 0 %, 0 MiB, 8.31 W; @1786725645
0, 0 %, 0 MiB, 21.45 W;1, 0 %, 0 MiB, 21.53 W;2, 0 %, 0 MiB, 12.42 W;3, 0 %, 0 MiB, 8.43 W; @1786725648
0, 0 %, 0 MiB, 21.40 W;1, 0 %, 0 MiB, 21.54 W;2, 0 %, 0 MiB, 12.23 W;3, 0 %, 0 MiB, 8.50 W; @1786725651
0, 0 %, 0 MiB, 21.28 W;1, 0 %, 0 MiB, 21.67 W;2, 0 %, 0 MiB, 12.13 W;3, 0 %, 0 MiB, 8.23 W; @1786725654
0, 0 %, 0 MiB, 21.10 W;1, 0 %, 0 MiB, 21.94 W;2, 0 %, 0 MiB, 11.98 W;3, 0 %, 0 MiB, 8.32 W; @1786725657
0, 0 %, 0 MiB, 21.37 W;1, 0 %, 0 MiB, 21.85 W;2, 0 %, 0 MiB, 12.17 W;3, 0 %, 0 MiB, 8.27 W; @1786725660
0, 0 %, 0 MiB, 21.42 W;1, 0 %, 0 MiB, 21.81 W;2, 0 %, 0 MiB, 12.14 W;3, 0 %, 0 MiB, 8.54 W; @1786725663
0, 0 %, 0 MiB, 21.36 W;1, 0 %, 0 MiB, 21.95 W;2, 0 %, 0 MiB, 11.96 W;3, 0 %, 0 MiB, 8.69 W; @1786725667
0, 0 %, 0 MiB, 21.38 W;1, 0 %, 0 MiB, 22.01 W;2, 0 %, 0 MiB, 11.97 W;3, 0 %, 0 MiB, 8.50 W; @1786725670
0, 0 %, 0 MiB, 21.32 W;1, 0 %, 0 MiB, 21.69 W;2, 0 %, 0 MiB, 11.89 W;3, 0 %, 0 MiB, 8.80 W; @1786725673
0, 0 %, 0 MiB, 21.47 W;1, 0 %, 0 MiB, 21.32 W;2, 0 %, 0 MiB, 11.81 W;3, 0 %, 0 MiB, 8.79 W; @1786725676
0, 0 %, 0 MiB, 21.29 W;1, 0 %, 0 MiB, 21.74 W;2, 0 %, 0 MiB, 11.97 W;3, 0 %, 0 MiB, 8.60 W; @1786725679
0, 0 %, 0 MiB, 21.56 W;1, 0 %, 0 MiB, 21.65 W;2, 0 %, 0 MiB, 12.01 W;3, 0 %, 0 MiB, 8.50 W; @1786725682
0, 0 %, 0 MiB, 21.93 W;1, 0 %, 0 MiB, 22.05 W;2, 0 %, 0 MiB, 11.97 W;3, 0 %, 0 MiB, 8.42 W; @1786725685
0, 0 %, 0 MiB, 21.33 W;1, 0 %, 0 MiB, 21.83 W;2, 0 %, 0 MiB, 12.00 W;3, 0 %, 0 MiB, 8.13 W; @1786725688
0, 0 %, 0 MiB, 21.84 W;1, 0 %, 0 MiB, 21.51 W;2, 0 %, 0 MiB, 12.15 W;3, 0 %, 0 MiB, 7.94 W; @1786725691
0, 0 %, 0 MiB, 21.17 W;1, 0 %, 0 MiB, 22.11 W;2, 0 %, 0 MiB, 12.00 W;3, 0 %, 0 MiB, 8.09 W; @1786725694
0, 0 %, 0 MiB, 21.67 W;1, 0 %, 0 MiB, 21.74 W;2, 0 %, 0 MiB, 11.81 W;3, 0 %, 0 MiB, 8.10 W; @1786725698
0, 0 %, 0 MiB, 21.66 W;1, 0 %, 0 MiB, 21.47 W;2, 0 %, 0 MiB, 12.02 W;3, 0 %, 0 MiB, 7.91 W; @1786725701
0, 0 %, 0 MiB, 21.67 W;1, 0 %, 0 MiB, 21.48 W;2, 0 %, 0 MiB, 11.93 W;3, 0 %, 0 MiB, 7.84 W; @1786725704
0, 0 %, 0 MiB, 21.90 W;1, 0 %, 0 MiB, 21.90 W;2, 0 %, 0 MiB, 11.98 W;3, 0 %, 0 MiB, 8.00 W; @1786725707
0, 0 %, 0 MiB, 21.50 W;1, 0 %, 0 MiB, 21.97 W;2, 0 %, 0 MiB, 11.92 W;3, 0 %, 0 MiB, 8.10 W; @1786725710
0, 0 %, 0 MiB, 22.03 W;1, 0 %, 0 MiB, 23.04 W;2, 0 %, 0 MiB, 12.14 W;3, 0 %, 0 MiB, 8.27 W; @1786725713
0, 0 %, 0 MiB, 22.15 W;1, 0 %, 0 MiB, 22.20 W;2, 0 %, 0 MiB, 11.99 W;3, 0 %, 0 MiB, 7.96 W; @1786725716
0, 0 %, 0 MiB, 22.14 W;1, 0 %, 0 MiB, 22.44 W;2, 0 %, 0 MiB, 12.00 W;3, 0 %, 0 MiB, 7.89 W; @1786725719
0, 0 %, 0 MiB, 22.00 W;1, 0 %, 0 MiB, 22.28 W;2, 0 %, 0 MiB, 11.96 W;3, 0 %, 0 MiB, 8.25 W; @1786725722
0, 0 %, 0 MiB, 21.40 W;1, 0 %, 0 MiB, 21.97 W;2, 0 %, 0 MiB, 11.96 W;3, 0 %, 0 MiB, 7.84 W; @1786725725
0, 0 %, 0 MiB, 21.70 W;1, 0 %, 0 MiB, 21.62 W;2, 0 %, 0 MiB, 11.95 W;3, 0 %, 0 MiB, 7.95 W; @1786725728
0, 0 %, 0 MiB, 22.12 W;1, 0 %, 0 MiB, 22.05 W;2, 0 %, 0 MiB, 12.08 W;3, 0 %, 0 MiB, 7.91 W; @1786725732
0, 0 %, 0 MiB, 21.52 W;1, 0 %, 0 MiB, 21.78 W;2, 0 %, 0 MiB, 11.75 W;3, 0 %, 0 MiB, 7.76 W; @1786725735
0, 0 %, 0 MiB, 21.44 W;1, 0 %, 0 MiB, 21.79 W;2, 0 %, 0 MiB, 11.89 W;3, 0 %, 0 MiB, 7.66 W; @1786725738
0, 0 %, 0 MiB, 21.39 W;1, 0 %, 0 MiB, 21.56 W;2, 0 %, 0 MiB, 11.99 W;3, 0 %, 0 MiB, 7.87 W; @1786725741
0, 0 %, 0 MiB, 21.36 W;1, 0 %, 0 MiB, 21.64 W;2, 0 %, 0 MiB, 12.06 W;3, 0 %, 0 MiB, 7.99 W; @1786725744
0, 0 %, 0 MiB, 21.71 W;1, 0 %, 0 MiB, 21.96 W;2, 0 %, 0 MiB, 12.17 W;3, 0 %, 0 MiB, 7.88 W; @1786725747
0, 0 %, 0 MiB, 21.60 W;1, 0 %, 0 MiB, 22.09 W;2, 0 %, 0 MiB, 12.05 W;3, 0 %, 0 MiB, 8.22 W; @1786725750
0, 0 %, 0 MiB, 21.62 W;1, 0 %, 0 MiB, 22.13 W;2, 0 %, 0 MiB, 12.11 W;3, 0 %, 0 MiB, 8.00 W; @1786725753
0, 0 %, 0 MiB, 21.31 W;1, 0 %, 0 MiB, 22.40 W;2, 0 %, 0 MiB, 12.05 W;3, 0 %, 0 MiB, 7.76 W; @1786725756
0, 0 %, 0 MiB, 21.30 W;1, 0 %, 0 MiB, 22.26 W;2, 0 %, 0 MiB, 12.09 W;3, 0 %, 0 MiB, 7.90 W; @1786725759
0, 0 %, 0 MiB, 21.45 W;1, 0 %, 0 MiB, 22.62 W;2, 0 %, 0 MiB, 11.88 W;3, 0 %, 0 MiB, 8.11 W; @1786725763
0, 0 %, 0 MiB, 21.64 W;1, 0 %, 0 MiB, 22.07 W;2, 0 %, 0 MiB, 12.05 W;3, 0 %, 0 MiB, 7.96 W; @1786725766
0, 0 %, 0 MiB, 21.35 W;1, 0 %, 0 MiB, 22.23 W;2, 0 %, 0 MiB, 12.09 W;3, 0 %, 0 MiB, 8.21 W; @1786725769
0, 0 %, 0 MiB, 21.17 W;1, 0 %, 0 MiB, 22.91 W;2, 0 %, 0 MiB, 12.12 W;3, 0 %, 0 MiB, 8.49 W; @1786725772
0, 0 %, 0 MiB, 21.10 W;1, 0 %, 0 MiB, 22.02 W;2, 0 %, 0 MiB, 12.09 W;3, 0 %, 0 MiB, 8.13 W; @1786725775
0, 0 %, 0 MiB, 21.10 W;1, 0 %, 0 MiB, 21.85 W;2, 0 %, 0 MiB, 11.91 W;3, 0 %, 0 MiB, 8.02 W; @1786725778
0, 0 %, 0 MiB, 21.12 W;1, 0 %, 0 MiB, 21.83 W;2, 0 %, 0 MiB, 11.93 W;3, 0 %, 0 MiB, 8.01 W; @1786725781
0, 0 %, 0 MiB, 21.25 W;1, 0 %, 0 MiB, 21.48 W;2, 0 %, 0 MiB, 11.86 W;3, 0 %, 0 MiB, 7.80 W; @1786725784
0, 0 %, 0 MiB, 21.39 W;1, 0 %, 0 MiB, 21.52 W;2, 0 %, 0 MiB, 12.40 W;3, 0 %, 0 MiB, 8.39 W; @1786725787
0, 0 %, 0 MiB, 21.36 W;1, 0 %, 0 MiB, 21.29 W;2, 0 %, 0 MiB, 12.48 W;3, 0 %, 0 MiB, 8.68 W; @1786725790
0, 0 %, 0 MiB, 21.46 W;1, 0 %, 0 MiB, 21.00 W;2, 0 %, 0 MiB, 12.28 W;3, 0 %, 0 MiB, 7.28 W; @1786725794
0, 0 %, 0 MiB, 21.49 W;1, 0 %, 0 MiB, 21.08 W;2, 0 %, 0 MiB, 12.09 W;3, 0 %, 0 MiB, 7.10 W; @1786725797
0, 0 %, 0 MiB, 21.32 W;1, 0 %, 0 MiB, 21.06 W;2, 0 %, 0 MiB, 12.10 W;3, 0 %, 0 MiB, 6.57 W; @1786725800
0, 0 %, 0 MiB, 21.24 W;1, 0 %, 0 MiB, 21.05 W;2, 0 %, 0 MiB, 12.02 W;3, 0 %, 0 MiB, 6.68 W; @1786725803
0, 0 %, 0 MiB, 21.50 W;1, 0 %, 0 MiB, 21.88 W;2, 0 %, 0 MiB, 12.13 W;3, 0 %, 0 MiB, 6.96 W; @1786725806
0, 0 %, 0 MiB, 21.61 W;1, 0 %, 0 MiB, 21.96 W;2, 0 %, 0 MiB, 12.05 W;3, 0 %, 0 MiB, 6.57 W; @1786725809
0, 0 %, 0 MiB, 21.54 W;1, 0 %, 0 MiB, 22.08 W;2, 0 %, 0 MiB, 12.01 W;3, 0 %, 0 MiB, 6.64 W; @1786725812
0, 0 %, 0 MiB, 21.36 W;1, 0 %, 0 MiB, 21.95 W;2, 0 %, 0 MiB, 12.16 W;3, 0 %, 0 MiB, 6.73 W; @1786725815
0, 0 %, 0 MiB, 21.55 W;1, 0 %, 0 MiB, 21.25 W;2, 0 %, 0 MiB, 12.31 W;3, 0 %, 0 MiB, 6.53 W; @1786725818
0, 0 %, 0 MiB, 21.49 W;1, 0 %, 0 MiB, 21.42 W;2, 0 %, 0 MiB, 12.44 W;3, 0 %, 0 MiB, 6.72 W; @1786725822
0, 0 %, 0 MiB, 21.78 W;1, 0 %, 0 MiB, 21.35 W;2, 0 %, 0 MiB, 12.16 W;3, 0 %, 0 MiB, 6.61 W; @1786725825
0, 0 %, 0 MiB, 21.75 W;1, 0 %, 0 MiB, 21.54 W;2, 0 %, 0 MiB, 12.23 W;3, 0 %, 0 MiB, 6.76 W; @1786725828
0, 0 %, 0 MiB, 21.97 W;1, 0 %, 0 MiB, 21.86 W;2, 0 %, 0 MiB, 12.22 W;3, 0 %, 0 MiB, 6.54 W; @1786725831
0, 0 %, 0 MiB, 21.70 W;1, 0 %, 0 MiB, 21.33 W;2, 0 %, 0 MiB, 12.18 W;3, 0 %, 0 MiB, 6.54 W; @1786725834
0, 0 %, 0 MiB, 21.62 W;1, 0 %, 0 MiB, 21.86 W;2, 0 %, 0 MiB, 12.19 W;3, 0 %, 0 MiB, 7.09 W; @1786725837
0, 0 %, 0 MiB, 21.74 W;1, 0 %, 0 MiB, 22.18 W;2, 0 %, 0 MiB, 12.24 W;3, 0 %, 0 MiB, 6.82 W; @1786725840
0, 0 %, 0 MiB, 21.72 W;1, 0 %, 0 MiB, 21.70 W;2, 0 %, 0 MiB, 12.00 W;3, 0 %, 0 MiB, 6.84 W; @1786725843
0, 0 %, 0 MiB, 21.82 W;1, 0 %, 0 MiB, 21.74 W;2, 0 %, 0 MiB, 12.05 W;3, 0 %, 0 MiB, 8.31 W; @1786725847
0, 0 %, 0 MiB, 21.76 W;1, 0 %, 0 MiB, 21.98 W;2, 0 %, 0 MiB, 12.04 W;3, 0 %, 0 MiB, 8.39 W; @1786725850
0, 0 %, 0 MiB, 21.85 W;1, 0 %, 0 MiB, 21.76 W;2, 0 %, 0 MiB, 12.06 W;3, 0 %, 0 MiB, 8.44 W; @1786725853
0, 0 %, 0 MiB, 21.86 W;1, 0 %, 0 MiB, 21.34 W;2, 0 %, 0 MiB, 12.02 W;3, 0 %, 0 MiB, 8.19 W; @1786725856
0, 0 %, 0 MiB, 21.82 W;1, 0 %, 0 MiB, 21.93 W;2, 0 %, 0 MiB, 12.17 W;3, 0 %, 0 MiB, 7.94 W; @1786725859
0, 0 %, 0 MiB, 21.89 W;1, 0 %, 0 MiB, 22.77 W;2, 0 %, 0 MiB, 12.09 W;3, 0 %, 0 MiB, 8.30 W; @1786725862
0, 0 %, 0 MiB, 21.64 W;1, 0 %, 0 MiB, 22.38 W;2, 0 %, 0 MiB, 12.02 W;3, 0 %, 0 MiB, 8.09 W; @1786725865
0, 0 %, 0 MiB, 21.66 W;1, 0 %, 0 MiB, 22.52 W;2, 0 %, 0 MiB, 12.15 W;3, 0 %, 0 MiB, 8.29 W; @1786725868
0, 0 %, 0 MiB, 21.43 W;1, 0 %, 0 MiB, 21.72 W;2, 0 %, 0 MiB, 11.91 W;3, 0 %, 0 MiB, 8.24 W; @1786725871
0, 0 %, 0 MiB, 21.42 W;1, 0 %, 0 MiB, 22.22 W;2, 0 %, 0 MiB, 12.05 W;3, 0 %, 0 MiB, 8.17 W; @1786725874
0, 0 %, 0 MiB, 21.43 W;1, 0 %, 0 MiB, 22.14 W;2, 0 %, 0 MiB, 12.17 W;3, 0 %, 0 MiB, 8.12 W; @1786725878
0, 0 %, 0 MiB, 21.88 W;1, 0 %, 0 MiB, 22.21 W;2, 0 %, 0 MiB, 12.18 W;3, 0 %, 0 MiB, 8.06 W; @1786725881
0, 0 %, 0 MiB, 21.71 W;1, 0 %, 0 MiB, 22.31 W;2, 0 %, 0 MiB, 12.24 W;3, 0 %, 0 MiB, 8.56 W; @1786725884
0, 0 %, 0 MiB, 21.96 W;1, 0 %, 0 MiB, 21.56 W;2, 0 %, 0 MiB, 12.29 W;3, 0 %, 0 MiB, 8.14 W; @1786725887
0, 0 %, 0 MiB, 21.37 W;1, 0 %, 0 MiB, 22.48 W;2, 0 %, 0 MiB, 12.27 W;3, 0 %, 0 MiB, 8.12 W; @1786725890
0, 0 %, 0 MiB, 21.43 W;1, 0 %, 0 MiB, 22.22 W;2, 0 %, 0 MiB, 12.29 W;3, 0 %, 0 MiB, 8.07 W; @1786725893
0, 0 %, 0 MiB, 21.57 W;1, 0 %, 0 MiB, 22.25 W;2, 0 %, 0 MiB, 12.31 W;3, 0 %, 0 MiB, 8.33 W; @1786725896
0, 0 %, 0 MiB, 21.62 W;1, 0 %, 0 MiB, 22.40 W;2, 0 %, 0 MiB, 12.11 W;3, 0 %, 0 MiB, 8.18 W; @1786725899
0, 0 %, 0 MiB, 21.53 W;1, 0 %, 0 MiB, 21.77 W;2, 0 %, 0 MiB, 12.20 W;3, 0 %, 0 MiB, 8.13 W; @1786725902
0, 0 %, 0 MiB, 63.91 W;1, 0 %, 0 MiB, 62.49 W;2, 1 %, 0 MiB, 48.28 W;3, 0 %, 0 MiB, 38.81 W; @1786725905
0, 0 %, 0 MiB, 56.21 W;1, 0 %, 0 MiB, 24.50 W;2, 0 %, 0 MiB, 13.39 W;3, 0 %, 0 MiB, 22.40 W; @1786725909
0, 0 %, 0 MiB, 21.57 W;1, 0 %, 0 MiB, 22.54 W;2, 0 %, 0 MiB, 12.27 W;3, 0 %, 0 MiB, 8.16 W; @1786725912
0, 0 %, 0 MiB, 21.37 W;1, 0 %, 0 MiB, 22.42 W;2, 0 %, 0 MiB, 12.10 W;3, 0 %, 0 MiB, 8.11 W; @1786725915
0, 0 %, 0 MiB, 21.65 W;1, 0 %, 0 MiB, 22.34 W;2, 0 %, 0 MiB, 11.97 W;3, 0 %, 0 MiB, 7.93 W; @1786725918
0, 0 %, 0 MiB, 21.46 W;1, 0 %, 0 MiB, 22.94 W;2, 0 %, 0 MiB, 11.89 W;3, 0 %, 0 MiB, 7.96 W; @1786725921
0, 0 %, 0 MiB, 21.54 W;1, 0 %, 0 MiB, 22.36 W;2, 0 %, 0 MiB, 11.87 W;3, 0 %, 0 MiB, 7.95 W; @1786725924
0, 0 %, 0 MiB, 21.84 W;1, 0 %, 0 MiB, 22.78 W;2, 0 %, 0 MiB, 11.92 W;3, 0 %, 0 MiB, 8.22 W; @1786725927
0, 0 %, 0 MiB, 21.77 W;1, 0 %, 0 MiB, 22.23 W;2, 0 %, 0 MiB, 11.72 W;3, 0 %, 0 MiB, 7.99 W; @1786725930
0, 0 %, 0 MiB, 21.41 W;1, 0 %, 0 MiB, 22.89 W;2, 0 %, 0 MiB, 11.77 W;3, 0 %, 0 MiB, 8.04 W; @1786725933
0, 0 %, 0 MiB, 21.52 W;1, 0 %, 0 MiB, 22.58 W;2, 0 %, 0 MiB, 11.83 W;3, 0 %, 0 MiB, 7.99 W; @1786725936
0, 0 %, 0 MiB, 21.33 W;1, 0 %, 0 MiB, 22.02 W;2, 0 %, 0 MiB, 11.93 W;3, 0 %, 0 MiB, 8.19 W; @1786725940
0, 0 %, 0 MiB, 21.22 W;1, 0 %, 0 MiB, 21.74 W;2, 0 %, 0 MiB, 12.04 W;3, 0 %, 0 MiB, 8.00 W; @1786725943
0, 0 %, 0 MiB, 21.30 W;1, 0 %, 0 MiB, 22.30 W;2, 0 %, 0 MiB, 12.07 W;3, 0 %, 0 MiB, 7.91 W; @1786725946
0, 0 %, 0 MiB, 21.59 W;1, 0 %, 0 MiB, 21.82 W;2, 0 %, 0 MiB, 12.07 W;3, 0 %, 0 MiB, 8.20 W; @1786725949
0, 0 %, 0 MiB, 21.88 W;1, 0 %, 0 MiB, 21.86 W;2, 0 %, 0 MiB, 12.02 W;3, 0 %, 0 MiB, 8.27 W; @1786725952
0, 0 %, 0 MiB, 21.47 W;1, 0 %, 0 MiB, 21.61 W;2, 0 %, 0 MiB, 12.08 W;3, 0 %, 0 MiB, 8.28 W; @1786725955
0, 0 %, 0 MiB, 21.49 W;1, 0 %, 0 MiB, 22.30 W;2, 0 %, 0 MiB, 12.02 W;3, 0 %, 0 MiB, 8.09 W; @1786725958
0, 0 %, 0 MiB, 21.37 W;1, 0 %, 0 MiB, 21.58 W;2, 0 %, 0 MiB, 11.99 W;3, 0 %, 0 MiB, 7.96 W; @1786725961
0, 0 %, 0 MiB, 21.30 W;1, 0 %, 0 MiB, 21.59 W;2, 0 %, 0 MiB, 12.15 W;3, 0 %, 0 MiB, 8.19 W; @1786725964
0, 0 %, 0 MiB, 21.50 W;1, 0 %, 0 MiB, 21.35 W;2, 0 %, 0 MiB, 11.97 W;3, 0 %, 0 MiB, 7.73 W; @1786725968
0, 0 %, 0 MiB, 21.64 W;1, 0 %, 0 MiB, 22.64 W;2, 0 %, 0 MiB, 12.04 W;3, 0 %, 0 MiB, 7.41 W; @1786725971
0, 0 %, 0 MiB, 21.61 W;1, 0 %, 0 MiB, 22.23 W;2, 0 %, 0 MiB, 12.00 W;3, 0 %, 0 MiB, 7.30 W; @1786725974
0, 0 %, 0 MiB, 21.71 W;1, 0 %, 0 MiB, 21.99 W;2, 0 %, 0 MiB, 12.10 W;3, 0 %, 0 MiB, 7.51 W; @1786725977
0, 0 %, 0 MiB, 21.45 W;1, 0 %, 0 MiB, 22.18 W;2, 0 %, 0 MiB, 12.18 W;3, 0 %, 0 MiB, 7.60 W; @1786725980
0, 0 %, 0 MiB, 21.49 W;1, 0 %, 0 MiB, 21.57 W;2, 0 %, 0 MiB, 12.01 W;3, 0 %, 0 MiB, 7.52 W; @1786725983
0, 0 %, 0 MiB, 21.59 W;1, 0 %, 0 MiB, 21.60 W;2, 0 %, 0 MiB, 12.24 W;3, 0 %, 0 MiB, 7.41 W; @1786725986
0, 0 %, 0 MiB, 21.39 W;1, 0 %, 0 MiB, 21.43 W;2, 0 %, 0 MiB, 12.13 W;3, 0 %, 0 MiB, 7.42 W; @1786725989
0, 0 %, 0 MiB, 21.32 W;1, 0 %, 0 MiB, 21.41 W;2, 0 %, 0 MiB, 11.89 W;3, 0 %, 0 MiB, 7.62 W; @1786725992
0, 0 %, 0 MiB, 21.58 W;1, 0 %, 0 MiB, 21.54 W;2, 0 %, 0 MiB, 11.76 W;3, 0 %, 0 MiB, 7.57 W; @1786725995
0, 0 %, 0 MiB, 21.53 W;1, 0 %, 0 MiB, 22.15 W;2, 0 %, 0 MiB, 11.85 W;3, 0 %, 0 MiB, 7.65 W; @1786725999
0, 0 %, 0 MiB, 21.51 W;1, 0 %, 0 MiB, 22.00 W;2, 0 %, 0 MiB, 11.73 W;3, 0 %, 0 MiB, 7.76 W; @1786726002
0, 0 %, 0 MiB, 21.65 W;1, 0 %, 0 MiB, 21.37 W;2, 0 %, 0 MiB, 11.92 W;3, 0 %, 0 MiB, 7.66 W; @1786726005
0, 0 %, 0 MiB, 21.35 W;1, 0 %, 0 MiB, 21.56 W;2, 0 %, 0 MiB, 11.77 W;3, 0 %, 0 MiB, 7.57 W; @1786726008
0, 0 %, 0 MiB, 21.55 W;1, 0 %, 0 MiB, 21.68 W;2, 0 %, 0 MiB, 11.91 W;3, 0 %, 0 MiB, 7.72 W; @1786726011
0, 0 %, 0 MiB, 21.69 W;1, 0 %, 0 MiB, 21.69 W;2, 0 %, 0 MiB, 11.84 W;3, 0 %, 0 MiB, 7.78 W; @1786726014
0, 0 %, 0 MiB, 21.52 W;1, 0 %, 0 MiB, 21.20 W;2, 0 %, 0 MiB, 11.90 W;3, 0 %, 0 MiB, 7.56 W; @1786726017
0, 0 %, 0 MiB, 21.58 W;1, 0 %, 0 MiB, 21.01 W;2, 0 %, 0 MiB, 12.05 W;3, 0 %, 0 MiB, 7.99 W; @1786726020
0, 0 %, 0 MiB, 21.62 W;1, 0 %, 0 MiB, 22.13 W;2, 0 %, 0 MiB, 11.94 W;3, 0 %, 0 MiB, 7.82 W; @1786726023
0, 0 %, 0 MiB, 21.46 W;1, 0 %, 0 MiB, 22.07 W;2, 0 %, 0 MiB, 11.72 W;3, 0 %, 0 MiB, 7.81 W; @1786726027
0, 0 %, 0 MiB, 21.37 W;1, 0 %, 0 MiB, 21.85 W;2, 0 %, 0 MiB, 11.89 W;3, 0 %, 0 MiB, 8.15 W; @1786726030
0, 0 %, 0 MiB, 21.58 W;1, 0 %, 0 MiB, 22.20 W;2, 0 %, 0 MiB, 11.91 W;3, 0 %, 0 MiB, 8.13 W; @1786726033
0, 0 %, 0 MiB, 21.82 W;1, 0 %, 0 MiB, 22.19 W;2, 0 %, 0 MiB, 11.93 W;3, 0 %, 0 MiB, 7.71 W; @1786726036
0, 0 %, 0 MiB, 21.55 W;1, 0 %, 0 MiB, 22.55 W;2, 0 %, 0 MiB, 11.90 W;3, 0 %, 0 MiB, 8.01 W; @1786726039
0, 0 %, 0 MiB, 21.49 W;1, 0 %, 0 MiB, 22.08 W;2, 0 %, 0 MiB, 11.81 W;3, 0 %, 0 MiB, 8.19 W; @1786726042
0, 0 %, 0 MiB, 21.67 W;1, 0 %, 0 MiB, 22.27 W;2, 0 %, 0 MiB, 11.86 W;3, 0 %, 0 MiB, 7.82 W; @1786726045
0, 0 %, 0 MiB, 21.80 W;1, 0 %, 0 MiB, 22.24 W;2, 0 %, 0 MiB, 11.71 W;3, 0 %, 0 MiB, 8.15 W; @1786726048
0, 0 %, 0 MiB, 22.09 W;1, 0 %, 0 MiB, 21.77 W;2, 0 %, 0 MiB, 11.95 W;3, 0 %, 0 MiB, 8.10 W; @1786726051
0, 0 %, 0 MiB, 21.83 W;1, 0 %, 0 MiB, 21.92 W;2, 0 %, 0 MiB, 11.79 W;3, 0 %, 0 MiB, 7.82 W; @1786726054
0, 0 %, 0 MiB, 21.53 W;1, 0 %, 0 MiB, 21.62 W;2, 0 %, 0 MiB, 11.93 W;3, 0 %, 0 MiB, 7.87 W; @1786726058
0, 0 %, 0 MiB, 21.65 W;1, 0 %, 0 MiB, 22.07 W;2, 0 %, 0 MiB, 11.77 W;3, 0 %, 0 MiB, 7.96 W; @1786726061
0, 0 %, 0 MiB, 21.76 W;1, 0 %, 0 MiB, 22.06 W;2, 0 %, 0 MiB, 11.60 W;3, 0 %, 0 MiB, 8.18 W; @1786726064
0, 0 %, 0 MiB, 21.74 W;1, 0 %, 0 MiB, 21.32 W;2, 0 %, 0 MiB, 11.73 W;3, 0 %, 0 MiB, 8.24 W; @1786726067
0, 0 %, 0 MiB, 22.03 W;1, 0 %, 0 MiB, 21.07 W;2, 0 %, 0 MiB, 11.88 W;3, 0 %, 0 MiB, 7.97 W; @1786726070
0, 0 %, 0 MiB, 21.98 W;1, 0 %, 0 MiB, 21.62 W;2, 0 %, 0 MiB, 12.02 W;3, 0 %, 0 MiB, 8.18 W; @1786726073
0, 0 %, 0 MiB, 22.14 W;1, 0 %, 0 MiB, 21.07 W;2, 0 %, 0 MiB, 11.87 W;3, 0 %, 0 MiB, 7.89 W; @1786726076
0, 0 %, 0 MiB, 21.83 W;1, 0 %, 0 MiB, 22.10 W;2, 0 %, 0 MiB, 11.81 W;3, 0 %, 0 MiB, 7.87 W; @1786726079
0, 0 %, 0 MiB, 21.67 W;1, 0 %, 0 MiB, 21.39 W;2, 0 %, 0 MiB, 11.89 W;3, 0 %, 0 MiB, 7.68 W; @1786726082
0, 0 %, 0 MiB, 21.75 W;1, 0 %, 0 MiB, 21.02 W;2, 0 %, 0 MiB, 11.83 W;3, 0 %, 0 MiB, 7.60 W; @1786726085
0, 0 %, 0 MiB, 21.68 W;1, 0 %, 0 MiB, 22.28 W;2, 0 %, 0 MiB, 11.70 W;3, 0 %, 0 MiB, 7.97 W; @1786726089
0, 0 %, 0 MiB, 21.70 W;1, 0 %, 0 MiB, 22.24 W;2, 0 %, 0 MiB, 11.92 W;3, 0 %, 0 MiB, 8.22 W; @1786726092
0, 0 %, 0 MiB, 21.57 W;1, 0 %, 0 MiB, 21.68 W;2, 0 %, 0 MiB, 11.66 W;3, 0 %, 0 MiB, 8.15 W; @1786726095
0, 0 %, 0 MiB, 21.47 W;1, 0 %, 0 MiB, 22.05 W;2, 0 %, 0 MiB, 11.70 W;3, 0 %, 0 MiB, 8.09 W; @1786726098
0, 0 %, 0 MiB, 22.19 W;1, 0 %, 0 MiB, 22.13 W;2, 0 %, 0 MiB, 11.74 W;3, 0 %, 0 MiB, 8.08 W; @1786726101
0, 0 %, 0 MiB, 21.56 W;1, 0 %, 0 MiB, 21.71 W;2, 0 %, 0 MiB, 11.86 W;3, 0 %, 0 MiB, 8.20 W; @1786726104
0, 0 %, 0 MiB, 21.93 W;1, 0 %, 0 MiB, 21.04 W;2, 0 %, 0 MiB, 11.76 W;3, 0 %, 0 MiB, 8.14 W; @1786726107
0, 0 %, 0 MiB, 21.58 W;1, 0 %, 0 MiB, 21.00 W;2, 0 %, 0 MiB, 11.70 W;3, 0 %, 0 MiB, 7.91 W; @1786726110
0, 0 %, 0 MiB, 21.70 W;1, 0 %, 0 MiB, 21.29 W;2, 0 %, 0 MiB, 11.89 W;3, 0 %, 0 MiB, 7.99 W; @1786726113
0, 0 %, 0 MiB, 21.72 W;1, 0 %, 0 MiB, 21.60 W;2, 0 %, 0 MiB, 11.91 W;3, 0 %, 0 MiB, 7.87 W; @1786726116
0, 0 %, 0 MiB, 21.87 W;1, 0 %, 0 MiB, 20.86 W;2, 0 %, 0 MiB, 11.89 W;3, 0 %, 0 MiB, 7.85 W; @1786726120
0, 0 %, 0 MiB, 21.47 W;1, 0 %, 0 MiB, 21.41 W;2, 0 %, 0 MiB, 12.01 W;3, 0 %, 0 MiB, 7.75 W; @1786726123
0, 0 %, 0 MiB, 21.49 W;1, 0 %, 0 MiB, 21.35 W;2, 0 %, 0 MiB, 12.07 W;3, 0 %, 0 MiB, 7.80 W; @1786726126
0, 0 %, 0 MiB, 21.55 W;1, 0 %, 0 MiB, 21.30 W;2, 0 %, 0 MiB, 11.79 W;3, 0 %, 0 MiB, 7.68 W; @1786726129
0, 0 %, 0 MiB, 21.75 W;1, 0 %, 0 MiB, 21.24 W;2, 0 %, 0 MiB, 12.17 W;3, 0 %, 0 MiB, 7.86 W; @1786726132
0, 0 %, 0 MiB, 21.39 W;1, 0 %, 0 MiB, 21.82 W;2, 0 %, 0 MiB, 12.07 W;3, 0 %, 0 MiB, 7.58 W; @1786726135
0, 0 %, 0 MiB, 21.29 W;1, 0 %, 0 MiB, 21.28 W;2, 0 %, 0 MiB, 11.82 W;3, 0 %, 0 MiB, 7.76 W; @1786726138
0, 0 %, 0 MiB, 21.34 W;1, 0 %, 0 MiB, 21.65 W;2, 0 %, 0 MiB, 11.72 W;3, 0 %, 0 MiB, 7.96 W; @1786726141
0, 0 %, 0 MiB, 21.05 W;1, 0 %, 0 MiB, 20.94 W;2, 0 %, 0 MiB, 11.81 W;3, 0 %, 0 MiB, 8.31 W; @1786726144
0, 0 %, 0 MiB, 21.37 W;1, 0 %, 0 MiB, 21.41 W;2, 0 %, 0 MiB, 11.80 W;3, 0 %, 0 MiB, 8.27 W; @1786726147
0, 0 %, 0 MiB, 21.81 W;1, 0 %, 0 MiB, 21.33 W;2, 0 %, 0 MiB, 12.66 W;3, 0 %, 0 MiB, 8.85 W; @1786726151
0, 0 %, 0 MiB, 22.25 W;1, 0 %, 0 MiB, 21.78 W;2, 0 %, 0 MiB, 12.49 W;3, 0 %, 0 MiB, 8.80 W; @1786726154
0, 0 %, 0 MiB, 21.84 W;1, 0 %, 0 MiB, 21.92 W;2, 0 %, 0 MiB, 12.17 W;3, 0 %, 0 MiB, 7.57 W; @1786726157
0, 0 %, 0 MiB, 21.58 W;1, 0 %, 0 MiB, 21.58 W;2, 0 %, 0 MiB, 11.92 W;3, 0 %, 0 MiB, 6.76 W; @1786726160
0, 0 %, 0 MiB, 21.23 W;1, 0 %, 0 MiB, 21.28 W;2, 0 %, 0 MiB, 11.77 W;3, 0 %, 0 MiB, 6.35 W; @1786726163
0, 0 %, 0 MiB, 21.40 W;1, 0 %, 0 MiB, 21.17 W;2, 0 %, 0 MiB, 12.01 W;3, 0 %, 0 MiB, 6.64 W; @1786726166
0, 0 %, 0 MiB, 21.24 W;1, 0 %, 0 MiB, 21.97 W;2, 0 %, 0 MiB, 12.13 W;3, 0 %, 0 MiB, 6.40 W; @1786726169
0, 0 %, 0 MiB, 21.51 W;1, 0 %, 0 MiB, 21.68 W;2, 0 %, 0 MiB, 12.00 W;3, 0 %, 0 MiB, 6.72 W; @1786726172
0, 0 %, 0 MiB, 21.53 W;1, 0 %, 0 MiB, 21.14 W;2, 0 %, 0 MiB, 11.96 W;3, 0 %, 0 MiB, 6.78 W; @1786726175
0, 0 %, 0 MiB, 21.63 W;1, 0 %, 0 MiB, 22.39 W;2, 0 %, 0 MiB, 11.99 W;3, 0 %, 0 MiB, 6.95 W; @1786726179
0, 0 %, 0 MiB, 21.57 W;1, 0 %, 0 MiB, 22.27 W;2, 0 %, 0 MiB, 12.03 W;3, 0 %, 0 MiB, 7.24 W; @1786726182
0, 0 %, 0 MiB, 21.57 W;1, 0 %, 0 MiB, 21.57 W;2, 0 %, 0 MiB, 11.82 W;3, 0 %, 0 MiB, 7.14 W; @1786726185
0, 0 %, 0 MiB, 21.81 W;1, 0 %, 0 MiB, 21.14 W;2, 0 %, 0 MiB, 12.03 W;3, 0 %, 0 MiB, 7.06 W; @1786726188
0, 0 %, 0 MiB, 21.56 W;1, 0 %, 0 MiB, 21.63 W;2, 0 %, 0 MiB, 12.13 W;3, 0 %, 0 MiB, 7.21 W; @1786726191
0, 0 %, 0 MiB, 21.38 W;1, 0 %, 0 MiB, 21.79 W;2, 0 %, 0 MiB, 11.93 W;3, 0 %, 0 MiB, 6.93 W; @1786726194
0, 0 %, 0 MiB, 21.59 W;1, 0 %, 0 MiB, 21.44 W;2, 0 %, 0 MiB, 12.13 W;3, 0 %, 0 MiB, 7.11 W; @1786726197
0, 0 %, 0 MiB, 21.54 W;1, 0 %, 0 MiB, 22.01 W;2, 0 %, 0 MiB, 11.93 W;3, 0 %, 0 MiB, 7.27 W; @1786726200
0, 0 %, 0 MiB, 21.59 W;1, 0 %, 0 MiB, 22.50 W;2, 0 %, 0 MiB, 12.11 W;3, 0 %, 0 MiB, 7.10 W; @1786726203
0, 0 %, 0 MiB, 21.40 W;1, 0 %, 0 MiB, 21.66 W;2, 0 %, 0 MiB, 12.03 W;3, 0 %, 0 MiB, 7.25 W; @1786726207
0, 0 %, 0 MiB, 21.23 W;1, 0 %, 0 MiB, 21.68 W;2, 0 %, 0 MiB, 12.07 W;3, 0 %, 0 MiB, 7.37 W; @1786726210
0, 0 %, 0 MiB, 21.15 W;1, 0 %, 0 MiB, 20.93 W;2, 0 %, 0 MiB, 12.22 W;3, 0 %, 0 MiB, 7.11 W; @1786726213
0, 0 %, 0 MiB, 21.20 W;1, 0 %, 0 MiB, 21.00 W;2, 0 %, 0 MiB, 12.40 W;3, 0 %, 0 MiB, 6.79 W; @1786726216
0, 0 %, 0 MiB, 21.11 W;1, 0 %, 0 MiB, 21.23 W;2, 0 %, 0 MiB, 12.04 W;3, 0 %, 0 MiB, 7.20 W; @1786726219
0, 0 %, 0 MiB, 21.12 W;1, 0 %, 0 MiB, 21.53 W;2, 0 %, 0 MiB, 11.94 W;3, 0 %, 0 MiB, 7.04 W; @1786726222
0, 0 %, 0 MiB, 21.41 W;1, 0 %, 0 MiB, 21.40 W;2, 0 %, 0 MiB, 11.93 W;3, 0 %, 0 MiB, 6.81 W; @1786726225
0, 0 %, 0 MiB, 21.32 W;1, 0 %, 0 MiB, 21.32 W;2, 0 %, 0 MiB, 11.95 W;3, 0 %, 0 MiB, 6.93 W; @1786726228
0, 0 %, 0 MiB, 21.52 W;1, 0 %, 0 MiB, 21.75 W;2, 0 %, 0 MiB, 11.91 W;3, 0 %, 0 MiB, 6.87 W; @1786726232
0, 0 %, 0 MiB, 21.18 W;1, 0 %, 0 MiB, 21.05 W;2, 0 %, 0 MiB, 12.04 W;3, 0 %, 0 MiB, 6.98 W; @1786726235
0, 0 %, 0 MiB, 21.24 W;1, 0 %, 0 MiB, 20.86 W;2, 0 %, 0 MiB, 11.98 W;3, 0 %, 0 MiB, 7.03 W; @1786726238
0, 0 %, 0 MiB, 21.04 W;1, 0 %, 0 MiB, 20.54 W;2, 0 %, 0 MiB, 12.06 W;3, 0 %, 0 MiB, 7.02 W; @1786726241
0, 0 %, 0 MiB, 21.34 W;1, 0 %, 0 MiB, 20.78 W;2, 0 %, 0 MiB, 12.03 W;3, 0 %, 0 MiB, 6.89 W; @1786726244
0, 0 %, 0 MiB, 21.19 W;1, 0 %, 0 MiB, 20.93 W;2, 0 %, 0 MiB, 12.20 W;3, 0 %, 0 MiB, 7.14 W; @1786726247
0, 0 %, 0 MiB, 21.05 W;1, 0 %, 0 MiB, 21.07 W;2, 0 %, 0 MiB, 12.31 W;3, 0 %, 0 MiB, 7.18 W; @1786726250
0, 0 %, 0 MiB, 21.06 W;1, 0 %, 0 MiB, 20.76 W;2, 0 %, 0 MiB, 12.00 W;3, 0 %, 0 MiB, 6.81 W; @1786726254
0, 0 %, 0 MiB, 21.15 W;1, 0 %, 0 MiB, 20.91 W;2, 0 %, 0 MiB, 12.05 W;3, 0 %, 0 MiB, 7.35 W; @1786726257
0, 0 %, 0 MiB, 21.11 W;1, 0 %, 0 MiB, 21.33 W;2, 0 %, 0 MiB, 11.97 W;3, 0 %, 0 MiB, 7.16 W; @1786726260
0, 0 %, 0 MiB, 21.14 W;1, 0 %, 0 MiB, 21.17 W;2, 0 %, 0 MiB, 12.09 W;3, 0 %, 0 MiB, 6.91 W; @1786726263
0, 0 %, 0 MiB, 21.10 W;1, 0 %, 0 MiB, 20.70 W;2, 0 %, 0 MiB, 11.97 W;3, 0 %, 0 MiB, 6.76 W; @1786726266
0, 0 %, 0 MiB, 20.96 W;1, 0 %, 0 MiB, 20.90 W;2, 0 %, 0 MiB, 12.00 W;3, 0 %, 0 MiB, 6.66 W; @1786726269
0, 0 %, 0 MiB, 21.31 W;1, 0 %, 0 MiB, 21.91 W;2, 0 %, 0 MiB, 11.94 W;3, 0 %, 0 MiB, 6.85 W; @1786726273
0, 0 %, 0 MiB, 21.09 W;1, 0 %, 0 MiB, 21.05 W;2, 0 %, 0 MiB, 12.07 W;3, 0 %, 0 MiB, 6.92 W; @1786726276
0, 0 %, 0 MiB, 21.37 W;1, 0 %, 0 MiB, 20.70 W;2, 0 %, 0 MiB, 12.13 W;3, 0 %, 0 MiB, 6.93 W; @1786726279
0, 0 %, 0 MiB, 21.46 W;1, 0 %, 0 MiB, 20.90 W;2, 0 %, 0 MiB, 11.88 W;3, 0 %, 0 MiB, 7.03 W; @1786726282
0, 0 %, 0 MiB, 21.44 W;1, 0 %, 0 MiB, 21.11 W;2, 0 %, 0 MiB, 11.99 W;3, 0 %, 0 MiB, 7.15 W; @1786726285
0, 0 %, 0 MiB, 21.48 W;1, 0 %, 0 MiB, 20.99 W;2, 0 %, 0 MiB, 11.96 W;3, 0 %, 0 MiB, 7.16 W; @1786726288
0, 0 %, 0 MiB, 21.55 W;1, 0 %, 0 MiB, 21.01 W;2, 0 %, 0 MiB, 11.98 W;3, 0 %, 0 MiB, 7.22 W; @1786726291
0, 0 %, 0 MiB, 21.52 W;1, 0 %, 0 MiB, 21.69 W;2, 0 %, 0 MiB, 11.97 W;3, 0 %, 0 MiB, 7.49 W; @1786726294
0, 0 %, 0 MiB, 21.32 W;1, 0 %, 0 MiB, 20.72 W;2, 0 %, 0 MiB, 11.97 W;3, 0 %, 0 MiB, 7.39 W; @1786726297
0, 0 %, 0 MiB, 21.47 W;1, 0 %, 0 MiB, 21.21 W;2, 0 %, 0 MiB, 11.94 W;3, 0 %, 0 MiB, 7.36 W; @1786726300
0, 0 %, 0 MiB, 21.41 W;1, 0 %, 0 MiB, 21.59 W;2, 0 %, 0 MiB, 11.92 W;3, 0 %, 0 MiB, 7.33 W; @1786726304
0, 0 %, 0 MiB, 21.45 W;1, 0 %, 0 MiB, 22.19 W;2, 0 %, 0 MiB, 12.22 W;3, 0 %, 0 MiB, 7.02 W; @1786726307
0, 0 %, 0 MiB, 21.53 W;1, 0 %, 0 MiB, 21.82 W;2, 0 %, 0 MiB, 12.21 W;3, 0 %, 0 MiB, 7.10 W; @1786726310
0, 0 %, 0 MiB, 21.64 W;1, 0 %, 0 MiB, 21.94 W;2, 0 %, 0 MiB, 12.02 W;3, 0 %, 0 MiB, 7.20 W; @1786726313
0, 0 %, 0 MiB, 21.50 W;1, 0 %, 0 MiB, 20.96 W;2, 0 %, 0 MiB, 12.11 W;3, 0 %, 0 MiB, 6.70 W; @1786726316
0, 0 %, 0 MiB, 21.55 W;1, 0 %, 0 MiB, 21.56 W;2, 0 %, 0 MiB, 12.10 W;3, 0 %, 0 MiB, 7.34 W; @1786726319
0, 0 %, 0 MiB, 21.67 W;1, 0 %, 0 MiB, 20.96 W;2, 0 %, 0 MiB, 12.37 W;3, 0 %, 0 MiB, 7.47 W; @1786726322
0, 0 %, 0 MiB, 21.63 W;1, 0 %, 0 MiB, 21.28 W;2, 0 %, 0 MiB, 12.17 W;3, 0 %, 0 MiB, 7.27 W; @1786726325
0, 0 %, 0 MiB, 21.43 W;1, 0 %, 0 MiB, 21.28 W;2, 0 %, 0 MiB, 12.18 W;3, 0 %, 0 MiB, 7.44 W; @1786726329
0, 0 %, 0 MiB, 21.61 W;1, 0 %, 0 MiB, 21.71 W;2, 0 %, 0 MiB, 11.95 W;3, 0 %, 0 MiB, 7.53 W; @1786726332
0, 0 %, 0 MiB, 21.47 W;1, 0 %, 0 MiB, 21.49 W;2, 0 %, 0 MiB, 12.21 W;3, 0 %, 0 MiB, 7.16 W; @1786726335
0, 0 %, 0 MiB, 21.44 W;1, 0 %, 0 MiB, 21.53 W;2, 0 %, 0 MiB, 12.15 W;3, 0 %, 0 MiB, 7.32 W; @1786726338
0, 0 %, 0 MiB, 20.90 W;1, 0 %, 0 MiB, 22.14 W;2, 0 %, 0 MiB, 12.06 W;3, 0 %, 0 MiB, 7.28 W; @1786726341
0, 0 %, 0 MiB, 20.87 W;1, 0 %, 0 MiB, 21.59 W;2, 0 %, 0 MiB, 11.96 W;3, 0 %, 0 MiB, 6.92 W; @1786726344
0, 0 %, 0 MiB, 21.09 W;1, 0 %, 0 MiB, 21.29 W;2, 0 %, 0 MiB, 12.16 W;3, 0 %, 0 MiB, 6.70 W; @1786726347
0, 0 %, 0 MiB, 20.97 W;1, 0 %, 0 MiB, 21.43 W;2, 0 %, 0 MiB, 12.09 W;3, 0 %, 0 MiB, 7.01 W; @1786726350
0, 0 %, 0 MiB, 21.00 W;1, 0 %, 0 MiB, 21.58 W;2, 0 %, 0 MiB, 11.97 W;3, 0 %, 0 MiB, 6.83 W; @1786726353
0, 0 %, 0 MiB, 21.17 W;1, 0 %, 0 MiB, 21.26 W;2, 0 %, 0 MiB, 11.91 W;3, 0 %, 0 MiB, 6.81 W; @1786726357
0, 0 %, 0 MiB, 21.09 W;1, 0 %, 0 MiB, 21.40 W;2, 0 %, 0 MiB, 12.16 W;3, 0 %, 0 MiB, 7.24 W; @1786726360
0, 0 %, 0 MiB, 21.47 W;1, 0 %, 0 MiB, 21.13 W;2, 0 %, 0 MiB, 11.90 W;3, 0 %, 0 MiB, 6.90 W; @1786726363
0, 0 %, 0 MiB, 21.37 W;1, 0 %, 0 MiB, 21.17 W;2, 0 %, 0 MiB, 12.10 W;3, 0 %, 0 MiB, 7.24 W; @1786726366
0, 0 %, 0 MiB, 21.29 W;1, 0 %, 0 MiB, 21.33 W;2, 0 %, 0 MiB, 11.79 W;3, 0 %, 0 MiB, 7.18 W; @1786726369
0, 0 %, 0 MiB, 21.14 W;1, 0 %, 0 MiB, 20.66 W;2, 0 %, 0 MiB, 11.82 W;3, 0 %, 0 MiB, 7.36 W; @1786726372
0, 0 %, 0 MiB, 20.89 W;1, 0 %, 0 MiB, 20.94 W;2, 0 %, 0 MiB, 11.96 W;3, 0 %, 0 MiB, 7.32 W; @1786726376
0, 0 %, 0 MiB, 20.97 W;1, 0 %, 0 MiB, 21.14 W;2, 0 %, 0 MiB, 11.85 W;3, 0 %, 0 MiB, 7.30 W; @1786726379
0, 0 %, 0 MiB, 21.02 W;1, 0 %, 0 MiB, 21.75 W;2, 0 %, 0 MiB, 12.10 W;3, 0 %, 0 MiB, 7.46 W; @1786726382
0, 0 %, 0 MiB, 20.88 W;1, 0 %, 0 MiB, 22.10 W;2, 0 %, 0 MiB, 12.06 W;3, 0 %, 0 MiB, 6.89 W; @1786726385
0, 0 %, 0 MiB, 20.89 W;1, 0 %, 0 MiB, 22.27 W;2, 0 %, 0 MiB, 11.92 W;3, 0 %, 0 MiB, 6.75 W; @1786726388
0, 0 %, 0 MiB, 21.01 W;1, 0 %, 0 MiB, 22.34 W;2, 0 %, 0 MiB, 11.85 W;3, 0 %, 0 MiB, 6.93 W; @1786726391
0, 0 %, 0 MiB, 20.91 W;1, 0 %, 0 MiB, 21.62 W;2, 0 %, 0 MiB, 11.82 W;3, 0 %, 0 MiB, 7.14 W; @1786726394
0, 0 %, 0 MiB, 21.15 W;1, 0 %, 0 MiB, 22.11 W;2, 0 %, 0 MiB, 11.94 W;3, 0 %, 0 MiB, 7.13 W; @1786726398
0, 0 %, 0 MiB, 21.09 W;1, 0 %, 0 MiB, 21.92 W;2, 0 %, 0 MiB, 12.03 W;3, 0 %, 0 MiB, 7.26 W; @1786726401
0, 0 %, 0 MiB, 21.43 W;1, 0 %, 0 MiB, 22.06 W;2, 0 %, 0 MiB, 11.97 W;3, 0 %, 0 MiB, 7.20 W; @1786726404
0, 0 %, 0 MiB, 21.12 W;1, 0 %, 0 MiB, 22.38 W;2, 0 %, 0 MiB, 12.09 W;3, 0 %, 0 MiB, 7.19 W; @1786726407
0, 0 %, 0 MiB, 21.39 W;1, 0 %, 0 MiB, 21.48 W;2, 0 %, 0 MiB, 12.03 W;3, 0 %, 0 MiB, 7.15 W; @1786726410
0, 0 %, 0 MiB, 21.24 W;1, 0 %, 0 MiB, 21.36 W;2, 0 %, 0 MiB, 12.05 W;3, 0 %, 0 MiB, 7.33 W; @1786726413
0, 0 %, 0 MiB, 21.10 W;1, 0 %, 0 MiB, 22.05 W;2, 0 %, 0 MiB, 11.90 W;3, 0 %, 0 MiB, 7.49 W; @1786726416
0, 0 %, 0 MiB, 21.28 W;1, 0 %, 0 MiB, 21.92 W;2, 0 %, 0 MiB, 11.98 W;3, 0 %, 0 MiB, 7.37 W; @1786726420
0, 0 %, 0 MiB, 21.15 W;1, 0 %, 0 MiB, 22.65 W;2, 0 %, 0 MiB, 12.03 W;3, 0 %, 0 MiB, 7.00 W; @1786726423
0, 0 %, 0 MiB, 21.56 W;1, 0 %, 0 MiB, 22.10 W;2, 0 %, 0 MiB, 11.91 W;3, 0 %, 0 MiB, 7.23 W; @1786726426
0, 0 %, 0 MiB, 21.31 W;1, 0 %, 0 MiB, 21.73 W;2, 0 %, 0 MiB, 11.86 W;3, 0 %, 0 MiB, 7.22 W; @1786726429
0, 0 %, 0 MiB, 21.38 W;1, 0 %, 0 MiB, 22.53 W;2, 0 %, 0 MiB, 12.50 W;3, 0 %, 0 MiB, 7.25 W; @1786726432
0, 0 %, 0 MiB, 21.45 W;1, 0 %, 0 MiB, 22.79 W;2, 0 %, 0 MiB, 12.27 W;3, 0 %, 0 MiB, 6.80 W; @1786726435
0, 0 %, 0 MiB, 21.49 W;1, 0 %, 0 MiB, 23.03 W;2, 0 %, 0 MiB, 12.22 W;3, 0 %, 0 MiB, 6.77 W; @1786726438
0, 0 %, 0 MiB, 21.39 W;1, 0 %, 0 MiB, 23.28 W;2, 0 %, 0 MiB, 12.01 W;3, 0 %, 0 MiB, 7.32 W; @1786726441
0, 0 %, 0 MiB, 21.48 W;1, 0 %, 0 MiB, 21.79 W;2, 0 %, 0 MiB, 12.02 W;3, 0 %, 0 MiB, 6.93 W; @1786726444
0, 0 %, 0 MiB, 21.68 W;1, 0 %, 0 MiB, 20.97 W;2, 0 %, 0 MiB, 11.98 W;3, 0 %, 0 MiB, 6.98 W; @1786726447
0, 0 %, 0 MiB, 21.51 W;1, 0 %, 0 MiB, 22.32 W;2, 0 %, 0 MiB, 12.02 W;3, 0 %, 0 MiB, 6.81 W; @1786726451
0, 0 %, 0 MiB, 21.61 W;1, 0 %, 0 MiB, 21.90 W;2, 0 %, 0 MiB, 12.01 W;3, 0 %, 0 MiB, 7.40 W; @1786726454
0, 0 %, 0 MiB, 21.68 W;1, 0 %, 0 MiB, 22.02 W;2, 0 %, 0 MiB, 11.95 W;3, 0 %, 0 MiB, 6.97 W; @1786726457
0, 0 %, 0 MiB, 21.69 W;1, 0 %, 0 MiB, 21.60 W;2, 0 %, 0 MiB, 12.08 W;3, 0 %, 0 MiB, 6.98 W; @1786726460
0, 0 %, 0 MiB, 21.50 W;1, 0 %, 0 MiB, 21.11 W;2, 0 %, 0 MiB, 11.89 W;3, 0 %, 0 MiB, 6.97 W; @1786726463
0, 0 %, 0 MiB, 21.27 W;1, 0 %, 0 MiB, 21.33 W;2, 0 %, 0 MiB, 11.98 W;3, 0 %, 0 MiB, 7.04 W; @1786726466
0, 0 %, 0 MiB, 21.24 W;1, 0 %, 0 MiB, 20.99 W;2, 0 %, 0 MiB, 12.03 W;3, 0 %, 0 MiB, 6.62 W; @1786726469
0, 0 %, 0 MiB, 21.39 W;1, 0 %, 0 MiB, 21.78 W;2, 0 %, 0 MiB, 11.94 W;3, 0 %, 0 MiB, 6.88 W; @1786726472
0, 0 %, 0 MiB, 21.64 W;1, 0 %, 0 MiB, 21.16 W;2, 0 %, 0 MiB, 12.09 W;3, 0 %, 0 MiB, 6.39 W; @1786726475
0, 0 %, 0 MiB, 21.77 W;1, 0 %, 0 MiB, 21.40 W;2, 0 %, 0 MiB, 12.01 W;3, 0 %, 0 MiB, 6.77 W; @1786726478
0, 0 %, 0 MiB, 21.42 W;1, 0 %, 0 MiB, 21.10 W;2, 0 %, 0 MiB, 11.97 W;3, 0 %, 0 MiB, 6.64 W; @1786726482
0, 0 %, 0 MiB, 21.21 W;1, 0 %, 0 MiB, 21.68 W;2, 0 %, 0 MiB, 12.01 W;3, 0 %, 0 MiB, 6.70 W; @1786726485
0, 0 %, 0 MiB, 21.25 W;1, 0 %, 0 MiB, 21.47 W;2, 0 %, 0 MiB, 11.73 W;3, 0 %, 0 MiB, 6.84 W; @1786726488
0, 0 %, 0 MiB, 21.48 W;1, 0 %, 0 MiB, 21.64 W;2, 0 %, 0 MiB, 12.02 W;3, 0 %, 0 MiB, 6.39 W; @1786726491
0, 0 %, 0 MiB, 21.28 W;1, 0 %, 0 MiB, 21.88 W;2, 0 %, 0 MiB, 12.11 W;3, 0 %, 0 MiB, 6.66 W; @1786726494
0, 0 %, 0 MiB, 21.39 W;1, 0 %, 0 MiB, 21.10 W;2, 0 %, 0 MiB, 12.15 W;3, 0 %, 0 MiB, 6.73 W; @1786726497
0, 0 %, 0 MiB, 21.49 W;1, 0 %, 0 MiB, 21.64 W;2, 0 %, 0 MiB, 11.89 W;3, 0 %, 0 MiB, 6.68 W; @1786726500
0, 0 %, 0 MiB, 21.37 W;1, 0 %, 0 MiB, 21.50 W;2, 0 %, 0 MiB, 12.22 W;3, 0 %, 0 MiB, 6.74 W; @1786726503
0, 0 %, 0 MiB, 21.87 W;1, 0 %, 0 MiB, 21.77 W;2, 0 %, 0 MiB, 12.68 W;3, 0 %, 0 MiB, 7.31 W; @1786726506
0, 0 %, 0 MiB, 21.46 W;1, 0 %, 0 MiB, 21.97 W;2, 0 %, 0 MiB, 12.20 W;3, 0 %, 0 MiB, 8.06 W; @1786726510
0, 0 %, 0 MiB, 21.58 W;1, 0 %, 0 MiB, 22.19 W;2, 0 %, 0 MiB, 11.96 W;3, 0 %, 0 MiB, 8.19 W; @1786726513
0, 0 %, 0 MiB, 21.69 W;1, 0 %, 0 MiB, 21.89 W;2, 0 %, 0 MiB, 12.10 W;3, 0 %, 0 MiB, 8.34 W; @1786726516
0, 0 %, 0 MiB, 21.51 W;1, 0 %, 0 MiB, 21.18 W;2, 0 %, 0 MiB, 12.11 W;3, 0 %, 0 MiB, 8.09 W; @1786726519
0, 0 %, 0 MiB, 21.49 W;1, 0 %, 0 MiB, 21.18 W;2, 0 %, 0 MiB, 12.23 W;3, 0 %, 0 MiB, 8.09 W; @1786726522
0, 0 %, 0 MiB, 21.29 W;1, 0 %, 0 MiB, 21.78 W;2, 0 %, 0 MiB, 12.24 W;3, 0 %, 0 MiB, 7.86 W; @1786726525
0, 0 %, 0 MiB, 21.14 W;1, 0 %, 0 MiB, 21.02 W;2, 0 %, 0 MiB, 12.24 W;3, 0 %, 0 MiB, 8.10 W; @1786726528
0, 0 %, 0 MiB, 21.34 W;1, 0 %, 0 MiB, 21.57 W;2, 0 %, 0 MiB, 11.94 W;3, 0 %, 0 MiB, 8.00 W; @1786726531
0, 0 %, 0 MiB, 21.42 W;1, 0 %, 0 MiB, 21.51 W;2, 0 %, 0 MiB, 12.01 W;3, 0 %, 0 MiB, 7.59 W; @1786726534
0, 0 %, 0 MiB, 21.49 W;1, 0 %, 0 MiB, 21.60 W;2, 0 %, 0 MiB, 11.96 W;3, 0 %, 0 MiB, 8.10 W; @1786726537
0, 0 %, 0 MiB, 21.50 W;1, 0 %, 0 MiB, 20.94 W;2, 0 %, 0 MiB, 12.15 W;3, 0 %, 0 MiB, 7.69 W; @1786726541
0, 0 %, 0 MiB, 21.39 W;1, 0 %, 0 MiB, 21.34 W;2, 0 %, 0 MiB, 11.83 W;3, 0 %, 0 MiB, 7.38 W; @1786726544
0, 0 %, 0 MiB, 21.54 W;1, 0 %, 0 MiB, 21.90 W;2, 0 %, 0 MiB, 11.86 W;3, 0 %, 0 MiB, 7.68 W; @1786726547
0, 0 %, 0 MiB, 21.51 W;1, 0 %, 0 MiB, 21.88 W;2, 0 %, 0 MiB, 11.85 W;3, 0 %, 0 MiB, 7.80 W; @1786726550
0, 0 %, 0 MiB, 21.63 W;1, 0 %, 0 MiB, 21.00 W;2, 0 %, 0 MiB, 12.03 W;3, 0 %, 0 MiB, 8.20 W; @1786726553
0, 0 %, 0 MiB, 21.42 W;1, 0 %, 0 MiB, 21.90 W;2, 0 %, 0 MiB, 11.90 W;3, 0 %, 0 MiB, 8.18 W; @1786726556
0, 0 %, 0 MiB, 21.51 W;1, 0 %, 0 MiB, 21.44 W;2, 0 %, 0 MiB, 11.84 W;3, 0 %, 0 MiB, 7.73 W; @1786726559
0, 0 %, 0 MiB, 21.80 W;1, 0 %, 0 MiB, 22.72 W;2, 0 %, 0 MiB, 11.85 W;3, 0 %, 0 MiB, 7.95 W; @1786726562
0, 0 %, 0 MiB, 21.84 W;1, 0 %, 0 MiB, 21.39 W;2, 0 %, 0 MiB, 11.85 W;3, 0 %, 0 MiB, 7.72 W; @1786726565
0, 0 %, 0 MiB, 22.03 W;1, 0 %, 0 MiB, 21.31 W;2, 0 %, 0 MiB, 11.83 W;3, 0 %, 0 MiB, 7.74 W; @1786726568
0, 0 %, 0 MiB, 21.78 W;1, 0 %, 0 MiB, 21.65 W;2, 0 %, 0 MiB, 11.93 W;3, 0 %, 0 MiB, 8.08 W; @1786726571
0, 0 %, 0 MiB, 21.62 W;1, 0 %, 0 MiB, 21.72 W;2, 0 %, 0 MiB, 12.01 W;3, 0 %, 0 MiB, 8.12 W; @1786726575
0, 0 %, 0 MiB, 21.71 W;1, 0 %, 0 MiB, 21.60 W;2, 0 %, 0 MiB, 12.03 W;3, 0 %, 0 MiB, 7.88 W; @1786726578
0, 0 %, 0 MiB, 21.49 W;1, 0 %, 0 MiB, 21.74 W;2, 0 %, 0 MiB, 11.99 W;3, 0 %, 0 MiB, 7.86 W; @1786726581
0, 0 %, 0 MiB, 21.53 W;1, 0 %, 0 MiB, 21.89 W;2, 0 %, 0 MiB, 11.89 W;3, 0 %, 0 MiB, 7.69 W; @1786726584
0, 0 %, 0 MiB, 21.62 W;1, 0 %, 0 MiB, 21.73 W;2, 0 %, 0 MiB, 11.93 W;3, 0 %, 0 MiB, 7.80 W; @1786726587
0, 0 %, 0 MiB, 21.73 W;1, 0 %, 0 MiB, 21.72 W;2, 0 %, 0 MiB, 11.95 W;3, 0 %, 0 MiB, 7.78 W; @1786726590
0, 0 %, 0 MiB, 21.30 W;1, 0 %, 0 MiB, 21.28 W;2, 0 %, 0 MiB, 11.96 W;3, 0 %, 0 MiB, 8.11 W; @1786726593
0, 0 %, 0 MiB, 21.34 W;1, 0 %, 0 MiB, 21.41 W;2, 0 %, 0 MiB, 11.98 W;3, 0 %, 0 MiB, 7.59 W; @1786726596
0, 0 %, 0 MiB, 21.11 W;1, 0 %, 0 MiB, 21.30 W;2, 0 %, 0 MiB, 11.73 W;3, 0 %, 0 MiB, 7.62 W; @1786726599
0, 0 %, 0 MiB, 21.23 W;1, 0 %, 0 MiB, 21.24 W;2, 0 %, 0 MiB, 11.84 W;3, 0 %, 0 MiB, 7.58 W; @1786726602
0, 0 %, 0 MiB, 21.43 W;1, 0 %, 0 MiB, 21.43 W;2, 0 %, 0 MiB, 11.97 W;3, 0 %, 0 MiB, 7.75 W; @1786726606
0, 0 %, 0 MiB, 21.35 W;1, 0 %, 0 MiB, 21.29 W;2, 0 %, 0 MiB, 12.05 W;3, 0 %, 0 MiB, 7.56 W; @1786726609
0, 0 %, 0 MiB, 21.77 W;1, 0 %, 0 MiB, 21.61 W;2, 0 %, 0 MiB, 11.96 W;3, 0 %, 0 MiB, 7.77 W; @1786726612
0, 0 %, 0 MiB, 21.04 W;1, 0 %, 0 MiB, 21.13 W;2, 0 %, 0 MiB, 11.94 W;3, 0 %, 0 MiB, 7.66 W; @1786726615
0, 0 %, 0 MiB, 21.02 W;1, 0 %, 0 MiB, 21.55 W;2, 0 %, 0 MiB, 12.05 W;3, 0 %, 0 MiB, 7.61 W; @1786726618
0, 0 %, 0 MiB, 21.49 W;1, 0 %, 0 MiB, 21.08 W;2, 0 %, 0 MiB, 12.17 W;3, 0 %, 0 MiB, 7.83 W; @1786726621
0, 0 %, 0 MiB, 21.52 W;1, 0 %, 0 MiB, 21.97 W;2, 0 %, 0 MiB, 12.20 W;3, 0 %, 0 MiB, 6.26 W; @1786726624
0, 0 %, 0 MiB, 21.32 W;1, 0 %, 0 MiB, 21.95 W;2, 0 %, 0 MiB, 12.17 W;3, 0 %, 0 MiB, 6.32 W; @1786726627
0, 0 %, 0 MiB, 21.60 W;1, 0 %, 0 MiB, 21.61 W;2, 0 %, 0 MiB, 12.59 W;3, 0 %, 0 MiB, 7.31 W; @1786726630
0, 0 %, 0 MiB, 21.02 W;1, 0 %, 0 MiB, 21.33 W;2, 0 %, 0 MiB, 12.17 W;3, 0 %, 0 MiB, 7.91 W; @1786726633
0, 0 %, 0 MiB, 21.10 W;1, 0 %, 0 MiB, 21.53 W;2, 0 %, 0 MiB, 11.91 W;3, 0 %, 0 MiB, 8.16 W; @1786726637
0, 0 %, 0 MiB, 21.47 W;1, 0 %, 0 MiB, 21.19 W;2, 0 %, 0 MiB, 12.09 W;3, 0 %, 0 MiB, 8.34 W; @1786726640
0, 0 %, 0 MiB, 21.35 W;1, 0 %, 0 MiB, 21.16 W;2, 0 %, 0 MiB, 11.88 W;3, 0 %, 0 MiB, 8.31 W; @1786726643
0, 0 %, 0 MiB, 21.61 W;1, 0 %, 0 MiB, 21.64 W;2, 0 %, 0 MiB, 11.74 W;3, 0 %, 0 MiB, 8.37 W; @1786726646
0, 0 %, 0 MiB, 21.53 W;1, 0 %, 0 MiB, 21.35 W;2, 0 %, 0 MiB, 11.85 W;3, 0 %, 0 MiB, 8.47 W; @1786726649
0, 0 %, 0 MiB, 21.58 W;1, 0 %, 0 MiB, 21.69 W;2, 0 %, 0 MiB, 12.14 W;3, 0 %, 0 MiB, 8.44 W; @1786726652
0, 0 %, 0 MiB, 21.82 W;1, 0 %, 0 MiB, 20.92 W;2, 0 %, 0 MiB, 12.06 W;3, 0 %, 0 MiB, 8.38 W; @1786726655
0, 0 %, 0 MiB, 21.87 W;1, 0 %, 0 MiB, 21.60 W;2, 0 %, 0 MiB, 12.14 W;3, 0 %, 0 MiB, 8.20 W; @1786726658
0, 0 %, 0 MiB, 21.77 W;1, 0 %, 0 MiB, 21.00 W;2, 0 %, 0 MiB, 12.03 W;3, 0 %, 0 MiB, 8.24 W; @1786726661
0, 0 %, 0 MiB, 21.92 W;1, 0 %, 0 MiB, 21.22 W;2, 0 %, 0 MiB, 12.22 W;3, 0 %, 0 MiB, 8.27 W; @1786726664
0, 0 %, 0 MiB, 21.70 W;1, 0 %, 0 MiB, 21.74 W;2, 0 %, 0 MiB, 12.14 W;3, 0 %, 0 MiB, 8.05 W; @1786726668
0, 0 %, 0 MiB, 21.78 W;1, 0 %, 0 MiB, 22.08 W;2, 0 %, 0 MiB, 12.15 W;3, 0 %, 0 MiB, 7.94 W; @1786726671
0, 0 %, 0 MiB, 21.71 W;1, 0 %, 0 MiB, 22.01 W;2, 0 %, 0 MiB, 12.13 W;3, 0 %, 0 MiB, 8.35 W; @1786726674
0, 0 %, 0 MiB, 21.77 W;1, 0 %, 0 MiB, 21.20 W;2, 0 %, 0 MiB, 12.26 W;3, 0 %, 0 MiB, 8.14 W; @1786726677
0, 0 %, 0 MiB, 21.77 W;1, 0 %, 0 MiB, 21.88 W;2, 0 %, 0 MiB, 11.91 W;3, 0 %, 0 MiB, 7.98 W; @1786726680
0, 0 %, 0 MiB, 21.69 W;1, 0 %, 0 MiB, 21.82 W;2, 0 %, 0 MiB, 12.12 W;3, 0 %, 0 MiB, 8.26 W; @1786726683
0, 0 %, 0 MiB, 21.81 W;1, 0 %, 0 MiB, 21.25 W;2, 0 %, 0 MiB, 12.06 W;3, 0 %, 0 MiB, 8.24 W; @1786726686
0, 0 %, 0 MiB, 21.68 W;1, 0 %, 0 MiB, 21.44 W;2, 0 %, 0 MiB, 12.30 W;3, 0 %, 0 MiB, 8.19 W; @1786726689
0, 0 %, 0 MiB, 21.55 W;1, 0 %, 0 MiB, 21.84 W;2, 0 %, 0 MiB, 12.24 W;3, 0 %, 0 MiB, 8.61 W; @1786726692
0, 0 %, 0 MiB, 21.62 W;1, 0 %, 0 MiB, 21.66 W;2, 0 %, 0 MiB, 11.96 W;3, 0 %, 0 MiB, 8.12 W; @1786726695
0, 0 %, 0 MiB, 21.49 W;1, 0 %, 0 MiB, 22.47 W;2, 0 %, 0 MiB, 11.99 W;3, 0 %, 0 MiB, 8.14 W; @1786726699
0, 0 %, 0 MiB, 21.17 W;1, 0 %, 0 MiB, 21.81 W;2, 0 %, 0 MiB, 11.97 W;3, 0 %, 0 MiB, 8.51 W; @1786726702
0, 0 %, 0 MiB, 21.17 W;1, 0 %, 0 MiB, 22.41 W;2, 0 %, 0 MiB, 12.01 W;3, 0 %, 0 MiB, 8.39 W; @1786726705
0, 0 %, 0 MiB, 21.53 W;1, 0 %, 0 MiB, 21.64 W;2, 0 %, 0 MiB, 11.82 W;3, 0 %, 0 MiB, 8.39 W; @1786726708
0, 0 %, 0 MiB, 21.48 W;1, 0 %, 0 MiB, 21.73 W;2, 0 %, 0 MiB, 11.89 W;3, 0 %, 0 MiB, 8.24 W; @1786726711
0, 0 %, 0 MiB, 21.68 W;1, 0 %, 0 MiB, 22.35 W;2, 0 %, 0 MiB, 12.02 W;3, 0 %, 0 MiB, 8.18 W; @1786726714
0, 0 %, 0 MiB, 21.53 W;1, 0 %, 0 MiB, 21.61 W;2, 0 %, 0 MiB, 12.08 W;3, 0 %, 0 MiB, 8.14 W; @1786726717
0, 0 %, 0 MiB, 21.40 W;1, 0 %, 0 MiB, 21.64 W;2, 0 %, 0 MiB, 12.04 W;3, 0 %, 0 MiB, 8.05 W; @1786726720
0, 0 %, 0 MiB, 21.27 W;1, 0 %, 0 MiB, 22.97 W;2, 0 %, 0 MiB, 12.03 W;3, 0 %, 0 MiB, 8.07 W; @1786726723
0, 0 %, 0 MiB, 21.23 W;1, 0 %, 0 MiB, 23.27 W;2, 0 %, 0 MiB, 12.16 W;3, 0 %, 0 MiB, 8.12 W; @1786726726
0, 0 %, 0 MiB, 21.26 W;1, 0 %, 0 MiB, 22.85 W;2, 0 %, 0 MiB, 12.11 W;3, 0 %, 0 MiB, 8.38 W; @1786726730
0, 0 %, 0 MiB, 20.92 W;1, 0 %, 0 MiB, 22.89 W;2, 0 %, 0 MiB, 12.01 W;3, 0 %, 0 MiB, 8.38 W; @1786726733
0, 0 %, 0 MiB, 21.33 W;1, 0 %, 0 MiB, 22.19 W;2, 0 %, 0 MiB, 11.96 W;3, 0 %, 0 MiB, 8.26 W; @1786726736
0, 0 %, 0 MiB, 21.16 W;1, 0 %, 0 MiB, 22.07 W;2, 0 %, 0 MiB, 11.93 W;3, 0 %, 0 MiB, 8.03 W; @1786726739
0, 0 %, 0 MiB, 21.11 W;1, 0 %, 0 MiB, 21.93 W;2, 0 %, 0 MiB, 11.91 W;3, 0 %, 0 MiB, 8.04 W; @1786726742
0, 0 %, 0 MiB, 21.43 W;1, 0 %, 0 MiB, 22.15 W;2, 0 %, 0 MiB, 11.89 W;3, 0 %, 0 MiB, 7.94 W; @1786726745
0, 0 %, 0 MiB, 21.13 W;1, 0 %, 0 MiB, 21.79 W;2, 0 %, 0 MiB, 11.87 W;3, 0 %, 0 MiB, 7.84 W; @1786726748
0, 0 %, 0 MiB, 21.17 W;1, 0 %, 0 MiB, 22.11 W;2, 0 %, 0 MiB, 12.00 W;3, 0 %, 0 MiB, 7.85 W; @1786726751
0, 0 %, 0 MiB, 21.23 W;1, 0 %, 0 MiB, 21.93 W;2, 0 %, 0 MiB, 11.94 W;3, 0 %, 0 MiB, 7.65 W; @1786726754
0, 0 %, 0 MiB, 21.25 W;1, 0 %, 0 MiB, 22.01 W;2, 0 %, 0 MiB, 11.98 W;3, 0 %, 0 MiB, 8.06 W; @1786726757
0, 0 %, 0 MiB, 21.47 W;1, 0 %, 0 MiB, 21.59 W;2, 0 %, 0 MiB, 11.87 W;3, 0 %, 0 MiB, 8.37 W; @1786726760
0, 0 %, 0 MiB, 21.28 W;1, 0 %, 0 MiB, 21.16 W;2, 0 %, 0 MiB, 11.73 W;3, 0 %, 0 MiB, 8.07 W; @1786726764
0, 0 %, 0 MiB, 21.11 W;1, 0 %, 0 MiB, 21.34 W;2, 0 %, 0 MiB, 11.92 W;3, 0 %, 0 MiB, 8.49 W; @1786726767
0, 0 %, 0 MiB, 21.08 W;1, 0 %, 0 MiB, 20.93 W;2, 0 %, 0 MiB, 11.81 W;3, 0 %, 0 MiB, 8.10 W; @1786726770
0, 0 %, 0 MiB, 21.02 W;1, 0 %, 0 MiB, 21.03 W;2, 0 %, 0 MiB, 12.04 W;3, 0 %, 0 MiB, 7.81 W; @1786726773
0, 0 %, 0 MiB, 21.42 W;1, 0 %, 0 MiB, 21.81 W;2, 0 %, 0 MiB, 11.86 W;3, 0 %, 0 MiB, 7.56 W; @1786726776
0, 0 %, 0 MiB, 21.33 W;1, 0 %, 0 MiB, 22.04 W;2, 0 %, 0 MiB, 11.87 W;3, 0 %, 0 MiB, 7.83 W; @1786726779
0, 0 %, 0 MiB, 21.65 W;1, 0 %, 0 MiB, 22.10 W;2, 0 %, 0 MiB, 12.00 W;3, 0 %, 0 MiB, 7.97 W; @1786726782
0, 0 %, 0 MiB, 21.57 W;1, 0 %, 0 MiB, 21.69 W;2, 0 %, 0 MiB, 11.90 W;3, 0 %, 0 MiB, 8.06 W; @1786726785
0, 0 %, 0 MiB, 21.87 W;1, 0 %, 0 MiB, 22.48 W;2, 0 %, 0 MiB, 12.03 W;3, 0 %, 0 MiB, 7.78 W; @1786726788
0, 0 %, 0 MiB, 21.47 W;1, 0 %, 0 MiB, 21.81 W;2, 0 %, 0 MiB, 11.93 W;3, 0 %, 0 MiB, 8.08 W; @1786726791
0, 0 %, 0 MiB, 21.36 W;1, 0 %, 0 MiB, 22.02 W;2, 0 %, 0 MiB, 11.83 W;3, 0 %, 0 MiB, 8.11 W; @1786726795
0, 0 %, 0 MiB, 21.24 W;1, 0 %, 0 MiB, 22.10 W;2, 0 %, 0 MiB, 11.80 W;3, 0 %, 0 MiB, 8.16 W; @1786726798
0, 0 %, 0 MiB, 21.10 W;1, 0 %, 0 MiB, 22.39 W;2, 0 %, 0 MiB, 11.89 W;3, 0 %, 0 MiB, 8.10 W; @1786726801
0, 1 %, 509 MiB, 45.21 W;1, 0 %, 509 MiB, 39.41 W;2, 0 %, 3 MiB, 13.25 W;3, 0 %, 3 MiB, 9.30 W; @1786726804
0, 0 %, 0 MiB, 63.19 W;1, 0 %, 0 MiB, 61.07 W;2, 0 %, 0 MiB, 53.48 W;3, 0 %, 0 MiB, 50.64 W; @1786726807
0, 0 %, 0 MiB, 21.70 W;1, 0 %, 0 MiB, 23.86 W;2, 0 %, 0 MiB, 13.15 W;3, 0 %, 0 MiB, 10.44 W; @1786726810
0, 0 %, 0 MiB, 21.37 W;1, 0 %, 0 MiB, 22.00 W;2, 0 %, 0 MiB, 12.23 W;3, 0 %, 0 MiB, 8.16 W; @1786726813
0, 0 %, 0 MiB, 21.17 W;1, 0 %, 0 MiB, 22.28 W;2, 0 %, 0 MiB, 12.26 W;3, 0 %, 0 MiB, 7.97 W; @1786726816
0, 0 %, 0 MiB, 21.39 W;1, 0 %, 0 MiB, 21.86 W;2, 0 %, 0 MiB, 12.01 W;3, 0 %, 0 MiB, 7.88 W; @1786726819
0, 0 %, 0 MiB, 21.31 W;1, 0 %, 0 MiB, 21.85 W;2, 0 %, 0 MiB, 12.11 W;3, 0 %, 0 MiB, 8.05 W; @1786726822
0, 0 %, 0 MiB, 21.49 W;1, 0 %, 0 MiB, 22.08 W;2, 0 %, 0 MiB, 11.98 W;3, 0 %, 0 MiB, 7.59 W; @1786726826
0, 0 %, 0 MiB, 21.59 W;1, 0 %, 0 MiB, 22.62 W;2, 0 %, 0 MiB, 11.96 W;3, 0 %, 0 MiB, 7.76 W; @1786726829
0, 0 %, 0 MiB, 21.73 W;1, 0 %, 0 MiB, 22.57 W;2, 0 %, 0 MiB, 12.04 W;3, 0 %, 0 MiB, 7.79 W; @1786726832
0, 0 %, 0 MiB, 21.67 W;1, 0 %, 0 MiB, 22.71 W;2, 0 %, 0 MiB, 12.03 W;3, 0 %, 0 MiB, 7.61 W; @1786726835
0, 0 %, 0 MiB, 21.55 W;1, 0 %, 0 MiB, 21.64 W;2, 0 %, 0 MiB, 11.99 W;3, 0 %, 0 MiB, 7.23 W; @1786726838
0, 0 %, 0 MiB, 21.69 W;1, 0 %, 0 MiB, 22.10 W;2, 0 %, 0 MiB, 12.11 W;3, 0 %, 0 MiB, 7.67 W; @1786726841
0, 0 %, 0 MiB, 21.64 W;1, 0 %, 0 MiB, 22.54 W;2, 0 %, 0 MiB, 11.91 W;3, 0 %, 0 MiB, 7.59 W; @1786726844
0, 0 %, 0 MiB, 21.55 W;1, 0 %, 0 MiB, 22.52 W;2, 0 %, 0 MiB, 12.01 W;3, 0 %, 0 MiB, 7.49 W; @1786726847
0, 0 %, 0 MiB, 21.41 W;1, 0 %, 0 MiB, 22.43 W;2, 0 %, 0 MiB, 11.90 W;3, 0 %, 0 MiB, 7.93 W; @1786726850
0, 0 %, 0 MiB, 21.54 W;1, 0 %, 0 MiB, 22.25 W;2, 0 %, 0 MiB, 12.07 W;3, 0 %, 0 MiB, 7.51 W; @1786726853
0, 0 %, 0 MiB, 21.30 W;1, 0 %, 0 MiB, 22.20 W;2, 0 %, 0 MiB, 12.02 W;3, 0 %, 0 MiB, 7.59 W; @1786726857
0, 0 %, 0 MiB, 21.69 W;1, 0 %, 0 MiB, 22.21 W;2, 0 %, 0 MiB, 11.97 W;3, 0 %, 0 MiB, 7.78 W; @1786726860
0, 0 %, 0 MiB, 21.59 W;1, 0 %, 0 MiB, 22.97 W;2, 0 %, 0 MiB, 12.18 W;3, 0 %, 0 MiB, 7.78 W; @1786726863
0, 0 %, 0 MiB, 21.37 W;1, 0 %, 0 MiB, 21.76 W;2, 0 %, 0 MiB, 12.04 W;3, 0 %, 0 MiB, 7.94 W; @1786726866
0, 0 %, 0 MiB, 21.54 W;1, 0 %, 0 MiB, 22.77 W;2, 0 %, 0 MiB, 12.09 W;3, 0 %, 0 MiB, 7.85 W; @1786726869
0, 0 %, 0 MiB, 21.74 W;1, 0 %, 0 MiB, 22.22 W;2, 0 %, 0 MiB, 12.22 W;3, 0 %, 0 MiB, 7.81 W; @1786726872
0, 0 %, 0 MiB, 21.61 W;1, 0 %, 0 MiB, 21.94 W;2, 0 %, 0 MiB, 12.17 W;3, 0 %, 0 MiB, 7.92 W; @1786726875
0, 0 %, 0 MiB, 21.81 W;1, 0 %, 0 MiB, 21.97 W;2, 0 %, 0 MiB, 12.32 W;3, 0 %, 0 MiB, 8.07 W; @1786726878
0, 0 %, 0 MiB, 21.84 W;1, 0 %, 0 MiB, 21.85 W;2, 0 %, 0 MiB, 12.25 W;3, 0 %, 0 MiB, 7.85 W; @1786726881
0, 0 %, 0 MiB, 21.41 W;1, 0 %, 0 MiB, 22.74 W;2, 0 %, 0 MiB, 12.07 W;3, 0 %, 0 MiB, 7.82 W; @1786726884
0, 0 %, 0 MiB, 21.15 W;1, 0 %, 0 MiB, 22.38 W;2, 0 %, 0 MiB, 11.98 W;3, 0 %, 0 MiB, 7.89 W; @1786726887
0, 0 %, 0 MiB, 21.14 W;1, 0 %, 0 MiB, 21.73 W;2, 0 %, 0 MiB, 12.14 W;3, 0 %, 0 MiB, 7.75 W; @1786726891
0, 0 %, 0 MiB, 21.29 W;1, 0 %, 0 MiB, 22.19 W;2, 0 %, 0 MiB, 11.85 W;3, 0 %, 0 MiB, 7.76 W; @1786726894
0, 0 %, 0 MiB, 21.52 W;1, 0 %, 0 MiB, 21.74 W;2, 0 %, 0 MiB, 11.88 W;3, 0 %, 0 MiB, 7.89 W; @1786726897
0, 0 %, 0 MiB, 21.39 W;1, 0 %, 0 MiB, 21.15 W;2, 0 %, 0 MiB, 11.95 W;3, 0 %, 0 MiB, 7.64 W; @1786726900
0, 0 %, 0 MiB, 21.27 W;1, 0 %, 0 MiB, 21.84 W;2, 0 %, 0 MiB, 12.16 W;3, 0 %, 0 MiB, 7.84 W; @1786726903
0, 0 %, 0 MiB, 21.10 W;1, 0 %, 0 MiB, 22.07 W;2, 0 %, 0 MiB, 12.17 W;3, 0 %, 0 MiB, 7.71 W; @1786726906
0, 0 %, 0 MiB, 21.20 W;1, 0 %, 0 MiB, 21.39 W;2, 0 %, 0 MiB, 12.19 W;3, 0 %, 0 MiB, 7.75 W; @1786726909
0, 0 %, 0 MiB, 21.14 W;1, 0 %, 0 MiB, 21.95 W;2, 0 %, 0 MiB, 12.16 W;3, 0 %, 0 MiB, 8.20 W; @1786726912
0, 0 %, 0 MiB, 21.04 W;1, 0 %, 0 MiB, 21.33 W;2, 0 %, 0 MiB, 12.00 W;3, 0 %, 0 MiB, 7.92 W; @1786726915
0, 0 %, 0 MiB, 21.21 W;1, 0 %, 0 MiB, 21.51 W;2, 0 %, 0 MiB, 11.91 W;3, 0 %, 0 MiB, 7.71 W; @1786726918
0, 0 %, 0 MiB, 21.45 W;1, 0 %, 0 MiB, 21.55 W;2, 0 %, 0 MiB, 12.10 W;3, 0 %, 0 MiB, 7.69 W; @1786726922
0, 0 %, 0 MiB, 21.00 W;1, 0 %, 0 MiB, 21.86 W;2, 0 %, 0 MiB, 12.07 W;3, 0 %, 0 MiB, 7.56 W; @1786726925
0, 0 %, 0 MiB, 21.21 W;1, 0 %, 0 MiB, 22.19 W;2, 0 %, 0 MiB, 12.16 W;3, 0 %, 0 MiB, 7.77 W; @1786726928
0, 0 %, 0 MiB, 21.53 W;1, 0 %, 0 MiB, 22.62 W;2, 0 %, 0 MiB, 12.10 W;3, 0 %, 0 MiB, 7.62 W; @1786726931
0, 0 %, 0 MiB, 21.33 W;1, 0 %, 0 MiB, 22.11 W;2, 0 %, 0 MiB, 11.99 W;3, 0 %, 0 MiB, 7.42 W; @1786726934
0, 0 %, 0 MiB, 21.13 W;1, 0 %, 0 MiB, 21.28 W;2, 0 %, 0 MiB, 12.34 W;3, 0 %, 0 MiB, 7.40 W; @1786726937
0, 0 %, 0 MiB, 21.58 W;1, 0 %, 0 MiB, 20.76 W;2, 0 %, 0 MiB, 12.88 W;3, 0 %, 0 MiB, 8.11 W; @1786726940
0, 0 %, 0 MiB, 21.48 W;1, 0 %, 0 MiB, 20.71 W;2, 0 %, 0 MiB, 12.94 W;3, 0 %, 0 MiB, 8.08 W; @1786726943
0, 0 %, 0 MiB, 20.99 W;1, 0 %, 0 MiB, 21.29 W;2, 0 %, 0 MiB, 12.60 W;3, 0 %, 0 MiB, 6.24 W; @1786726946
0, 0 %, 0 MiB, 21.03 W;1, 0 %, 0 MiB, 21.09 W;2, 0 %, 0 MiB, 12.30 W;3, 0 %, 0 MiB, 6.04 W; @1786726949
0, 0 %, 0 MiB, 20.97 W;1, 0 %, 0 MiB, 20.94 W;2, 0 %, 0 MiB, 12.50 W;3, 0 %, 0 MiB, 6.20 W; @1786726953
0, 0 %, 0 MiB, 21.22 W;1, 0 %, 0 MiB, 21.08 W;2, 0 %, 0 MiB, 12.59 W;3, 0 %, 0 MiB, 6.03 W; @1786726956
0, 0 %, 0 MiB, 21.21 W;1, 0 %, 0 MiB, 20.90 W;2, 0 %, 0 MiB, 12.50 W;3, 0 %, 0 MiB, 6.61 W; @1786726959
0, 0 %, 0 MiB, 21.26 W;1, 0 %, 0 MiB, 21.46 W;2, 0 %, 0 MiB, 12.56 W;3, 0 %, 0 MiB, 6.34 W; @1786726962
0, 0 %, 0 MiB, 21.20 W;1, 0 %, 0 MiB, 21.52 W;2, 0 %, 0 MiB, 12.68 W;3, 0 %, 0 MiB, 6.31 W; @1786726965
0, 0 %, 0 MiB, 21.35 W;1, 0 %, 0 MiB, 21.72 W;2, 0 %, 0 MiB, 12.63 W;3, 0 %, 0 MiB, 6.09 W; @1786726968
0, 0 %, 0 MiB, 21.35 W;1, 0 %, 0 MiB, 21.82 W;2, 0 %, 0 MiB, 12.46 W;3, 0 %, 0 MiB, 6.16 W; @1786726971
0, 0 %, 0 MiB, 21.01 W;1, 0 %, 0 MiB, 21.62 W;2, 0 %, 0 MiB, 12.59 W;3, 0 %, 0 MiB, 5.86 W; @1786726974
0, 0 %, 0 MiB, 20.92 W;1, 0 %, 0 MiB, 21.41 W;2, 0 %, 0 MiB, 12.55 W;3, 0 %, 0 MiB, 6.24 W; @1786726977
0, 0 %, 0 MiB, 20.99 W;1, 0 %, 0 MiB, 21.40 W;2, 0 %, 0 MiB, 12.68 W;3, 0 %, 0 MiB, 6.31 W; @1786726980
0, 0 %, 0 MiB, 21.25 W;1, 0 %, 0 MiB, 21.35 W;2, 0 %, 0 MiB, 12.19 W;3, 0 %, 0 MiB, 6.24 W; @1786726984
0, 0 %, 0 MiB, 21.39 W;1, 0 %, 0 MiB, 21.30 W;2, 0 %, 0 MiB, 12.24 W;3, 0 %, 0 MiB, 5.98 W; @1786726987
0, 0 %, 0 MiB, 21.43 W;1, 0 %, 0 MiB, 21.47 W;2, 0 %, 0 MiB, 12.36 W;3, 0 %, 0 MiB, 6.03 W; @1786726990
0, 0 %, 0 MiB, 21.40 W;1, 0 %, 0 MiB, 21.89 W;2, 0 %, 0 MiB, 12.30 W;3, 0 %, 0 MiB, 6.43 W; @1786726993
0, 0 %, 0 MiB, 21.16 W;1, 0 %, 0 MiB, 21.02 W;2, 0 %, 0 MiB, 12.17 W;3, 0 %, 0 MiB, 6.70 W; @1786726996
0, 0 %, 0 MiB, 21.17 W;1, 0 %, 0 MiB, 20.93 W;2, 0 %, 0 MiB, 12.60 W;3, 0 %, 0 MiB, 6.85 W; @1786726999
0, 0 %, 0 MiB, 21.26 W;1, 0 %, 0 MiB, 21.11 W;2, 0 %, 0 MiB, 12.22 W;3, 0 %, 0 MiB, 7.79 W; @1786727002
0, 0 %, 0 MiB, 21.43 W;1, 0 %, 0 MiB, 21.13 W;2, 0 %, 0 MiB, 12.15 W;3, 0 %, 0 MiB, 7.78 W; @1786727005
0, 0 %, 0 MiB, 21.52 W;1, 0 %, 0 MiB, 21.29 W;2, 0 %, 0 MiB, 12.06 W;3, 0 %, 0 MiB, 7.82 W; @1786727008
0, 0 %, 0 MiB, 21.32 W;1, 0 %, 0 MiB, 21.06 W;2, 0 %, 0 MiB, 12.25 W;3, 0 %, 0 MiB, 7.99 W; @1786727011
0, 0 %, 0 MiB, 21.17 W;1, 0 %, 0 MiB, 21.40 W;2, 0 %, 0 MiB, 11.98 W;3, 0 %, 0 MiB, 8.25 W; @1786727015
0, 0 %, 0 MiB, 21.64 W;1, 0 %, 0 MiB, 21.86 W;2, 0 %, 0 MiB, 12.11 W;3, 0 %, 0 MiB, 8.19 W; @1786727018
0, 0 %, 0 MiB, 21.42 W;1, 0 %, 0 MiB, 21.46 W;2, 0 %, 0 MiB, 12.04 W;3, 0 %, 0 MiB, 8.08 W; @1786727021
0, 0 %, 0 MiB, 21.41 W;1, 0 %, 0 MiB, 21.95 W;2, 0 %, 0 MiB, 12.15 W;3, 0 %, 0 MiB, 8.04 W; @1786727024
0, 0 %, 0 MiB, 21.19 W;1, 0 %, 0 MiB, 21.03 W;2, 0 %, 0 MiB, 12.14 W;3, 0 %, 0 MiB, 8.10 W; @1786727027
0, 0 %, 0 MiB, 21.38 W;1, 0 %, 0 MiB, 21.37 W;2, 0 %, 0 MiB, 12.19 W;3, 0 %, 0 MiB, 7.97 W; @1786727030
0, 0 %, 0 MiB, 21.62 W;1, 0 %, 0 MiB, 21.81 W;2, 0 %, 0 MiB, 12.39 W;3, 0 %, 0 MiB, 7.92 W; @1786727033
0, 0 %, 0 MiB, 21.57 W;1, 0 %, 0 MiB, 21.08 W;2, 0 %, 0 MiB, 12.13 W;3, 0 %, 0 MiB, 7.92 W; @1786727036
0, 0 %, 0 MiB, 21.51 W;1, 0 %, 0 MiB, 21.16 W;2, 0 %, 0 MiB, 12.25 W;3, 0 %, 0 MiB, 7.93 W; @1786727040
0, 0 %, 0 MiB, 21.79 W;1, 0 %, 0 MiB, 20.67 W;2, 0 %, 0 MiB, 12.14 W;3, 0 %, 0 MiB, 8.03 W; @1786727043
0, 0 %, 0 MiB, 21.57 W;1, 0 %, 0 MiB, 21.48 W;2, 0 %, 0 MiB, 12.11 W;3, 0 %, 0 MiB, 8.06 W; @1786727046
0, 0 %, 0 MiB, 21.72 W;1, 0 %, 0 MiB, 21.21 W;2, 0 %, 0 MiB, 12.29 W;3, 0 %, 0 MiB, 7.98 W; @1786727049
0, 0 %, 0 MiB, 21.69 W;1, 0 %, 0 MiB, 21.45 W;2, 0 %, 0 MiB, 12.47 W;3, 0 %, 0 MiB, 7.71 W; @1786727052
0, 0 %, 0 MiB, 21.47 W;1, 0 %, 0 MiB, 21.64 W;2, 0 %, 0 MiB, 12.19 W;3, 0 %, 0 MiB, 7.74 W; @1786727055
0, 0 %, 0 MiB, 21.60 W;1, 0 %, 0 MiB, 21.06 W;2, 0 %, 0 MiB, 12.37 W;3, 0 %, 0 MiB, 7.96 W; @1786727058
0, 0 %, 0 MiB, 21.42 W;1, 0 %, 0 MiB, 22.07 W;2, 0 %, 0 MiB, 12.13 W;3, 0 %, 0 MiB, 8.03 W; @1786727061
0, 0 %, 0 MiB, 21.33 W;1, 0 %, 0 MiB, 21.71 W;2, 0 %, 0 MiB, 12.00 W;3, 0 %, 0 MiB, 7.88 W; @1786727064
0, 0 %, 0 MiB, 21.57 W;1, 0 %, 0 MiB, 20.98 W;2, 0 %, 0 MiB, 12.22 W;3, 0 %, 0 MiB, 7.72 W; @1786727067
0, 0 %, 0 MiB, 21.36 W;1, 0 %, 0 MiB, 21.09 W;2, 0 %, 0 MiB, 12.24 W;3, 0 %, 0 MiB, 7.53 W; @1786727070
0, 0 %, 0 MiB, 21.65 W;1, 0 %, 0 MiB, 21.74 W;2, 0 %, 0 MiB, 12.36 W;3, 0 %, 0 MiB, 7.86 W; @1786727074
0, 0 %, 0 MiB, 21.59 W;1, 0 %, 0 MiB, 21.46 W;2, 0 %, 0 MiB, 12.23 W;3, 0 %, 0 MiB, 7.68 W; @1786727077
0, 0 %, 0 MiB, 21.68 W;1, 0 %, 0 MiB, 21.61 W;2, 0 %, 0 MiB, 12.18 W;3, 0 %, 0 MiB, 7.33 W; @1786727080
0, 0 %, 0 MiB, 21.44 W;1, 0 %, 0 MiB, 21.39 W;2, 0 %, 0 MiB, 12.31 W;3, 0 %, 0 MiB, 7.46 W; @1786727083
0, 0 %, 0 MiB, 21.41 W;1, 0 %, 0 MiB, 21.50 W;2, 0 %, 0 MiB, 12.24 W;3, 0 %, 0 MiB, 7.32 W; @1786727086
0, 0 %, 0 MiB, 21.36 W;1, 0 %, 0 MiB, 21.73 W;2, 0 %, 0 MiB, 12.36 W;3, 0 %, 0 MiB, 7.26 W; @1786727089
0, 0 %, 0 MiB, 20.92 W;1, 0 %, 0 MiB, 22.05 W;2, 0 %, 0 MiB, 12.28 W;3, 0 %, 0 MiB, 7.32 W; @1786727092
0, 0 %, 0 MiB, 21.44 W;1, 0 %, 0 MiB, 21.77 W;2, 0 %, 0 MiB, 12.14 W;3, 0 %, 0 MiB, 7.36 W; @1786727095
0, 0 %, 0 MiB, 21.42 W;1, 0 %, 0 MiB, 21.97 W;2, 0 %, 0 MiB, 12.23 W;3, 0 %, 0 MiB, 7.67 W; @1786727098
0, 0 %, 0 MiB, 21.47 W;1, 0 %, 0 MiB, 20.81 W;2, 0 %, 0 MiB, 11.96 W;3, 0 %, 0 MiB, 7.67 W; @1786727101
0, 0 %, 0 MiB, 21.39 W;1, 0 %, 0 MiB, 21.78 W;2, 0 %, 0 MiB, 12.24 W;3, 0 %, 0 MiB, 7.62 W; @1786727105
0, 0 %, 0 MiB, 21.12 W;1, 0 %, 0 MiB, 20.77 W;2, 0 %, 0 MiB, 12.06 W;3, 0 %, 0 MiB, 7.27 W; @1786727108
0, 0 %, 0 MiB, 21.09 W;1, 0 %, 0 MiB, 21.56 W;2, 0 %, 0 MiB, 12.27 W;3, 0 %, 0 MiB, 7.39 W; @1786727111
0, 0 %, 0 MiB, 21.61 W;1, 0 %, 0 MiB, 21.62 W;2, 0 %, 0 MiB, 12.29 W;3, 0 %, 0 MiB, 7.57 W; @1786727114
0, 0 %, 0 MiB, 21.22 W;1, 0 %, 0 MiB, 21.99 W;2, 0 %, 0 MiB, 12.11 W;3, 0 %, 0 MiB, 7.76 W; @1786727117
0, 0 %, 0 MiB, 21.40 W;1, 0 %, 0 MiB, 21.31 W;2, 0 %, 0 MiB, 12.22 W;3, 0 %, 0 MiB, 7.77 W; @1786727120
0, 0 %, 0 MiB, 21.40 W;1, 0 %, 0 MiB, 21.39 W;2, 0 %, 0 MiB, 12.22 W;3, 0 %, 0 MiB, 7.65 W; @1786727123
0, 0 %, 0 MiB, 21.28 W;1, 0 %, 0 MiB, 21.57 W;2, 0 %, 0 MiB, 12.21 W;3, 0 %, 0 MiB, 7.53 W; @1786727126
0, 0 %, 0 MiB, 21.38 W;1, 0 %, 0 MiB, 21.52 W;2, 0 %, 0 MiB, 12.12 W;3, 0 %, 0 MiB, 7.86 W; @1786727129
0, 0 %, 0 MiB, 21.35 W;1, 0 %, 0 MiB, 21.78 W;2, 0 %, 0 MiB, 12.27 W;3, 0 %, 0 MiB, 7.71 W; @1786727132
0, 0 %, 0 MiB, 21.34 W;1, 0 %, 0 MiB, 21.67 W;2, 0 %, 0 MiB, 12.13 W;3, 0 %, 0 MiB, 7.83 W; @1786727136
0, 0 %, 0 MiB, 21.41 W;1, 0 %, 0 MiB, 22.47 W;2, 0 %, 0 MiB, 12.18 W;3, 0 %, 0 MiB, 7.87 W; @1786727139
0, 0 %, 0 MiB, 21.38 W;1, 0 %, 0 MiB, 21.88 W;2, 0 %, 0 MiB, 12.07 W;3, 0 %, 0 MiB, 7.67 W; @1786727142
0, 0 %, 0 MiB, 20.98 W;1, 0 %, 0 MiB, 21.24 W;2, 0 %, 0 MiB, 12.17 W;3, 0 %, 0 MiB, 7.48 W; @1786727145
0, 0 %, 0 MiB, 21.00 W;1, 0 %, 0 MiB, 21.47 W;2, 0 %, 0 MiB, 12.03 W;3, 0 %, 0 MiB, 7.67 W; @1786727148
0, 0 %, 0 MiB, 21.20 W;1, 0 %, 0 MiB, 21.97 W;2, 0 %, 0 MiB, 12.14 W;3, 0 %, 0 MiB, 7.81 W; @1786727151
0, 0 %, 0 MiB, 21.54 W;1, 0 %, 0 MiB, 21.05 W;2, 0 %, 0 MiB, 12.19 W;3, 0 %, 0 MiB, 7.36 W; @1786727154
0, 0 %, 0 MiB, 21.14 W;1, 0 %, 0 MiB, 21.30 W;2, 0 %, 0 MiB, 12.19 W;3, 0 %, 0 MiB, 7.57 W; @1786727157
0, 0 %, 0 MiB, 21.02 W;1, 0 %, 0 MiB, 21.66 W;2, 0 %, 0 MiB, 12.01 W;3, 0 %, 0 MiB, 7.95 W; @1786727160
0, 0 %, 0 MiB, 21.68 W;1, 0 %, 0 MiB, 21.69 W;2, 0 %, 0 MiB, 11.98 W;3, 0 %, 0 MiB, 7.63 W; @1786727163
0, 0 %, 0 MiB, 20.93 W;1, 0 %, 0 MiB, 22.38 W;2, 0 %, 0 MiB, 11.73 W;3, 0 %, 0 MiB, 7.57 W; @1786727167
0, 0 %, 0 MiB, 21.59 W;1, 0 %, 0 MiB, 22.41 W;2, 0 %, 0 MiB, 12.04 W;3, 0 %, 0 MiB, 7.54 W; @1786727170
0, 0 %, 0 MiB, 21.74 W;1, 0 %, 0 MiB, 21.73 W;2, 0 %, 0 MiB, 11.93 W;3, 0 %, 0 MiB, 7.91 W; @1786727173
0, 0 %, 0 MiB, 21.57 W;1, 0 %, 0 MiB, 21.74 W;2, 0 %, 0 MiB, 12.15 W;3, 0 %, 0 MiB, 7.70 W; @1786727176
0, 0 %, 0 MiB, 21.43 W;1, 0 %, 0 MiB, 22.05 W;2, 0 %, 0 MiB, 11.94 W;3, 0 %, 0 MiB, 7.85 W; @1786727179
0, 0 %, 0 MiB, 21.63 W;1, 0 %, 0 MiB, 21.62 W;2, 0 %, 0 MiB, 11.98 W;3, 0 %, 0 MiB, 8.05 W; @1786727182
0, 0 %, 0 MiB, 21.62 W;1, 0 %, 0 MiB, 21.34 W;2, 0 %, 0 MiB, 11.96 W;3, 0 %, 0 MiB, 8.26 W; @1786727185
0, 0 %, 0 MiB, 21.56 W;1, 0 %, 0 MiB, 21.66 W;2, 0 %, 0 MiB, 11.77 W;3, 0 %, 0 MiB, 7.80 W; @1786727188
0, 0 %, 0 MiB, 21.55 W;1, 0 %, 0 MiB, 22.13 W;2, 0 %, 0 MiB, 12.03 W;3, 0 %, 0 MiB, 7.55 W; @1786727191
0, 0 %, 0 MiB, 21.71 W;1, 0 %, 0 MiB, 21.91 W;2, 0 %, 0 MiB, 12.22 W;3, 0 %, 0 MiB, 7.93 W; @1786727194
0, 0 %, 0 MiB, 21.48 W;1, 0 %, 0 MiB, 21.77 W;2, 0 %, 0 MiB, 12.17 W;3, 0 %, 0 MiB, 8.02 W; @1786727197
0, 0 %, 0 MiB, 21.48 W;1, 0 %, 0 MiB, 21.46 W;2, 0 %, 0 MiB, 12.03 W;3, 0 %, 0 MiB, 8.00 W; @1786727201
0, 0 %, 0 MiB, 21.19 W;1, 0 %, 0 MiB, 21.66 W;2, 0 %, 0 MiB, 12.03 W;3, 0 %, 0 MiB, 7.80 W; @1786727204
0, 0 %, 0 MiB, 21.58 W;1, 0 %, 0 MiB, 21.68 W;2, 0 %, 0 MiB, 11.81 W;3, 0 %, 0 MiB, 8.13 W; @1786727207
0, 0 %, 0 MiB, 21.31 W;1, 0 %, 0 MiB, 22.06 W;2, 0 %, 0 MiB, 11.97 W;3, 0 %, 0 MiB, 7.94 W; @1786727210
0, 0 %, 0 MiB, 21.36 W;1, 0 %, 0 MiB, 21.93 W;2, 0 %, 0 MiB, 12.02 W;3, 0 %, 0 MiB, 8.27 W; @1786727213
0, 0 %, 0 MiB, 21.67 W;1, 0 %, 0 MiB, 22.08 W;2, 0 %, 0 MiB, 11.92 W;3, 0 %, 0 MiB, 8.08 W; @1786727216
0, 0 %, 0 MiB, 21.60 W;1, 0 %, 0 MiB, 22.04 W;2, 0 %, 0 MiB, 12.16 W;3, 0 %, 0 MiB, 8.19 W; @1786727219
0, 0 %, 0 MiB, 21.27 W;1, 0 %, 0 MiB, 22.51 W;2, 0 %, 0 MiB, 11.99 W;3, 0 %, 0 MiB, 8.20 W; @1786727222
0, 0 %, 0 MiB, 21.25 W;1, 0 %, 0 MiB, 22.13 W;2, 0 %, 0 MiB, 12.04 W;3, 0 %, 0 MiB, 7.77 W; @1786727225
0, 0 %, 0 MiB, 21.35 W;1, 0 %, 0 MiB, 22.46 W;2, 0 %, 0 MiB, 11.99 W;3, 0 %, 0 MiB, 7.77 W; @1786727228
0, 0 %, 0 MiB, 21.44 W;1, 0 %, 0 MiB, 22.80 W;2, 0 %, 0 MiB, 12.02 W;3, 0 %, 0 MiB, 7.90 W; @1786727232
0, 0 %, 0 MiB, 21.54 W;1, 0 %, 0 MiB, 22.60 W;2, 0 %, 0 MiB, 12.15 W;3, 0 %, 0 MiB, 7.83 W; @1786727235
0, 0 %, 0 MiB, 21.08 W;1, 0 %, 0 MiB, 22.05 W;2, 0 %, 0 MiB, 12.00 W;3, 0 %, 0 MiB, 8.06 W; @1786727238
0, 0 %, 0 MiB, 21.30 W;1, 0 %, 0 MiB, 21.72 W;2, 0 %, 0 MiB, 12.05 W;3, 0 %, 0 MiB, 7.70 W; @1786727241
0, 0 %, 0 MiB, 21.23 W;1, 0 %, 0 MiB, 22.51 W;2, 0 %, 0 MiB, 12.16 W;3, 0 %, 0 MiB, 7.72 W; @1786727244
0, 0 %, 0 MiB, 21.33 W;1, 0 %, 0 MiB, 21.91 W;2, 0 %, 0 MiB, 11.96 W;3, 0 %, 0 MiB, 7.63 W; @1786727247
0, 0 %, 0 MiB, 21.48 W;1, 0 %, 0 MiB, 22.09 W;2, 0 %, 0 MiB, 12.04 W;3, 0 %, 0 MiB, 7.40 W; @1786727250
0, 0 %, 0 MiB, 21.39 W;1, 0 %, 0 MiB, 21.65 W;2, 0 %, 0 MiB, 11.99 W;3, 0 %, 0 MiB, 7.32 W; @1786727253
0, 0 %, 0 MiB, 21.60 W;1, 0 %, 0 MiB, 22.14 W;2, 0 %, 0 MiB, 11.86 W;3, 0 %, 0 MiB, 7.73 W; @1786727256
0, 0 %, 0 MiB, 21.60 W;1, 0 %, 0 MiB, 22.38 W;2, 0 %, 0 MiB, 11.99 W;3, 0 %, 0 MiB, 7.73 W; @1786727259
0, 0 %, 0 MiB, 21.57 W;1, 0 %, 0 MiB, 21.65 W;2, 0 %, 0 MiB, 12.05 W;3, 0 %, 0 MiB, 7.82 W; @1786727263
0, 0 %, 0 MiB, 21.32 W;1, 0 %, 0 MiB, 22.24 W;2, 0 %, 0 MiB, 11.94 W;3, 0 %, 0 MiB, 7.61 W; @1786727266
0, 0 %, 0 MiB, 21.23 W;1, 0 %, 0 MiB, 22.30 W;2, 0 %, 0 MiB, 12.12 W;3, 0 %, 0 MiB, 7.88 W; @1786727269
0, 0 %, 0 MiB, 21.18 W;1, 0 %, 0 MiB, 22.17 W;2, 0 %, 0 MiB, 12.23 W;3, 0 %, 0 MiB, 7.84 W; @1786727272
0, 0 %, 0 MiB, 21.07 W;1, 0 %, 0 MiB, 21.58 W;2, 0 %, 0 MiB, 12.12 W;3, 0 %, 0 MiB, 7.84 W; @1786727275
0, 0 %, 0 MiB, 21.30 W;1, 0 %, 0 MiB, 21.94 W;2, 0 %, 0 MiB, 12.21 W;3, 0 %, 0 MiB, 7.59 W; @1786727278
0, 0 %, 0 MiB, 20.95 W;1, 0 %, 0 MiB, 22.07 W;2, 0 %, 0 MiB, 12.06 W;3, 0 %, 0 MiB, 7.34 W; @1786727281
0, 0 %, 0 MiB, 21.16 W;1, 0 %, 0 MiB, 21.91 W;2, 0 %, 0 MiB, 12.07 W;3, 0 %, 0 MiB, 7.41 W; @1786727284
0, 0 %, 0 MiB, 21.20 W;1, 0 %, 0 MiB, 22.03 W;2, 0 %, 0 MiB, 11.90 W;3, 0 %, 0 MiB, 7.71 W; @1786727287
0, 0 %, 0 MiB, 21.69 W;1, 0 %, 0 MiB, 21.88 W;2, 0 %, 0 MiB, 11.96 W;3, 0 %, 0 MiB, 7.70 W; @1786727290
0, 0 %, 0 MiB, 21.52 W;1, 0 %, 0 MiB, 21.56 W;2, 0 %, 0 MiB, 11.75 W;3, 0 %, 0 MiB, 7.24 W; @1786727294
0, 0 %, 0 MiB, 21.48 W;1, 0 %, 0 MiB, 22.64 W;2, 0 %, 0 MiB, 11.91 W;3, 0 %, 0 MiB, 7.36 W; @1786727297
0, 0 %, 0 MiB, 21.39 W;1, 0 %, 0 MiB, 21.75 W;2, 0 %, 0 MiB, 12.08 W;3, 0 %, 0 MiB, 7.68 W; @1786727300
0, 0 %, 0 MiB, 21.53 W;1, 0 %, 0 MiB, 21.55 W;2, 0 %, 0 MiB, 12.05 W;3, 0 %, 0 MiB, 7.32 W; @1786727303
0, 0 %, 0 MiB, 21.45 W;1, 0 %, 0 MiB, 22.45 W;2, 0 %, 0 MiB, 12.05 W;3, 0 %, 0 MiB, 7.59 W; @1786727306
0, 0 %, 0 MiB, 21.79 W;1, 0 %, 0 MiB, 21.26 W;2, 0 %, 0 MiB, 12.68 W;3, 0 %, 0 MiB, 8.43 W; @1786727309
0, 0 %, 0 MiB, 21.67 W;1, 0 %, 0 MiB, 21.44 W;2, 0 %, 0 MiB, 12.54 W;3, 0 %, 0 MiB, 8.51 W; @1786727312
0, 0 %, 0 MiB, 21.86 W;1, 0 %, 0 MiB, 21.33 W;2, 0 %, 0 MiB, 12.00 W;3, 0 %, 0 MiB, 7.18 W; @1786727315
0, 0 %, 0 MiB, 21.47 W;1, 0 %, 0 MiB, 21.67 W;2, 0 %, 0 MiB, 12.15 W;3, 0 %, 0 MiB, 6.05 W; @1786727318
0, 0 %, 0 MiB, 21.56 W;1, 0 %, 0 MiB, 22.08 W;2, 0 %, 0 MiB, 12.27 W;3, 0 %, 0 MiB, 6.02 W; @1786727321
0, 0 %, 0 MiB, 21.28 W;1, 0 %, 0 MiB, 21.33 W;2, 0 %, 0 MiB, 12.15 W;3, 0 %, 0 MiB, 6.02 W; @1786727325
0, 0 %, 0 MiB, 21.53 W;1, 0 %, 0 MiB, 21.59 W;2, 0 %, 0 MiB, 12.18 W;3, 0 %, 0 MiB, 5.93 W; @1786727328
0, 0 %, 0 MiB, 21.34 W;1, 0 %, 0 MiB, 22.00 W;2, 0 %, 0 MiB, 12.18 W;3, 0 %, 0 MiB, 6.24 W; @1786727331
0, 0 %, 0 MiB, 21.59 W;1, 0 %, 0 MiB, 22.08 W;2, 0 %, 0 MiB, 12.44 W;3, 0 %, 0 MiB, 6.30 W; @1786727334
0, 0 %, 0 MiB, 21.25 W;1, 0 %, 0 MiB, 22.19 W;2, 0 %, 0 MiB, 12.24 W;3, 0 %, 0 MiB, 6.29 W; @1786727337
0, 0 %, 0 MiB, 21.51 W;1, 0 %, 0 MiB, 22.30 W;2, 0 %, 0 MiB, 12.33 W;3, 0 %, 0 MiB, 6.07 W; @1786727340
0, 0 %, 0 MiB, 21.30 W;1, 0 %, 0 MiB, 22.25 W;2, 0 %, 0 MiB, 12.33 W;3, 0 %, 0 MiB, 6.19 W; @1786727343
0, 0 %, 0 MiB, 21.38 W;1, 0 %, 0 MiB, 22.43 W;2, 0 %, 0 MiB, 12.06 W;3, 0 %, 0 MiB, 6.15 W; @1786727346
0, 0 %, 0 MiB, 21.31 W;1, 0 %, 0 MiB, 22.65 W;2, 0 %, 0 MiB, 12.16 W;3, 0 %, 0 MiB, 6.28 W; @1786727349
0, 0 %, 0 MiB, 21.43 W;1, 0 %, 0 MiB, 22.09 W;2, 0 %, 0 MiB, 12.43 W;3, 0 %, 0 MiB, 6.57 W; @1786727352
0, 0 %, 0 MiB, 21.02 W;1, 0 %, 0 MiB, 22.47 W;2, 0 %, 0 MiB, 12.33 W;3, 0 %, 0 MiB, 6.72 W; @1786727356
0, 0 %, 0 MiB, 21.16 W;1, 0 %, 0 MiB, 22.12 W;2, 0 %, 0 MiB, 12.31 W;3, 0 %, 0 MiB, 6.10 W; @1786727359
0, 0 %, 0 MiB, 21.09 W;1, 0 %, 0 MiB, 22.39 W;2, 0 %, 0 MiB, 12.29 W;3, 0 %, 0 MiB, 6.23 W; @1786727362
0, 0 %, 0 MiB, 21.38 W;1, 0 %, 0 MiB, 22.53 W;2, 0 %, 0 MiB, 12.09 W;3, 0 %, 0 MiB, 6.36 W; @1786727365
0, 0 %, 0 MiB, 21.37 W;1, 0 %, 0 MiB, 23.57 W;2, 0 %, 0 MiB, 12.16 W;3, 0 %, 0 MiB, 6.06 W; @1786727368
0, 0 %, 0 MiB, 21.23 W;1, 0 %, 0 MiB, 22.33 W;2, 0 %, 0 MiB, 12.13 W;3, 0 %, 0 MiB, 5.99 W; @1786727371
0, 0 %, 0 MiB, 21.36 W;1, 0 %, 0 MiB, 21.70 W;2, 0 %, 0 MiB, 12.06 W;3, 0 %, 0 MiB, 7.86 W; @1786727374
0, 0 %, 0 MiB, 21.59 W;1, 0 %, 0 MiB, 21.63 W;2, 0 %, 0 MiB, 12.04 W;3, 0 %, 0 MiB, 7.58 W; @1786727377
0, 0 %, 0 MiB, 21.58 W;1, 0 %, 0 MiB, 22.14 W;2, 0 %, 0 MiB, 12.12 W;3, 0 %, 0 MiB, 7.74 W; @1786727380
0, 0 %, 0 MiB, 21.48 W;1, 0 %, 0 MiB, 21.89 W;2, 0 %, 0 MiB, 12.27 W;3, 0 %, 0 MiB, 7.24 W; @1786727383
0, 0 %, 0 MiB, 21.42 W;1, 0 %, 0 MiB, 22.62 W;2, 0 %, 0 MiB, 12.06 W;3, 0 %, 0 MiB, 7.95 W; @1786727387
0, 0 %, 0 MiB, 21.31 W;1, 0 %, 0 MiB, 22.21 W;2, 0 %, 0 MiB, 12.03 W;3, 0 %, 0 MiB, 7.99 W; @1786727390
0, 0 %, 0 MiB, 21.74 W;1, 0 %, 0 MiB, 23.00 W;2, 0 %, 0 MiB, 12.11 W;3, 0 %, 0 MiB, 8.13 W; @1786727393
0, 0 %, 0 MiB, 21.45 W;1, 0 %, 0 MiB, 23.04 W;2, 0 %, 0 MiB, 12.15 W;3, 0 %, 0 MiB, 7.74 W; @1786727396
0, 0 %, 0 MiB, 21.58 W;1, 0 %, 0 MiB, 22.60 W;2, 0 %, 0 MiB, 12.03 W;3, 0 %, 0 MiB, 7.89 W; @1786727399
0, 0 %, 0 MiB, 21.79 W;1, 0 %, 0 MiB, 22.89 W;2, 0 %, 0 MiB, 12.00 W;3, 0 %, 0 MiB, 7.89 W; @1786727402
0, 0 %, 0 MiB, 21.69 W;1, 0 %, 0 MiB, 23.15 W;2, 0 %, 0 MiB, 12.33 W;3, 0 %, 0 MiB, 7.74 W; @1786727405
0, 0 %, 0 MiB, 21.46 W;1, 0 %, 0 MiB, 22.92 W;2, 0 %, 0 MiB, 12.29 W;3, 0 %, 0 MiB, 7.78 W; @1786727408
0, 0 %, 0 MiB, 21.49 W;1, 0 %, 0 MiB, 23.08 W;2, 0 %, 0 MiB, 12.12 W;3, 0 %, 0 MiB, 7.97 W; @1786727411
0, 0 %, 0 MiB, 21.65 W;1, 0 %, 0 MiB, 22.87 W;2, 0 %, 0 MiB, 12.02 W;3, 0 %, 0 MiB, 7.89 W; @1786727414
0, 0 %, 0 MiB, 21.59 W;1, 0 %, 0 MiB, 23.45 W;2, 0 %, 0 MiB, 11.94 W;3, 0 %, 0 MiB, 8.10 W; @1786727417
0, 0 %, 0 MiB, 21.64 W;1, 0 %, 0 MiB, 22.74 W;2, 0 %, 0 MiB, 12.19 W;3, 0 %, 0 MiB, 8.03 W; @1786727421
0, 0 %, 0 MiB, 21.50 W;1, 0 %, 0 MiB, 22.83 W;2, 0 %, 0 MiB, 11.98 W;3, 0 %, 0 MiB, 7.94 W; @1786727424
0, 0 %, 0 MiB, 21.53 W;1, 0 %, 0 MiB, 22.96 W;2, 0 %, 0 MiB, 12.15 W;3, 0 %, 0 MiB, 8.12 W; @1786727427
0, 0 %, 0 MiB, 21.44 W;1, 0 %, 0 MiB, 22.85 W;2, 0 %, 0 MiB, 12.13 W;3, 0 %, 0 MiB, 7.80 W; @1786727430
0, 0 %, 0 MiB, 21.53 W;1, 0 %, 0 MiB, 22.43 W;2, 0 %, 0 MiB, 12.01 W;3, 0 %, 0 MiB, 8.04 W; @1786727433
0, 0 %, 0 MiB, 21.60 W;1, 0 %, 0 MiB, 22.24 W;2, 0 %, 0 MiB, 12.03 W;3, 0 %, 0 MiB, 8.06 W; @1786727436
0, 0 %, 0 MiB, 21.54 W;1, 0 %, 0 MiB, 23.23 W;2, 0 %, 0 MiB, 12.11 W;3, 0 %, 0 MiB, 7.71 W; @1786727439
0, 0 %, 0 MiB, 21.24 W;1, 0 %, 0 MiB, 22.71 W;2, 0 %, 0 MiB, 12.09 W;3, 0 %, 0 MiB, 7.95 W; @1786727442
0, 0 %, 0 MiB, 21.03 W;1, 0 %, 0 MiB, 22.52 W;2, 0 %, 0 MiB, 12.23 W;3, 0 %, 0 MiB, 7.70 W; @1786727445
0, 0 %, 0 MiB, 21.53 W;1, 0 %, 0 MiB, 23.36 W;2, 0 %, 0 MiB, 12.07 W;3, 0 %, 0 MiB, 7.79 W; @1786727448
0, 0 %, 0 MiB, 21.85 W;1, 0 %, 0 MiB, 22.62 W;2, 0 %, 0 MiB, 12.27 W;3, 0 %, 0 MiB, 7.70 W; @1786727452
0, 0 %, 0 MiB, 21.54 W;1, 0 %, 0 MiB, 22.94 W;2, 0 %, 0 MiB, 12.11 W;3, 0 %, 0 MiB, 8.14 W; @1786727455
0, 0 %, 0 MiB, 21.41 W;1, 0 %, 0 MiB, 22.83 W;2, 0 %, 0 MiB, 12.05 W;3, 0 %, 0 MiB, 7.87 W; @1786727458
0, 0 %, 0 MiB, 21.62 W;1, 0 %, 0 MiB, 22.41 W;2, 0 %, 0 MiB, 12.09 W;3, 0 %, 0 MiB, 7.73 W; @1786727461
0, 0 %, 0 MiB, 21.48 W;1, 0 %, 0 MiB, 22.67 W;2, 0 %, 0 MiB, 12.10 W;3, 0 %, 0 MiB, 7.98 W; @1786727464
0, 0 %, 0 MiB, 21.66 W;1, 0 %, 0 MiB, 23.10 W;2, 0 %, 0 MiB, 12.13 W;3, 0 %, 0 MiB, 7.74 W; @1786727467
0, 0 %, 0 MiB, 21.30 W;1, 0 %, 0 MiB, 22.89 W;2, 0 %, 0 MiB, 12.14 W;3, 0 %, 0 MiB, 7.85 W; @1786727470
0, 0 %, 0 MiB, 21.27 W;1, 0 %, 0 MiB, 23.19 W;2, 0 %, 0 MiB, 12.13 W;3, 0 %, 0 MiB, 8.06 W; @1786727473
0, 0 %, 0 MiB, 21.39 W;1, 0 %, 0 MiB, 22.69 W;2, 0 %, 0 MiB, 12.25 W;3, 0 %, 0 MiB, 7.80 W; @1786727476
0, 0 %, 0 MiB, 21.26 W;1, 0 %, 0 MiB, 22.35 W;2, 0 %, 0 MiB, 12.16 W;3, 0 %, 0 MiB, 8.21 W; @1786727479
0, 0 %, 0 MiB, 21.32 W;1, 0 %, 0 MiB, 22.08 W;2, 0 %, 0 MiB, 12.06 W;3, 0 %, 0 MiB, 8.06 W; @1786727483
0, 0 %, 0 MiB, 20.95 W;1, 0 %, 0 MiB, 22.86 W;2, 0 %, 0 MiB, 12.20 W;3, 0 %, 0 MiB, 7.86 W; @1786727486
0, 0 %, 0 MiB, 21.45 W;1, 0 %, 0 MiB, 22.79 W;2, 0 %, 0 MiB, 12.26 W;3, 0 %, 0 MiB, 7.63 W; @1786727489
0, 0 %, 0 MiB, 21.56 W;1, 0 %, 0 MiB, 23.93 W;2, 0 %, 0 MiB, 12.14 W;3, 0 %, 0 MiB, 7.64 W; @1786727492
0, 0 %, 3 MiB, 22.70 W;1, 0 %, 3 MiB, 24.77 W;2, 0 %, 3 MiB, 13.04 W;3, 0 %, 3 MiB, 8.73 W; @1786727495
0, 0 %, 3 MiB, 21.40 W;1, 0 %, 3 MiB, 23.37 W;2, 0 %, 3 MiB, 12.34 W;3, 0 %, 3 MiB, 7.88 W; @1786727498
0, 0 %, 3 MiB, 21.50 W;1, 0 %, 3 MiB, 23.08 W;2, 0 %, 3 MiB, 12.39 W;3, 0 %, 3 MiB, 7.94 W; @1786727502
0, 0 %, 3 MiB, 21.10 W;1, 0 %, 3 MiB, 22.64 W;2, 0 %, 3 MiB, 12.23 W;3, 0 %, 3 MiB, 7.97 W; @1786727505
0, 0 %, 3 MiB, 21.51 W;1, 0 %, 3 MiB, 22.60 W;2, 0 %, 3 MiB, 12.26 W;3, 0 %, 3 MiB, 8.16 W; @1786727508
0, 0 %, 0 MiB, 21.97 W;1, 0 %, 0 MiB, 23.63 W;2, 0 %, 3 MiB, 12.45 W;3, 0 %, 3 MiB, 8.19 W; @1786727512
0, 0 %, 0 MiB, 21.47 W;1, 0 %, 0 MiB, 22.87 W;2, 0 %, 0 MiB, 12.34 W;3, 0 %, 0 MiB, 7.89 W; @1786727515
0, 0 %, 0 MiB, 21.70 W;1, 0 %, 0 MiB, 23.24 W;2, 0 %, 0 MiB, 12.09 W;3, 0 %, 0 MiB, 8.31 W; @1786727518
0, 0 %, 0 MiB, 21.58 W;1, 0 %, 0 MiB, 23.93 W;2, 0 %, 0 MiB, 12.25 W;3, 0 %, 0 MiB, 8.32 W; @1786727521
0, 0 %, 0 MiB, 21.56 W;1, 0 %, 0 MiB, 23.68 W;2, 0 %, 0 MiB, 12.25 W;3, 0 %, 0 MiB, 8.12 W; @1786727524
0, 0 %, 0 MiB, 21.24 W;1, 0 %, 0 MiB, 23.40 W;2, 0 %, 0 MiB, 12.03 W;3, 0 %, 0 MiB, 8.19 W; @1786727527
0, 0 %, 0 MiB, 21.49 W;1, 0 %, 0 MiB, 23.47 W;2, 0 %, 0 MiB, 12.06 W;3, 0 %, 0 MiB, 8.34 W; @1786727530
0, 0 %, 0 MiB, 21.45 W;1, 0 %, 0 MiB, 24.01 W;2, 0 %, 0 MiB, 12.06 W;3, 0 %, 0 MiB, 8.49 W; @1786727534
0, 0 %, 0 MiB, 21.34 W;1, 0 %, 0 MiB, 23.51 W;2, 0 %, 0 MiB, 12.04 W;3, 0 %, 0 MiB, 7.97 W; @1786727537
0, 0 %, 0 MiB, 21.23 W;1, 0 %, 0 MiB, 23.13 W;2, 0 %, 0 MiB, 12.01 W;3, 0 %, 0 MiB, 8.20 W; @1786727540
0, 0 %, 0 MiB, 21.22 W;1, 0 %, 0 MiB, 23.77 W;2, 0 %, 0 MiB, 11.89 W;3, 0 %, 0 MiB, 7.94 W; @1786727543
0, 0 %, 0 MiB, 21.45 W;1, 0 %, 0 MiB, 23.26 W;2, 0 %, 0 MiB, 11.82 W;3, 0 %, 0 MiB, 7.83 W; @1786727546
0, 0 %, 0 MiB, 21.29 W;1, 0 %, 0 MiB, 23.40 W;2, 0 %, 0 MiB, 11.93 W;3, 0 %, 0 MiB, 8.11 W; @1786727549
0, 0 %, 0 MiB, 21.34 W;1, 0 %, 0 MiB, 23.30 W;2, 0 %, 0 MiB, 12.06 W;3, 0 %, 0 MiB, 7.64 W; @1786727553
0, 0 %, 0 MiB, 21.39 W;1, 0 %, 0 MiB, 23.03 W;2, 0 %, 0 MiB, 11.94 W;3, 0 %, 0 MiB, 8.08 W; @1786727556
0, 0 %, 0 MiB, 21.50 W;1, 0 %, 0 MiB, 23.29 W;2, 0 %, 0 MiB, 11.91 W;3, 0 %, 0 MiB, 7.66 W; @1786727559
0, 0 %, 0 MiB, 21.58 W;1, 0 %, 0 MiB, 23.39 W;2, 0 %, 0 MiB, 12.16 W;3, 0 %, 0 MiB, 8.16 W; @1786727562
0, 0 %, 0 MiB, 21.63 W;1, 0 %, 0 MiB, 23.39 W;2, 0 %, 0 MiB, 12.22 W;3, 0 %, 0 MiB, 8.16 W; @1786727565
0, 0 %, 0 MiB, 21.44 W;1, 0 %, 0 MiB, 23.58 W;2, 0 %, 0 MiB, 12.27 W;3, 0 %, 0 MiB, 7.88 W; @1786727568
0, 0 %, 0 MiB, 21.66 W;1, 0 %, 0 MiB, 23.66 W;2, 0 %, 0 MiB, 12.36 W;3, 0 %, 0 MiB, 8.22 W; @1786727572
0, 0 %, 0 MiB, 21.19 W;1, 0 %, 0 MiB, 23.42 W;2, 0 %, 0 MiB, 12.19 W;3, 0 %, 0 MiB, 8.39 W; @1786727575
0, 0 %, 0 MiB, 21.21 W;1, 0 %, 0 MiB, 23.81 W;2, 0 %, 0 MiB, 12.08 W;3, 0 %, 0 MiB, 8.26 W; @1786727578
0, 0 %, 0 MiB, 21.08 W;1, 0 %, 0 MiB, 23.77 W;2, 0 %, 0 MiB, 12.11 W;3, 0 %, 0 MiB, 8.30 W; @1786727581
0, 0 %, 0 MiB, 21.08 W;1, 0 %, 0 MiB, 23.27 W;2, 0 %, 0 MiB, 11.95 W;3, 0 %, 0 MiB, 8.06 W; @1786727584
0, 0 %, 0 MiB, 21.36 W;1, 0 %, 0 MiB, 22.99 W;2, 0 %, 0 MiB, 12.04 W;3, 0 %, 0 MiB, 7.85 W; @1786727587
0, 0 %, 0 MiB, 21.44 W;1, 0 %, 0 MiB, 23.18 W;2, 0 %, 0 MiB, 12.27 W;3, 0 %, 0 MiB, 7.96 W; @1786727591
0, 0 %, 0 MiB, 21.41 W;1, 0 %, 0 MiB, 22.78 W;2, 0 %, 0 MiB, 12.08 W;3, 0 %, 0 MiB, 7.75 W; @1786727594
0, 0 %, 0 MiB, 21.12 W;1, 0 %, 0 MiB, 22.94 W;2, 0 %, 0 MiB, 11.98 W;3, 0 %, 0 MiB, 7.66 W; @1786727597
0, 0 %, 0 MiB, 21.10 W;1, 0 %, 0 MiB, 23.29 W;2, 0 %, 0 MiB, 12.15 W;3, 0 %, 0 MiB, 7.93 W; @1786727600
0, 0 %, 0 MiB, 21.28 W;1, 0 %, 0 MiB, 23.09 W;2, 0 %, 0 MiB, 12.08 W;3, 0 %, 0 MiB, 7.76 W; @1786727603
0, 0 %, 0 MiB, 21.20 W;1, 0 %, 0 MiB, 23.19 W;2, 0 %, 0 MiB, 11.98 W;3, 0 %, 0 MiB, 7.78 W; @1786727607
0, 0 %, 0 MiB, 21.05 W;1, 0 %, 0 MiB, 23.12 W;2, 0 %, 0 MiB, 11.99 W;3, 0 %, 0 MiB, 8.22 W; @1786727610
0, 0 %, 0 MiB, 20.81 W;1, 0 %, 0 MiB, 23.48 W;2, 0 %, 0 MiB, 12.05 W;3, 0 %, 0 MiB, 8.10 W; @1786727613
0, 0 %, 3 MiB, 22.83 W;1, 0 %, 3 MiB, 26.07 W;2, 0 %, 3 MiB, 13.45 W;3, 0 %, 3 MiB, 9.06 W; @1786727616
0, 0 %, 3 MiB, 21.26 W;1, 0 %, 3 MiB, 23.25 W;2, 0 %, 3 MiB, 12.16 W;3, 0 %, 3 MiB, 7.61 W; @1786727619
0, 0 %, 3 MiB, 21.25 W;1, 0 %, 3 MiB, 23.73 W;2, 0 %, 3 MiB, 12.12 W;3, 0 %, 3 MiB, 7.77 W; @1786727622
0, 0 %, 3 MiB, 21.41 W;1, 0 %, 3 MiB, 23.60 W;2, 0 %, 3 MiB, 12.16 W;3, 0 %, 3 MiB, 7.70 W; @1786727626
0, 0 %, 3 MiB, 21.56 W;1, 0 %, 3 MiB, 23.69 W;2, 0 %, 3 MiB, 12.16 W;3, 0 %, 3 MiB, 8.32 W; @1786727629
0, 0 %, 3 MiB, 21.76 W;1, 0 %, 3 MiB, 23.16 W;2, 0 %, 3 MiB, 12.34 W;3, 0 %, 3 MiB, 8.64 W; @1786727632
0, 0 %, 0 MiB, 23.57 W;1, 0 %, 0 MiB, 26.44 W;2, 0 %, 0 MiB, 13.69 W;3, 0 %, 0 MiB, 9.84 W; @1786727635
0, 0 %, 0 MiB, 21.33 W;1, 0 %, 0 MiB, 24.28 W;2, 0 %, 0 MiB, 12.02 W;3, 0 %, 0 MiB, 8.15 W; @1786727638
0, 0 %, 0 MiB, 21.34 W;1, 0 %, 0 MiB, 23.14 W;2, 0 %, 0 MiB, 12.23 W;3, 0 %, 0 MiB, 8.76 W; @1786727641
0, 0 %, 0 MiB, 21.64 W;1, 0 %, 0 MiB, 23.22 W;2, 0 %, 0 MiB, 12.26 W;3, 0 %, 0 MiB, 8.78 W; @1786727644
0, 0 %, 0 MiB, 21.37 W;1, 0 %, 0 MiB, 23.25 W;2, 0 %, 0 MiB, 12.17 W;3, 0 %, 0 MiB, 8.66 W; @1786727648
0, 0 %, 0 MiB, 21.81 W;1, 0 %, 0 MiB, 22.63 W;2, 0 %, 0 MiB, 12.36 W;3, 0 %, 0 MiB, 9.44 W; @1786727651
0, 0 %, 0 MiB, 21.56 W;1, 0 %, 0 MiB, 23.40 W;2, 0 %, 0 MiB, 12.15 W;3, 0 %, 0 MiB, 9.48 W; @1786727654
0, 0 %, 0 MiB, 21.77 W;1, 0 %, 0 MiB, 22.84 W;2, 0 %, 0 MiB, 12.30 W;3, 0 %, 0 MiB, 9.33 W; @1786727657
0, 0 %, 0 MiB, 21.43 W;1, 0 %, 0 MiB, 23.46 W;2, 0 %, 0 MiB, 12.44 W;3, 0 %, 0 MiB, 9.28 W; @1786727660
0, 0 %, 0 MiB, 21.62 W;1, 0 %, 0 MiB, 22.99 W;2, 0 %, 0 MiB, 12.46 W;3, 0 %, 0 MiB, 9.08 W; @1786727663
0, 0 %, 0 MiB, 21.44 W;1, 0 %, 0 MiB, 23.25 W;2, 0 %, 0 MiB, 12.53 W;3, 0 %, 0 MiB, 8.77 W; @1786727667
0, 0 %, 0 MiB, 21.62 W;1, 0 %, 0 MiB, 22.96 W;2, 0 %, 0 MiB, 12.26 W;3, 0 %, 0 MiB, 8.78 W; @1786727670
0, 0 %, 0 MiB, 21.36 W;1, 0 %, 0 MiB, 23.64 W;2, 0 %, 0 MiB, 12.55 W;3, 0 %, 0 MiB, 8.29 W; @1786727673
0, 0 %, 0 MiB, 21.82 W;1, 0 %, 0 MiB, 22.73 W;2, 0 %, 0 MiB, 13.29 W;3, 0 %, 0 MiB, 9.07 W; @1786727676
0, 0 %, 0 MiB, 21.89 W;1, 0 %, 0 MiB, 22.72 W;2, 0 %, 0 MiB, 13.12 W;3, 0 %, 0 MiB, 9.69 W; @1786727679
0, 0 %, 0 MiB, 21.84 W;1, 0 %, 0 MiB, 22.58 W;2, 0 %, 0 MiB, 12.53 W;3, 0 %, 0 MiB, 7.77 W; @1786727682
0, 0 %, 0 MiB, 21.30 W;1, 0 %, 0 MiB, 23.31 W;2, 0 %, 0 MiB, 12.69 W;3, 0 %, 0 MiB, 7.84 W; @1786727686
0, 0 %, 0 MiB, 21.13 W;1, 0 %, 0 MiB, 23.48 W;2, 0 %, 0 MiB, 12.49 W;3, 0 %, 0 MiB, 8.05 W; @1786727689
0, 0 %, 0 MiB, 22.28 W;1, 0 %, 0 MiB, 23.14 W;2, 0 %, 0 MiB, 12.91 W;3, 0 %, 0 MiB, 8.39 W; @1786727692
0, 0 %, 0 MiB, 21.61 W;1, 0 %, 0 MiB, 22.57 W;2, 0 %, 0 MiB, 12.54 W;3, 0 %, 0 MiB, 8.18 W; @1786727695
0, 0 %, 0 MiB, 21.31 W;1, 0 %, 0 MiB, 22.48 W;2, 0 %, 0 MiB, 12.53 W;3, 0 %, 0 MiB, 8.09 W; @1786727698
0, 0 %, 0 MiB, 21.46 W;1, 0 %, 0 MiB, 22.88 W;2, 0 %, 0 MiB, 12.38 W;3, 0 %, 0 MiB, 8.60 W; @1786727702
0, 1 %, 509 MiB, 44.44 W;1, 0 %, 509 MiB, 31.02 W;2, 0 %, 3 MiB, 14.26 W;3, 0 %, 3 MiB, 10.25 W; @1786727705
0, 0 %, 0 MiB, 63.26 W;1, 0 %, 0 MiB, 60.99 W;2, 0 %, 0 MiB, 53.76 W;3, 0 %, 0 MiB, 49.99 W; @1786727708
0, 0 %, 0 MiB, 22.14 W;1, 0 %, 0 MiB, 24.70 W;2, 0 %, 0 MiB, 13.22 W;3, 0 %, 0 MiB, 9.13 W; @1786727711
0, 0 %, 0 MiB, 21.78 W;1, 0 %, 0 MiB, 23.34 W;2, 0 %, 0 MiB, 12.25 W;3, 0 %, 0 MiB, 8.23 W; @1786727714
0, 0 %, 0 MiB, 21.57 W;1, 0 %, 0 MiB, 23.27 W;2, 0 %, 0 MiB, 12.20 W;3, 0 %, 0 MiB, 8.30 W; @1786727717
0, 0 %, 0 MiB, 21.60 W;1, 0 %, 0 MiB, 23.13 W;2, 0 %, 0 MiB, 12.33 W;3, 0 %, 0 MiB, 7.99 W; @1786727721
0, 0 %, 0 MiB, 21.74 W;1, 0 %, 0 MiB, 23.14 W;2, 0 %, 0 MiB, 12.41 W;3, 0 %, 0 MiB, 7.94 W; @1786727724
0, 0 %, 0 MiB, 21.66 W;1, 0 %, 0 MiB, 22.69 W;2, 0 %, 0 MiB, 12.37 W;3, 0 %, 0 MiB, 8.20 W; @1786727727
0, 0 %, 0 MiB, 21.57 W;1, 0 %, 0 MiB, 22.98 W;2, 0 %, 0 MiB, 12.24 W;3, 0 %, 0 MiB, 8.45 W; @1786727730
0, 0 %, 0 MiB, 21.39 W;1, 0 %, 0 MiB, 23.27 W;2, 0 %, 0 MiB, 12.15 W;3, 0 %, 0 MiB, 8.18 W; @1786727733
0, 0 %, 0 MiB, 21.39 W;1, 0 %, 0 MiB, 22.78 W;2, 0 %, 0 MiB, 12.29 W;3, 0 %, 0 MiB, 8.00 W; @1786727736
0, 0 %, 0 MiB, 21.48 W;1, 0 %, 0 MiB, 23.08 W;2, 0 %, 0 MiB, 12.31 W;3, 0 %, 0 MiB, 8.20 W; @1786727739
0, 0 %, 0 MiB, 21.47 W;1, 0 %, 0 MiB, 23.41 W;2, 0 %, 0 MiB, 12.25 W;3, 0 %, 0 MiB, 7.71 W; @1786727742
0, 0 %, 0 MiB, 21.69 W;1, 0 %, 0 MiB, 22.58 W;2, 0 %, 0 MiB, 12.29 W;3, 0 %, 0 MiB, 8.04 W; @1786727745
0, 0 %, 0 MiB, 21.70 W;1, 0 %, 0 MiB, 22.44 W;2, 0 %, 0 MiB, 12.22 W;3, 0 %, 0 MiB, 7.98 W; @1786727748
0, 0 %, 0 MiB, 21.37 W;1, 0 %, 0 MiB, 22.95 W;2, 0 %, 0 MiB, 12.45 W;3, 0 %, 0 MiB, 8.41 W; @1786727752
0, 0 %, 0 MiB, 21.39 W;1, 0 %, 0 MiB, 22.22 W;2, 0 %, 0 MiB, 12.68 W;3, 0 %, 0 MiB, 9.47 W; @1786727755
0, 0 %, 0 MiB, 21.47 W;1, 0 %, 0 MiB, 22.51 W;2, 0 %, 0 MiB, 12.67 W;3, 0 %, 0 MiB, 8.88 W; @1786727758
0, 0 %, 0 MiB, 21.64 W;1, 0 %, 0 MiB, 23.03 W;2, 0 %, 0 MiB, 12.57 W;3, 0 %, 0 MiB, 9.31 W; @1786727761
0, 0 %, 0 MiB, 21.26 W;1, 0 %, 0 MiB, 22.72 W;2, 0 %, 0 MiB, 12.32 W;3, 0 %, 0 MiB, 8.43 W; @1786727764
0, 0 %, 0 MiB, 21.27 W;1, 0 %, 0 MiB, 22.16 W;2, 0 %, 0 MiB, 12.28 W;3, 0 %, 0 MiB, 8.08 W; @1786727767
0, 0 %, 0 MiB, 21.43 W;1, 0 %, 0 MiB, 21.86 W;2, 0 %, 0 MiB, 12.25 W;3, 0 %, 0 MiB, 8.01 W; @1786727770
0, 0 %, 0 MiB, 21.18 W;1, 0 %, 0 MiB, 22.26 W;2, 0 %, 0 MiB, 12.09 W;3, 0 %, 0 MiB, 7.91 W; @1786727773
0, 0 %, 0 MiB, 20.51 W;1, 0 %, 0 MiB, 22.51 W;2, 0 %, 0 MiB, 12.24 W;3, 0 %, 0 MiB, 7.88 W; @1786727776
0, 0 %, 0 MiB, 20.87 W;1, 0 %, 0 MiB, 22.86 W;2, 0 %, 0 MiB, 12.13 W;3, 0 %, 0 MiB, 7.97 W; @1786727780
0, 0 %, 0 MiB, 21.17 W;1, 0 %, 0 MiB, 23.07 W;2, 0 %, 0 MiB, 12.02 W;3, 0 %, 0 MiB, 7.98 W; @1786727783
0, 0 %, 0 MiB, 21.02 W;1, 0 %, 0 MiB, 22.74 W;2, 0 %, 0 MiB, 12.19 W;3, 0 %, 0 MiB, 7.83 W; @1786727786
0, 0 %, 0 MiB, 21.25 W;1, 0 %, 0 MiB, 21.94 W;2, 0 %, 0 MiB, 12.07 W;3, 0 %, 0 MiB, 8.06 W; @1786727789
0, 0 %, 0 MiB, 21.21 W;1, 0 %, 0 MiB, 21.88 W;2, 0 %, 0 MiB, 12.08 W;3, 0 %, 0 MiB, 8.26 W; @1786727792
0, 0 %, 0 MiB, 21.27 W;1, 0 %, 0 MiB, 22.03 W;2, 0 %, 0 MiB, 12.06 W;3, 0 %, 0 MiB, 8.01 W; @1786727795
0, 0 %, 0 MiB, 21.19 W;1, 0 %, 0 MiB, 22.40 W;2, 0 %, 0 MiB, 12.37 W;3, 0 %, 0 MiB, 8.02 W; @1786727798
0, 0 %, 0 MiB, 21.58 W;1, 0 %, 0 MiB, 22.43 W;2, 0 %, 0 MiB, 12.31 W;3, 0 %, 0 MiB, 7.58 W; @1786727801
0, 0 %, 0 MiB, 21.66 W;1, 0 %, 0 MiB, 22.09 W;2, 0 %, 0 MiB, 12.18 W;3, 0 %, 0 MiB, 7.68 W; @1786727804
0, 0 %, 0 MiB, 21.54 W;1, 0 %, 0 MiB, 22.51 W;2, 0 %, 0 MiB, 12.00 W;3, 0 %, 0 MiB, 7.34 W; @1786727808
0, 0 %, 0 MiB, 21.08 W;1, 0 %, 0 MiB, 22.91 W;2, 0 %, 0 MiB, 12.13 W;3, 0 %, 0 MiB, 7.75 W; @1786727811
0, 0 %, 0 MiB, 21.36 W;1, 0 %, 0 MiB, 22.42 W;2, 0 %, 0 MiB, 12.38 W;3, 0 %, 0 MiB, 6.62 W; @1786727816
0, 0 %, 0 MiB, 21.45 W;1, 0 %, 0 MiB, 23.03 W;2, 0 %, 0 MiB, 12.13 W;3, 0 %, 0 MiB, 8.19 W; @1786727819
0, 0 %, 0 MiB, 21.35 W;1, 0 %, 0 MiB, 23.58 W;2, 0 %, 0 MiB, 12.02 W;3, 0 %, 0 MiB, 8.27 W; @1786727822
0, 0 %, 0 MiB, 21.26 W;1, 0 %, 0 MiB, 22.99 W;2, 0 %, 0 MiB, 12.07 W;3, 0 %, 0 MiB, 8.08 W; @1786727825
0, 0 %, 0 MiB, 21.33 W;1, 0 %, 0 MiB, 23.53 W;2, 0 %, 0 MiB, 12.40 W;3, 0 %, 0 MiB, 8.04 W; @1786727828
0, 0 %, 0 MiB, 21.18 W;1, 0 %, 0 MiB, 23.04 W;2, 0 %, 0 MiB, 12.59 W;3, 0 %, 0 MiB, 7.97 W; @1786727831
0, 0 %, 0 MiB, 21.29 W;1, 0 %, 0 MiB, 22.92 W;2, 0 %, 0 MiB, 12.55 W;3, 0 %, 0 MiB, 8.36 W; @1786727834
0, 0 %, 0 MiB, 21.22 W;1, 0 %, 0 MiB, 23.00 W;2, 0 %, 0 MiB, 12.34 W;3, 0 %, 0 MiB, 8.48 W; @1786727837
0, 0 %, 0 MiB, 21.35 W;1, 0 %, 0 MiB, 22.75 W;2, 0 %, 0 MiB, 12.38 W;3, 0 %, 0 MiB, 8.44 W; @1786727841
0, 0 %, 0 MiB, 21.47 W;1, 0 %, 0 MiB, 22.45 W;2, 0 %, 0 MiB, 12.35 W;3, 0 %, 0 MiB, 8.42 W; @1786727844
0, 0 %, 0 MiB, 21.41 W;1, 0 %, 0 MiB, 22.98 W;2, 0 %, 0 MiB, 12.34 W;3, 0 %, 0 MiB, 8.70 W; @1786727847
0, 0 %, 0 MiB, 21.27 W;1, 0 %, 0 MiB, 23.68 W;2, 0 %, 0 MiB, 12.28 W;3, 0 %, 0 MiB, 8.40 W; @1786727850
0, 0 %, 0 MiB, 21.23 W;1, 0 %, 0 MiB, 23.03 W;2, 0 %, 0 MiB, 12.33 W;3, 0 %, 0 MiB, 8.16 W; @1786727853
0, 0 %, 0 MiB, 20.97 W;1, 0 %, 0 MiB, 22.68 W;2, 0 %, 0 MiB, 12.37 W;3, 0 %, 0 MiB, 8.16 W; @1786727856
0, 0 %, 0 MiB, 21.12 W;1, 0 %, 0 MiB, 22.63 W;2, 0 %, 0 MiB, 12.33 W;3, 0 %, 0 MiB, 8.08 W; @1786727859
0, 0 %, 0 MiB, 21.25 W;1, 0 %, 0 MiB, 22.33 W;2, 0 %, 0 MiB, 12.06 W;3, 0 %, 0 MiB, 8.34 W; @1786727862
0, 0 %, 0 MiB, 20.82 W;1, 0 %, 0 MiB, 22.96 W;2, 0 %, 0 MiB, 12.05 W;3, 0 %, 0 MiB, 7.95 W; @1786727865
0, 0 %, 0 MiB, 21.20 W;1, 0 %, 0 MiB, 23.25 W;2, 0 %, 0 MiB, 12.22 W;3, 0 %, 0 MiB, 8.20 W; @1786727868
0, 0 %, 0 MiB, 21.47 W;1, 0 %, 0 MiB, 22.97 W;2, 0 %, 0 MiB, 12.28 W;3, 0 %, 0 MiB, 8.68 W; @1786727872
0, 0 %, 0 MiB, 21.05 W;1, 0 %, 0 MiB, 22.03 W;2, 0 %, 0 MiB, 12.19 W;3, 0 %, 0 MiB, 8.48 W; @1786727875
0, 0 %, 0 MiB, 20.86 W;1, 0 %, 0 MiB, 22.78 W;2, 0 %, 0 MiB, 12.18 W;3, 0 %, 0 MiB, 8.44 W; @1786727878
0, 0 %, 0 MiB, 21.35 W;1, 0 %, 0 MiB, 22.40 W;2, 0 %, 0 MiB, 12.35 W;3, 0 %, 0 MiB, 8.03 W; @1786727881
0, 0 %, 0 MiB, 21.05 W;1, 0 %, 0 MiB, 22.14 W;2, 0 %, 0 MiB, 12.07 W;3, 0 %, 0 MiB, 7.99 W; @1786727884
0, 0 %, 0 MiB, 21.29 W;1, 0 %, 0 MiB, 22.23 W;2, 0 %, 0 MiB, 12.15 W;3, 0 %, 0 MiB, 8.24 W; @1786727887
0, 0 %, 0 MiB, 21.28 W;1, 0 %, 0 MiB, 22.31 W;2, 0 %, 0 MiB, 12.04 W;3, 0 %, 0 MiB, 8.21 W; @1786727890
